figure_id,paper_id,field,figure_image_path
FIG_00000001,2605.30353v1,AI,figures/AI/FIG_00000001.png
FIG_00000002,2605.30353v1,AI,figures/AI/FIG_00000002.png
FIG_00000003,2605.30351v1,AI,figures/AI/FIG_00000003.png
FIG_00000004,2605.30351v1,AI,figures/AI/FIG_00000004.png
FIG_00000005,2605.30351v1,AI,figures/AI/FIG_00000005.png
FIG_00000006,2605.30351v1,AI,figures/AI/FIG_00000006.png
FIG_00000007,2605.30351v1,AI,figures/AI/FIG_00000007.png
FIG_00000008,2605.30351v1,AI,figures/AI/FIG_00000008.png
FIG_00000009,2605.30351v1,AI,figures/AI/FIG_00000009.png
FIG_00000010,2605.30351v1,AI,figures/AI/FIG_00000010.png
FIG_00000011,2605.30351v1,AI,figures/AI/FIG_00000011.png
FIG_00000012,2605.30348v1,AI,figures/AI/FIG_00000012.png
FIG_00000013,2605.30348v1,AI,figures/AI/FIG_00000013.png
FIG_00000014,2605.30348v1,AI,figures/AI/FIG_00000014.png
FIG_00000015,2605.30348v1,AI,figures/AI/FIG_00000015.png
FIG_00000016,2605.30348v1,AI,figures/AI/FIG_00000016.png
FIG_00000017,2605.30348v1,AI,figures/AI/FIG_00000017.png
FIG_00000018,2605.30345v1,AI,figures/AI/FIG_00000018.png
FIG_00000019,2605.30345v1,AI,figures/AI/FIG_00000019.png
FIG_00000020,2605.30345v1,AI,figures/AI/FIG_00000020.png
FIG_00000021,2605.30345v1,AI,figures/AI/FIG_00000021.png
FIG_00000022,2605.30345v1,AI,figures/AI/FIG_00000022.png
FIG_00000023,2605.30345v1,AI,figures/AI/FIG_00000023.png
FIG_00000024,2605.30345v1,AI,figures/AI/FIG_00000024.png
FIG_00000025,2605.30345v1,AI,figures/AI/FIG_00000025.png
FIG_00000026,2605.30344v1,AI,figures/AI/FIG_00000026.png
FIG_00000027,2605.30344v1,AI,figures/AI/FIG_00000027.png
FIG_00000028,2605.30344v1,AI,figures/AI/FIG_00000028.png
FIG_00000029,2605.30344v1,AI,figures/AI/FIG_00000029.png
FIG_00000030,2605.30344v1,AI,figures/AI/FIG_00000030.png
FIG_00000031,2605.30344v1,AI,figures/AI/FIG_00000031.png
FIG_00000032,2605.30344v1,AI,figures/AI/FIG_00000032.png
FIG_00000033,2605.30344v1,AI,figures/AI/FIG_00000033.png
FIG_00000034,2605.30343v1,AI,figures/AI/FIG_00000034.png
FIG_00000035,2605.30343v1,AI,figures/AI/FIG_00000035.png
FIG_00000036,2605.30343v1,AI,figures/AI/FIG_00000036.png
FIG_00000037,2605.30343v1,AI,figures/AI/FIG_00000037.png
FIG_00000038,2605.30343v1,AI,figures/AI/FIG_00000038.png
FIG_00000039,2605.30343v1,AI,figures/AI/FIG_00000039.png
FIG_00000040,2605.30343v1,AI,figures/AI/FIG_00000040.png
FIG_00000041,2605.30343v1,AI,figures/AI/FIG_00000041.png
FIG_00000042,2605.30343v1,AI,figures/AI/FIG_00000042.png
FIG_00000043,2605.30343v1,AI,figures/AI/FIG_00000043.png
FIG_00000044,2605.30343v1,AI,figures/AI/FIG_00000044.png
FIG_00000045,2605.30343v1,AI,figures/AI/FIG_00000045.png
FIG_00000046,2605.30343v1,AI,figures/AI/FIG_00000046.png
FIG_00000047,2605.30343v1,AI,figures/AI/FIG_00000047.png
FIG_00000048,2605.30343v1,AI,figures/AI/FIG_00000048.png
FIG_00000049,2605.30341v1,AI,figures/AI/FIG_00000049.png
FIG_00000050,2605.30341v1,AI,figures/AI/FIG_00000050.png
FIG_00000051,2605.30341v1,AI,figures/AI/FIG_00000051.png
FIG_00000052,2605.30341v1,AI,figures/AI/FIG_00000052.png
FIG_00000053,2605.30341v1,AI,figures/AI/FIG_00000053.png
FIG_00000054,2605.30341v1,AI,figures/AI/FIG_00000054.png
FIG_00000055,2605.30341v1,AI,figures/AI/FIG_00000055.png
FIG_00000056,2605.30341v1,AI,figures/AI/FIG_00000056.png
FIG_00000057,2605.30341v1,AI,figures/AI/FIG_00000057.png
FIG_00000058,2605.30341v1,AI,figures/AI/FIG_00000058.png
FIG_00000059,2605.30341v1,AI,figures/AI/FIG_00000059.png
FIG_00000060,2605.30341v1,AI,figures/AI/FIG_00000060.png
FIG_00000061,2605.30341v1,AI,figures/AI/FIG_00000061.png
FIG_00000062,2605.30341v1,AI,figures/AI/FIG_00000062.png
FIG_00000063,2605.30341v1,AI,figures/AI/FIG_00000063.png
FIG_00000064,2605.30341v1,AI,figures/AI/FIG_00000064.png
FIG_00000065,2605.30341v1,AI,figures/AI/FIG_00000065.png
FIG_00000066,2605.30341v1,AI,figures/AI/FIG_00000066.png
FIG_00000067,2605.30341v1,AI,figures/AI/FIG_00000067.png
FIG_00000068,2605.30341v1,AI,figures/AI/FIG_00000068.png
FIG_00000069,2605.30341v1,AI,figures/AI/FIG_00000069.png
FIG_00000070,2605.30341v1,AI,figures/AI/FIG_00000070.png
FIG_00000071,2605.30341v1,AI,figures/AI/FIG_00000071.png
FIG_00000072,2605.30341v1,AI,figures/AI/FIG_00000072.png
FIG_00000073,2605.30341v1,AI,figures/AI/FIG_00000073.png
FIG_00000074,2605.30341v1,AI,figures/AI/FIG_00000074.png
FIG_00000075,2605.30341v1,AI,figures/AI/FIG_00000075.png
FIG_00000076,2605.30341v1,AI,figures/AI/FIG_00000076.png
FIG_00000077,2605.30341v1,AI,figures/AI/FIG_00000077.png
FIG_00000078,2605.30341v1,AI,figures/AI/FIG_00000078.png
FIG_00000079,2605.30341v1,AI,figures/AI/FIG_00000079.png
FIG_00000080,2605.30341v1,AI,figures/AI/FIG_00000080.png
FIG_00000081,2605.30341v1,AI,figures/AI/FIG_00000081.png
FIG_00000082,2605.30341v1,AI,figures/AI/FIG_00000082.png
FIG_00000083,2605.30341v1,AI,figures/AI/FIG_00000083.png
FIG_00000084,2605.30335v1,AI,figures/AI/FIG_00000084.png
FIG_00000085,2605.30335v1,AI,figures/AI/FIG_00000085.png
FIG_00000086,2605.30335v1,AI,figures/AI/FIG_00000086.png
FIG_00000087,2605.30335v1,AI,figures/AI/FIG_00000087.png
FIG_00000088,2605.30335v1,AI,figures/AI/FIG_00000088.png
FIG_00000089,2605.30335v1,AI,figures/AI/FIG_00000089.png
FIG_00000090,2605.30335v1,AI,figures/AI/FIG_00000090.png
FIG_00000091,2605.30334v1,AI,figures/AI/FIG_00000091.png
FIG_00000092,2605.30334v1,AI,figures/AI/FIG_00000092.png
FIG_00000093,2605.30334v1,AI,figures/AI/FIG_00000093.png
FIG_00000094,2605.30334v1,AI,figures/AI/FIG_00000094.png
FIG_00000095,2605.30334v1,AI,figures/AI/FIG_00000095.png
FIG_00000096,2605.30334v1,AI,figures/AI/FIG_00000096.png
FIG_00000097,2605.30334v1,AI,figures/AI/FIG_00000097.png
FIG_00000098,2605.30327v1,AI,figures/AI/FIG_00000098.png
FIG_00000099,2605.30327v1,AI,figures/AI/FIG_00000099.png
FIG_00000100,2605.30327v1,AI,figures/AI/FIG_00000100.png
FIG_00000101,2605.30327v1,AI,figures/AI/FIG_00000101.png
FIG_00000102,2605.30327v1,AI,figures/AI/FIG_00000102.png
FIG_00000103,2605.30327v1,AI,figures/AI/FIG_00000103.png
FIG_00000104,2605.30327v1,AI,figures/AI/FIG_00000104.png
FIG_00000105,2605.30327v1,AI,figures/AI/FIG_00000105.png
FIG_00000106,2605.30327v1,AI,figures/AI/FIG_00000106.png
FIG_00000107,2605.30350v1,ML,figures/ML/FIG_00000107.png
FIG_00000108,2605.30350v1,ML,figures/ML/FIG_00000108.png
FIG_00000109,2605.30350v1,ML,figures/ML/FIG_00000109.png
FIG_00000110,2605.30350v1,ML,figures/ML/FIG_00000110.png
FIG_00000111,2605.30350v1,ML,figures/ML/FIG_00000111.png
FIG_00000112,2605.30350v1,ML,figures/ML/FIG_00000112.png
FIG_00000113,2605.30350v1,ML,figures/ML/FIG_00000113.png
FIG_00000114,2605.30350v1,ML,figures/ML/FIG_00000114.png
FIG_00000115,2605.30350v1,ML,figures/ML/FIG_00000115.png
FIG_00000116,2605.30350v1,ML,figures/ML/FIG_00000116.png
FIG_00000117,2605.30350v1,ML,figures/ML/FIG_00000117.png
FIG_00000118,2605.30350v1,ML,figures/ML/FIG_00000118.png
FIG_00000119,2605.30350v1,ML,figures/ML/FIG_00000119.png
FIG_00000120,2605.30337v1,ML,figures/ML/FIG_00000120.png
FIG_00000121,2605.30337v1,ML,figures/ML/FIG_00000121.png
FIG_00000122,2605.30337v1,ML,figures/ML/FIG_00000122.png
FIG_00000123,2605.30337v1,ML,figures/ML/FIG_00000123.png
FIG_00000124,2605.30337v1,ML,figures/ML/FIG_00000124.png
FIG_00000125,2605.30337v1,ML,figures/ML/FIG_00000125.png
FIG_00000126,2605.30337v1,ML,figures/ML/FIG_00000126.png
FIG_00000127,2605.30337v1,ML,figures/ML/FIG_00000127.png
FIG_00000128,2605.30337v1,ML,figures/ML/FIG_00000128.png
FIG_00000129,2605.30337v1,ML,figures/ML/FIG_00000129.png
FIG_00000130,2605.30337v1,ML,figures/ML/FIG_00000130.png
FIG_00000131,2605.30337v1,ML,figures/ML/FIG_00000131.png
FIG_00000132,2605.30337v1,ML,figures/ML/FIG_00000132.png
FIG_00000133,2605.30337v1,ML,figures/ML/FIG_00000133.png
FIG_00000134,2605.30337v1,ML,figures/ML/FIG_00000134.png
FIG_00000135,2605.30337v1,ML,figures/ML/FIG_00000135.png
FIG_00000136,2605.30336v1,ML,figures/ML/FIG_00000136.png
FIG_00000137,2605.30336v1,ML,figures/ML/FIG_00000137.png
FIG_00000138,2605.30330v1,ML,figures/ML/FIG_00000138.png
FIG_00000139,2605.30330v1,ML,figures/ML/FIG_00000139.png
FIG_00000140,2605.30330v1,ML,figures/ML/FIG_00000140.png
FIG_00000141,2605.30330v1,ML,figures/ML/FIG_00000141.png
FIG_00000142,2605.30330v1,ML,figures/ML/FIG_00000142.png
FIG_00000143,2605.30330v1,ML,figures/ML/FIG_00000143.png
FIG_00000144,2605.30330v1,ML,figures/ML/FIG_00000144.png
FIG_00000145,2605.30330v1,ML,figures/ML/FIG_00000145.png
FIG_00000146,2605.30330v1,ML,figures/ML/FIG_00000146.png
FIG_00000147,2605.30330v1,ML,figures/ML/FIG_00000147.png
FIG_00000148,2605.30330v1,ML,figures/ML/FIG_00000148.png
FIG_00000149,2605.30330v1,ML,figures/ML/FIG_00000149.png
FIG_00000150,2605.30330v1,ML,figures/ML/FIG_00000150.png
FIG_00000151,2605.30330v1,ML,figures/ML/FIG_00000151.png
FIG_00000152,2605.30330v1,ML,figures/ML/FIG_00000152.png
FIG_00000153,2605.30330v1,ML,figures/ML/FIG_00000153.png
FIG_00000154,2605.30330v1,ML,figures/ML/FIG_00000154.png
FIG_00000155,2605.30330v1,ML,figures/ML/FIG_00000155.png
FIG_00000156,2605.30330v1,ML,figures/ML/FIG_00000156.png
FIG_00000157,2605.30330v1,ML,figures/ML/FIG_00000157.png
FIG_00000158,2605.30330v1,ML,figures/ML/FIG_00000158.png
FIG_00000159,2605.30330v1,ML,figures/ML/FIG_00000159.png
FIG_00000160,2605.30330v1,ML,figures/ML/FIG_00000160.png
FIG_00000161,2605.30330v1,ML,figures/ML/FIG_00000161.png
FIG_00000162,2605.30329v1,ML,figures/ML/FIG_00000162.png
FIG_00000163,2605.30329v1,ML,figures/ML/FIG_00000163.png
FIG_00000164,2605.30329v1,ML,figures/ML/FIG_00000164.png
FIG_00000165,2605.30329v1,ML,figures/ML/FIG_00000165.png
FIG_00000166,2605.30329v1,ML,figures/ML/FIG_00000166.png
FIG_00000167,2605.30329v1,ML,figures/ML/FIG_00000167.png
FIG_00000168,2605.30329v1,ML,figures/ML/FIG_00000168.png
FIG_00000169,2605.30329v1,ML,figures/ML/FIG_00000169.png
FIG_00000170,2605.30329v1,ML,figures/ML/FIG_00000170.png
FIG_00000171,2605.30329v1,ML,figures/ML/FIG_00000171.png
FIG_00000172,2605.30329v1,ML,figures/ML/FIG_00000172.png
FIG_00000173,2605.30329v1,ML,figures/ML/FIG_00000173.png
FIG_00000174,2605.30329v1,ML,figures/ML/FIG_00000174.png
FIG_00000175,2605.30329v1,ML,figures/ML/FIG_00000175.png
FIG_00000176,2605.30329v1,ML,figures/ML/FIG_00000176.png
FIG_00000177,2605.30329v1,ML,figures/ML/FIG_00000177.png
FIG_00000178,2605.30329v1,ML,figures/ML/FIG_00000178.png
FIG_00000179,2605.30329v1,ML,figures/ML/FIG_00000179.png
FIG_00000180,2605.30329v1,ML,figures/ML/FIG_00000180.png
FIG_00000181,2605.30323v1,ML,figures/ML/FIG_00000181.png
FIG_00000182,2605.30352v1,CV,figures/CV/FIG_00000182.png
FIG_00000183,2605.30352v1,CV,figures/CV/FIG_00000183.png
FIG_00000184,2605.30352v1,CV,figures/CV/FIG_00000184.png
FIG_00000185,2605.30352v1,CV,figures/CV/FIG_00000185.png
FIG_00000186,2605.30352v1,CV,figures/CV/FIG_00000186.png
FIG_00000187,2605.30352v1,CV,figures/CV/FIG_00000187.png
FIG_00000188,2605.30352v1,CV,figures/CV/FIG_00000188.png
FIG_00000189,2605.30352v1,CV,figures/CV/FIG_00000189.png
FIG_00000190,2605.30352v1,CV,figures/CV/FIG_00000190.png
FIG_00000191,2605.30352v1,CV,figures/CV/FIG_00000191.png
FIG_00000192,2605.30352v1,CV,figures/CV/FIG_00000192.png
FIG_00000193,2605.30349v1,CV,figures/CV/FIG_00000193.png
FIG_00000194,2605.30349v1,CV,figures/CV/FIG_00000194.png
FIG_00000195,2605.30349v1,CV,figures/CV/FIG_00000195.png
FIG_00000196,2605.30349v1,CV,figures/CV/FIG_00000196.png
FIG_00000197,2605.30349v1,CV,figures/CV/FIG_00000197.png
FIG_00000198,2605.30349v1,CV,figures/CV/FIG_00000198.png
FIG_00000199,2605.30347v1,CV,figures/CV/FIG_00000199.png
FIG_00000200,2605.30347v1,CV,figures/CV/FIG_00000200.png
FIG_00000201,2605.30347v1,CV,figures/CV/FIG_00000201.png
FIG_00000202,2605.30347v1,CV,figures/CV/FIG_00000202.png
FIG_00000203,2605.30347v1,CV,figures/CV/FIG_00000203.png
FIG_00000204,2605.30347v1,CV,figures/CV/FIG_00000204.png
FIG_00000205,2605.30347v1,CV,figures/CV/FIG_00000205.png
FIG_00000206,2605.30347v1,CV,figures/CV/FIG_00000206.png
FIG_00000207,2605.30347v1,CV,figures/CV/FIG_00000207.png
FIG_00000208,2605.30347v1,CV,figures/CV/FIG_00000208.png
FIG_00000209,2605.30347v1,CV,figures/CV/FIG_00000209.png
FIG_00000210,2605.30346v1,CV,figures/CV/FIG_00000210.png
FIG_00000211,2605.30346v1,CV,figures/CV/FIG_00000211.png
FIG_00000212,2605.30346v1,CV,figures/CV/FIG_00000212.png
FIG_00000213,2605.30346v1,CV,figures/CV/FIG_00000213.png
FIG_00000214,2605.30346v1,CV,figures/CV/FIG_00000214.png
FIG_00000215,2605.30346v1,CV,figures/CV/FIG_00000215.png
FIG_00000216,2605.30346v1,CV,figures/CV/FIG_00000216.png
FIG_00000217,2605.30346v1,CV,figures/CV/FIG_00000217.png
FIG_00000218,2605.30346v1,CV,figures/CV/FIG_00000218.png
FIG_00000219,2605.30346v1,CV,figures/CV/FIG_00000219.png
FIG_00000220,2605.30346v1,CV,figures/CV/FIG_00000220.png
FIG_00000221,2605.30346v1,CV,figures/CV/FIG_00000221.png
FIG_00000222,2605.30346v1,CV,figures/CV/FIG_00000222.png
FIG_00000223,2605.30346v1,CV,figures/CV/FIG_00000223.png
FIG_00000224,2605.30346v1,CV,figures/CV/FIG_00000224.png
FIG_00000225,2605.30342v1,CV,figures/CV/FIG_00000225.png
FIG_00000226,2605.30342v1,CV,figures/CV/FIG_00000226.png
FIG_00000227,2605.30342v1,CV,figures/CV/FIG_00000227.png
FIG_00000228,2605.30342v1,CV,figures/CV/FIG_00000228.png
FIG_00000229,2605.30342v1,CV,figures/CV/FIG_00000229.png
FIG_00000230,2605.30342v1,CV,figures/CV/FIG_00000230.png
FIG_00000231,2605.30342v1,CV,figures/CV/FIG_00000231.png
FIG_00000232,2605.30342v1,CV,figures/CV/FIG_00000232.png
FIG_00000233,2605.30342v1,CV,figures/CV/FIG_00000233.png
FIG_00000234,2605.30342v1,CV,figures/CV/FIG_00000234.png
FIG_00000235,2605.30339v1,CV,figures/CV/FIG_00000235.png
FIG_00000236,2605.30339v1,CV,figures/CV/FIG_00000236.png
FIG_00000237,2605.30339v1,CV,figures/CV/FIG_00000237.png
FIG_00000238,2605.30339v1,CV,figures/CV/FIG_00000238.png
FIG_00000239,2605.30339v1,CV,figures/CV/FIG_00000239.png
FIG_00000240,2605.30339v1,CV,figures/CV/FIG_00000240.png
FIG_00000241,2605.30339v1,CV,figures/CV/FIG_00000241.png
FIG_00000242,2605.30339v1,CV,figures/CV/FIG_00000242.png
FIG_00000243,2605.30339v1,CV,figures/CV/FIG_00000243.png
FIG_00000244,2605.30339v1,CV,figures/CV/FIG_00000244.png
FIG_00000245,2605.30339v1,CV,figures/CV/FIG_00000245.png
FIG_00000246,2605.30339v1,CV,figures/CV/FIG_00000246.png
FIG_00000247,2605.30338v1,CV,figures/CV/FIG_00000247.png
FIG_00000248,2605.30338v1,CV,figures/CV/FIG_00000248.png
FIG_00000249,2605.30338v1,CV,figures/CV/FIG_00000249.png
FIG_00000250,2605.30338v1,CV,figures/CV/FIG_00000250.png
FIG_00000251,2605.30338v1,CV,figures/CV/FIG_00000251.png
FIG_00000252,2605.30338v1,CV,figures/CV/FIG_00000252.png
FIG_00000253,2605.30338v1,CV,figures/CV/FIG_00000253.png
FIG_00000254,2605.30338v1,CV,figures/CV/FIG_00000254.png
FIG_00000255,2605.30338v1,CV,figures/CV/FIG_00000255.png
FIG_00000256,2605.30338v1,CV,figures/CV/FIG_00000256.png
FIG_00000257,2605.30338v1,CV,figures/CV/FIG_00000257.png
FIG_00000258,2605.30338v1,CV,figures/CV/FIG_00000258.png
FIG_00000259,2605.30338v1,CV,figures/CV/FIG_00000259.png
FIG_00000260,2605.30338v1,CV,figures/CV/FIG_00000260.png
FIG_00000261,2605.30338v1,CV,figures/CV/FIG_00000261.png
FIG_00000262,2605.30338v1,CV,figures/CV/FIG_00000262.png
FIG_00000263,2605.30338v1,CV,figures/CV/FIG_00000263.png
FIG_00000264,2605.30332v1,CV,figures/CV/FIG_00000264.png
FIG_00000265,2605.30332v1,CV,figures/CV/FIG_00000265.png
FIG_00000266,2605.30332v1,CV,figures/CV/FIG_00000266.png
FIG_00000267,2605.30332v1,CV,figures/CV/FIG_00000267.png
FIG_00000268,2605.30332v1,CV,figures/CV/FIG_00000268.png
FIG_00000269,2605.30332v1,CV,figures/CV/FIG_00000269.png
FIG_00000270,2605.30332v1,CV,figures/CV/FIG_00000270.png
FIG_00000271,2605.30332v1,CV,figures/CV/FIG_00000271.png
FIG_00000272,2605.30326v1,ROBOTICS,figures/ROBOTICS/FIG_00000272.png
FIG_00000273,2605.30326v1,ROBOTICS,figures/ROBOTICS/FIG_00000273.png
FIG_00000274,2605.30326v1,ROBOTICS,figures/ROBOTICS/FIG_00000274.png
FIG_00000275,2605.30326v1,ROBOTICS,figures/ROBOTICS/FIG_00000275.png
FIG_00000276,2605.30326v1,ROBOTICS,figures/ROBOTICS/FIG_00000276.png
FIG_00000277,2605.30326v1,ROBOTICS,figures/ROBOTICS/FIG_00000277.png
FIG_00000278,2605.30326v1,ROBOTICS,figures/ROBOTICS/FIG_00000278.png
FIG_00000279,2605.30326v1,ROBOTICS,figures/ROBOTICS/FIG_00000279.png
FIG_00000280,2605.30326v1,ROBOTICS,figures/ROBOTICS/FIG_00000280.png
FIG_00000281,2605.30326v1,ROBOTICS,figures/ROBOTICS/FIG_00000281.png
FIG_00000282,2605.30313v1,ROBOTICS,figures/ROBOTICS/FIG_00000282.png
FIG_00000283,2605.30313v1,ROBOTICS,figures/ROBOTICS/FIG_00000283.png
FIG_00000284,2605.30313v1,ROBOTICS,figures/ROBOTICS/FIG_00000284.png
FIG_00000285,2605.30313v1,ROBOTICS,figures/ROBOTICS/FIG_00000285.png
FIG_00000286,2605.30313v1,ROBOTICS,figures/ROBOTICS/FIG_00000286.png
FIG_00000287,2605.30313v1,ROBOTICS,figures/ROBOTICS/FIG_00000287.png
FIG_00000288,2605.30313v1,ROBOTICS,figures/ROBOTICS/FIG_00000288.png
FIG_00000289,2605.30313v1,ROBOTICS,figures/ROBOTICS/FIG_00000289.png
FIG_00000290,2605.30313v1,ROBOTICS,figures/ROBOTICS/FIG_00000290.png
FIG_00000291,2605.30313v1,ROBOTICS,figures/ROBOTICS/FIG_00000291.png
FIG_00000292,2605.30313v1,ROBOTICS,figures/ROBOTICS/FIG_00000292.png
FIG_00000293,2605.30313v1,ROBOTICS,figures/ROBOTICS/FIG_00000293.png
FIG_00000294,2605.30282v1,ROBOTICS,figures/ROBOTICS/FIG_00000294.png
FIG_00000295,2605.30282v1,ROBOTICS,figures/ROBOTICS/FIG_00000295.png
FIG_00000296,2605.30282v1,ROBOTICS,figures/ROBOTICS/FIG_00000296.png
FIG_00000297,2605.30282v1,ROBOTICS,figures/ROBOTICS/FIG_00000297.png
FIG_00000298,2605.30282v1,ROBOTICS,figures/ROBOTICS/FIG_00000298.png
FIG_00000299,2605.30280v1,ROBOTICS,figures/ROBOTICS/FIG_00000299.png
FIG_00000300,2605.30280v1,ROBOTICS,figures/ROBOTICS/FIG_00000300.png
FIG_00000301,2605.30280v1,ROBOTICS,figures/ROBOTICS/FIG_00000301.png
FIG_00000302,2605.30280v1,ROBOTICS,figures/ROBOTICS/FIG_00000302.png
FIG_00000303,2605.30280v1,ROBOTICS,figures/ROBOTICS/FIG_00000303.png
FIG_00000304,2605.30280v1,ROBOTICS,figures/ROBOTICS/FIG_00000304.png
FIG_00000305,2605.30280v1,ROBOTICS,figures/ROBOTICS/FIG_00000305.png
FIG_00000306,2605.30280v1,ROBOTICS,figures/ROBOTICS/FIG_00000306.png
FIG_00000307,2605.30226v1,ROBOTICS,figures/ROBOTICS/FIG_00000307.png
FIG_00000308,2605.30226v1,ROBOTICS,figures/ROBOTICS/FIG_00000308.png
FIG_00000309,2605.30226v1,ROBOTICS,figures/ROBOTICS/FIG_00000309.png
FIG_00000310,2605.30226v1,ROBOTICS,figures/ROBOTICS/FIG_00000310.png
FIG_00000311,2605.30226v1,ROBOTICS,figures/ROBOTICS/FIG_00000311.png
FIG_00000312,2605.30226v1,ROBOTICS,figures/ROBOTICS/FIG_00000312.png
FIG_00000313,2605.30226v1,ROBOTICS,figures/ROBOTICS/FIG_00000313.png
FIG_00000314,2605.30226v1,ROBOTICS,figures/ROBOTICS/FIG_00000314.png
FIG_00000315,2605.30226v1,ROBOTICS,figures/ROBOTICS/FIG_00000315.png
FIG_00000316,2605.30226v1,ROBOTICS,figures/ROBOTICS/FIG_00000316.png
FIG_00000317,2605.30056v1,ROBOTICS,figures/ROBOTICS/FIG_00000317.png
FIG_00000318,2605.30056v1,ROBOTICS,figures/ROBOTICS/FIG_00000318.png
FIG_00000319,2605.30056v1,ROBOTICS,figures/ROBOTICS/FIG_00000319.png
FIG_00000320,2605.30056v1,ROBOTICS,figures/ROBOTICS/FIG_00000320.png
FIG_00000321,2605.30056v1,ROBOTICS,figures/ROBOTICS/FIG_00000321.png
FIG_00000322,2605.30056v1,ROBOTICS,figures/ROBOTICS/FIG_00000322.png
FIG_00000323,2605.30056v1,ROBOTICS,figures/ROBOTICS/FIG_00000323.png
FIG_00000324,2605.30056v1,ROBOTICS,figures/ROBOTICS/FIG_00000324.png
FIG_00000325,2605.30056v1,ROBOTICS,figures/ROBOTICS/FIG_00000325.png
FIG_00000326,2605.29973v1,ROBOTICS,figures/ROBOTICS/FIG_00000326.png
FIG_00000327,2605.29973v1,ROBOTICS,figures/ROBOTICS/FIG_00000327.png
FIG_00000328,2605.29973v1,ROBOTICS,figures/ROBOTICS/FIG_00000328.png
FIG_00000329,2605.29973v1,ROBOTICS,figures/ROBOTICS/FIG_00000329.png
FIG_00000330,2605.29973v1,ROBOTICS,figures/ROBOTICS/FIG_00000330.png
FIG_00000331,2605.29937v1,ROBOTICS,figures/ROBOTICS/FIG_00000331.png
FIG_00000332,2605.29937v1,ROBOTICS,figures/ROBOTICS/FIG_00000332.png
FIG_00000333,2605.29937v1,ROBOTICS,figures/ROBOTICS/FIG_00000333.png
FIG_00000334,2605.29937v1,ROBOTICS,figures/ROBOTICS/FIG_00000334.png
FIG_00000335,2605.29937v1,ROBOTICS,figures/ROBOTICS/FIG_00000335.png
FIG_00000336,2605.29937v1,ROBOTICS,figures/ROBOTICS/FIG_00000336.png
FIG_00000337,2605.29937v1,ROBOTICS,figures/ROBOTICS/FIG_00000337.png
FIG_00000338,2605.29937v1,ROBOTICS,figures/ROBOTICS/FIG_00000338.png
FIG_00000339,2605.29937v1,ROBOTICS,figures/ROBOTICS/FIG_00000339.png
FIG_00000340,2605.29937v1,ROBOTICS,figures/ROBOTICS/FIG_00000340.png
FIG_00000341,2605.29937v1,ROBOTICS,figures/ROBOTICS/FIG_00000341.png
FIG_00000342,2605.29937v1,ROBOTICS,figures/ROBOTICS/FIG_00000342.png
FIG_00000343,2605.30269v1,IMAGING,figures/IMAGING/FIG_00000343.png
FIG_00000344,2605.30269v1,IMAGING,figures/IMAGING/FIG_00000344.png
FIG_00000345,2605.29942v1,IMAGING,figures/IMAGING/FIG_00000345.png
FIG_00000346,2605.29942v1,IMAGING,figures/IMAGING/FIG_00000346.png
FIG_00000347,2605.29942v1,IMAGING,figures/IMAGING/FIG_00000347.png
FIG_00000348,2605.29942v1,IMAGING,figures/IMAGING/FIG_00000348.png
FIG_00000349,2605.29942v1,IMAGING,figures/IMAGING/FIG_00000349.png
FIG_00000350,2605.29942v1,IMAGING,figures/IMAGING/FIG_00000350.png
FIG_00000351,2605.29942v1,IMAGING,figures/IMAGING/FIG_00000351.png
FIG_00000352,2605.29942v1,IMAGING,figures/IMAGING/FIG_00000352.png
FIG_00000353,2605.29942v1,IMAGING,figures/IMAGING/FIG_00000353.png
FIG_00000354,2605.29942v1,IMAGING,figures/IMAGING/FIG_00000354.png
FIG_00000355,2605.29942v1,IMAGING,figures/IMAGING/FIG_00000355.png
FIG_00000356,2605.29942v1,IMAGING,figures/IMAGING/FIG_00000356.png
FIG_00000357,2605.29942v1,IMAGING,figures/IMAGING/FIG_00000357.png
FIG_00000358,2605.29942v1,IMAGING,figures/IMAGING/FIG_00000358.png
FIG_00000359,2605.29942v1,IMAGING,figures/IMAGING/FIG_00000359.png
FIG_00000360,2605.29942v1,IMAGING,figures/IMAGING/FIG_00000360.png
FIG_00000361,2605.29942v1,IMAGING,figures/IMAGING/FIG_00000361.png
FIG_00000362,2605.29808v1,IMAGING,figures/IMAGING/FIG_00000362.png
FIG_00000363,2605.29808v1,IMAGING,figures/IMAGING/FIG_00000363.png
FIG_00000364,2605.29808v1,IMAGING,figures/IMAGING/FIG_00000364.png
FIG_00000365,2605.29808v1,IMAGING,figures/IMAGING/FIG_00000365.png
FIG_00000366,2605.29808v1,IMAGING,figures/IMAGING/FIG_00000366.png
FIG_00000367,2605.29808v1,IMAGING,figures/IMAGING/FIG_00000367.png
FIG_00000368,2605.29808v1,IMAGING,figures/IMAGING/FIG_00000368.png
FIG_00000369,2605.29808v1,IMAGING,figures/IMAGING/FIG_00000369.png
FIG_00000370,2605.29808v1,IMAGING,figures/IMAGING/FIG_00000370.png
FIG_00000371,2605.29808v1,IMAGING,figures/IMAGING/FIG_00000371.png
FIG_00000372,2605.29808v1,IMAGING,figures/IMAGING/FIG_00000372.png
FIG_00000373,2605.29808v1,IMAGING,figures/IMAGING/FIG_00000373.png
FIG_00000374,2605.29808v1,IMAGING,figures/IMAGING/FIG_00000374.png
FIG_00000375,2605.29808v1,IMAGING,figures/IMAGING/FIG_00000375.png
FIG_00000376,2605.29798v1,IMAGING,figures/IMAGING/FIG_00000376.png
FIG_00000377,2605.29798v1,IMAGING,figures/IMAGING/FIG_00000377.png
FIG_00000378,2605.29798v1,IMAGING,figures/IMAGING/FIG_00000378.png
FIG_00000379,2605.29798v1,IMAGING,figures/IMAGING/FIG_00000379.png
FIG_00000380,2605.29798v1,IMAGING,figures/IMAGING/FIG_00000380.png
FIG_00000381,2605.29798v1,IMAGING,figures/IMAGING/FIG_00000381.png
FIG_00000382,2605.29753v1,IMAGING,figures/IMAGING/FIG_00000382.png
FIG_00000383,2605.29753v1,IMAGING,figures/IMAGING/FIG_00000383.png
FIG_00000384,2605.29753v1,IMAGING,figures/IMAGING/FIG_00000384.png
FIG_00000385,2605.29753v1,IMAGING,figures/IMAGING/FIG_00000385.png
FIG_00000386,2605.29415v1,IMAGING,figures/IMAGING/FIG_00000386.png
FIG_00000387,2605.29415v1,IMAGING,figures/IMAGING/FIG_00000387.png
FIG_00000388,2605.29415v1,IMAGING,figures/IMAGING/FIG_00000388.png
FIG_00000389,2605.29415v1,IMAGING,figures/IMAGING/FIG_00000389.png
FIG_00000390,2605.29415v1,IMAGING,figures/IMAGING/FIG_00000390.png
FIG_00000391,2605.29415v1,IMAGING,figures/IMAGING/FIG_00000391.png
FIG_00000392,2605.29415v1,IMAGING,figures/IMAGING/FIG_00000392.png
FIG_00000393,2605.29415v1,IMAGING,figures/IMAGING/FIG_00000393.png
FIG_00000394,2605.29415v1,IMAGING,figures/IMAGING/FIG_00000394.png
FIG_00000395,2605.29163v1,IMAGING,figures/IMAGING/FIG_00000395.png
FIG_00000396,2605.29163v1,IMAGING,figures/IMAGING/FIG_00000396.png
FIG_00000397,2605.29163v1,IMAGING,figures/IMAGING/FIG_00000397.png
FIG_00000398,2605.29063v1,IMAGING,figures/IMAGING/FIG_00000398.png
FIG_00000399,2605.29063v1,IMAGING,figures/IMAGING/FIG_00000399.png
FIG_00000400,2605.29063v1,IMAGING,figures/IMAGING/FIG_00000400.png
FIG_00000401,2605.29063v1,IMAGING,figures/IMAGING/FIG_00000401.png
FIG_00000402,2605.29063v1,IMAGING,figures/IMAGING/FIG_00000402.png
FIG_00000403,2605.29063v1,IMAGING,figures/IMAGING/FIG_00000403.png
FIG_00000404,2605.28992v1,IMAGING,figures/IMAGING/FIG_00000404.png
FIG_00000405,2605.28992v1,IMAGING,figures/IMAGING/FIG_00000405.png
FIG_00000406,2605.28992v1,IMAGING,figures/IMAGING/FIG_00000406.png
FIG_00000407,2605.28697v1,IMAGING,figures/IMAGING/FIG_00000407.png
FIG_00000408,2605.28697v1,IMAGING,figures/IMAGING/FIG_00000408.png
FIG_00000409,2605.28697v1,IMAGING,figures/IMAGING/FIG_00000409.png
FIG_00000410,2605.28697v1,IMAGING,figures/IMAGING/FIG_00000410.png
FIG_00000411,2605.28697v1,IMAGING,figures/IMAGING/FIG_00000411.png
FIG_00000412,2605.30322v1,AI,figures/AI/FIG_00000412.png
FIG_00000413,2605.30322v1,AI,figures/AI/FIG_00000413.png
FIG_00000414,2605.30322v1,AI,figures/AI/FIG_00000414.png
FIG_00000415,2605.30322v1,AI,figures/AI/FIG_00000415.png
FIG_00000416,2605.30322v1,AI,figures/AI/FIG_00000416.png
FIG_00000417,2605.30322v1,AI,figures/AI/FIG_00000417.png
FIG_00000418,2605.30322v1,AI,figures/AI/FIG_00000418.png
FIG_00000419,2605.30322v1,AI,figures/AI/FIG_00000419.png
FIG_00000420,2605.30318v1,AI,figures/AI/FIG_00000420.png
FIG_00000421,2605.30318v1,AI,figures/AI/FIG_00000421.png
FIG_00000422,2605.30318v1,AI,figures/AI/FIG_00000422.png
FIG_00000423,2605.30318v1,AI,figures/AI/FIG_00000423.png
FIG_00000424,2605.30318v1,AI,figures/AI/FIG_00000424.png
FIG_00000425,2605.30318v1,AI,figures/AI/FIG_00000425.png
FIG_00000426,2605.30311v1,AI,figures/AI/FIG_00000426.png
FIG_00000427,2605.30311v1,AI,figures/AI/FIG_00000427.png
FIG_00000428,2605.30311v1,AI,figures/AI/FIG_00000428.png
FIG_00000429,2605.30311v1,AI,figures/AI/FIG_00000429.png
FIG_00000430,2605.30311v1,AI,figures/AI/FIG_00000430.png
FIG_00000431,2605.30311v1,AI,figures/AI/FIG_00000431.png
FIG_00000432,2605.30311v1,AI,figures/AI/FIG_00000432.png
FIG_00000433,2605.30311v1,AI,figures/AI/FIG_00000433.png
FIG_00000434,2605.30311v1,AI,figures/AI/FIG_00000434.png
FIG_00000435,2605.30311v1,AI,figures/AI/FIG_00000435.png
FIG_00000436,2605.30310v1,AI,figures/AI/FIG_00000436.png
FIG_00000437,2605.30310v1,AI,figures/AI/FIG_00000437.png
FIG_00000438,2605.30310v1,AI,figures/AI/FIG_00000438.png
FIG_00000439,2605.30310v1,AI,figures/AI/FIG_00000439.png
FIG_00000440,2605.30310v1,AI,figures/AI/FIG_00000440.png
FIG_00000441,2605.30310v1,AI,figures/AI/FIG_00000441.png
FIG_00000442,2605.30310v1,AI,figures/AI/FIG_00000442.png
FIG_00000443,2605.30295v1,AI,figures/AI/FIG_00000443.png
FIG_00000444,2605.30290v1,AI,figures/AI/FIG_00000444.png
FIG_00000445,2605.30290v1,AI,figures/AI/FIG_00000445.png
FIG_00000446,2605.30290v1,AI,figures/AI/FIG_00000446.png
FIG_00000447,2605.30290v1,AI,figures/AI/FIG_00000447.png
FIG_00000448,2605.30290v1,AI,figures/AI/FIG_00000448.png
FIG_00000449,2605.30290v1,AI,figures/AI/FIG_00000449.png
FIG_00000450,2605.30290v1,AI,figures/AI/FIG_00000450.png
FIG_00000451,2605.30290v1,AI,figures/AI/FIG_00000451.png
FIG_00000452,2605.30290v1,AI,figures/AI/FIG_00000452.png
FIG_00000453,2605.30290v1,AI,figures/AI/FIG_00000453.png
FIG_00000454,2605.30290v1,AI,figures/AI/FIG_00000454.png
FIG_00000455,2605.30288v1,AI,figures/AI/FIG_00000455.png
FIG_00000456,2605.30288v1,AI,figures/AI/FIG_00000456.png
FIG_00000457,2605.30288v1,AI,figures/AI/FIG_00000457.png
FIG_00000458,2605.30288v1,AI,figures/AI/FIG_00000458.png
FIG_00000459,2605.30288v1,AI,figures/AI/FIG_00000459.png
FIG_00000460,2605.30284v1,AI,figures/AI/FIG_00000460.png
FIG_00000461,2605.30284v1,AI,figures/AI/FIG_00000461.png
FIG_00000462,2605.30284v1,AI,figures/AI/FIG_00000462.png
FIG_00000463,2605.30284v1,AI,figures/AI/FIG_00000463.png
FIG_00000464,2605.30283v1,AI,figures/AI/FIG_00000464.png
FIG_00000465,2605.30274v1,AI,figures/AI/FIG_00000465.png
FIG_00000466,2605.30274v1,AI,figures/AI/FIG_00000466.png
FIG_00000467,2605.30274v1,AI,figures/AI/FIG_00000467.png
FIG_00000468,2605.30274v1,AI,figures/AI/FIG_00000468.png
FIG_00000469,2605.30274v1,AI,figures/AI/FIG_00000469.png
FIG_00000470,2605.30274v1,AI,figures/AI/FIG_00000470.png
FIG_00000471,2605.30273v1,AI,figures/AI/FIG_00000471.png
FIG_00000472,2605.30268v1,AI,figures/AI/FIG_00000472.png
FIG_00000473,2605.30268v1,AI,figures/AI/FIG_00000473.png
FIG_00000474,2605.30268v1,AI,figures/AI/FIG_00000474.png
FIG_00000475,2605.30268v1,AI,figures/AI/FIG_00000475.png
FIG_00000476,2605.30268v1,AI,figures/AI/FIG_00000476.png
FIG_00000477,2605.30268v1,AI,figures/AI/FIG_00000477.png
FIG_00000478,2605.30268v1,AI,figures/AI/FIG_00000478.png
FIG_00000479,2605.30260v1,AI,figures/AI/FIG_00000479.png
FIG_00000480,2605.30260v1,AI,figures/AI/FIG_00000480.png
FIG_00000481,2605.30260v1,AI,figures/AI/FIG_00000481.png
FIG_00000482,2605.30260v1,AI,figures/AI/FIG_00000482.png
FIG_00000483,2605.30260v1,AI,figures/AI/FIG_00000483.png
FIG_00000484,2605.30260v1,AI,figures/AI/FIG_00000484.png
FIG_00000485,2605.30260v1,AI,figures/AI/FIG_00000485.png
FIG_00000486,2605.30260v1,AI,figures/AI/FIG_00000486.png
FIG_00000487,2605.30260v1,AI,figures/AI/FIG_00000487.png
FIG_00000488,2605.30260v1,AI,figures/AI/FIG_00000488.png
FIG_00000489,2605.30260v1,AI,figures/AI/FIG_00000489.png
FIG_00000490,2605.30260v1,AI,figures/AI/FIG_00000490.png
FIG_00000491,2605.30260v1,AI,figures/AI/FIG_00000491.png
FIG_00000492,2605.30260v1,AI,figures/AI/FIG_00000492.png
FIG_00000493,2605.30251v1,AI,figures/AI/FIG_00000493.png
FIG_00000494,2605.30251v1,AI,figures/AI/FIG_00000494.png
FIG_00000495,2605.30251v1,AI,figures/AI/FIG_00000495.png
FIG_00000496,2605.30251v1,AI,figures/AI/FIG_00000496.png
FIG_00000497,2605.30251v1,AI,figures/AI/FIG_00000497.png
FIG_00000498,2605.30244v1,AI,figures/AI/FIG_00000498.png
FIG_00000499,2605.30244v1,AI,figures/AI/FIG_00000499.png
FIG_00000500,2605.30244v1,AI,figures/AI/FIG_00000500.png
FIG_00000501,2605.30233v1,AI,figures/AI/FIG_00000501.png
FIG_00000502,2605.30233v1,AI,figures/AI/FIG_00000502.png
FIG_00000503,2605.30233v1,AI,figures/AI/FIG_00000503.png
FIG_00000504,2605.30233v1,AI,figures/AI/FIG_00000504.png
FIG_00000505,2605.30233v1,AI,figures/AI/FIG_00000505.png
FIG_00000506,2605.30233v1,AI,figures/AI/FIG_00000506.png
FIG_00000507,2605.30233v1,AI,figures/AI/FIG_00000507.png
FIG_00000508,2605.30233v1,AI,figures/AI/FIG_00000508.png
FIG_00000509,2605.30233v1,AI,figures/AI/FIG_00000509.png
FIG_00000510,2605.30233v1,AI,figures/AI/FIG_00000510.png
FIG_00000511,2605.30233v1,AI,figures/AI/FIG_00000511.png
FIG_00000512,2605.30233v1,AI,figures/AI/FIG_00000512.png
FIG_00000513,2605.30233v1,AI,figures/AI/FIG_00000513.png
FIG_00000514,2605.30233v1,AI,figures/AI/FIG_00000514.png
FIG_00000515,2605.30233v1,AI,figures/AI/FIG_00000515.png
FIG_00000516,2605.30233v1,AI,figures/AI/FIG_00000516.png
FIG_00000517,2605.30233v1,AI,figures/AI/FIG_00000517.png
FIG_00000518,2605.30233v1,AI,figures/AI/FIG_00000518.png
FIG_00000519,2605.30233v1,AI,figures/AI/FIG_00000519.png
FIG_00000520,2605.30233v1,AI,figures/AI/FIG_00000520.png
FIG_00000521,2605.30233v1,AI,figures/AI/FIG_00000521.png
FIG_00000522,2605.30233v1,AI,figures/AI/FIG_00000522.png
FIG_00000523,2605.30233v1,AI,figures/AI/FIG_00000523.png
FIG_00000524,2605.30233v1,AI,figures/AI/FIG_00000524.png
FIG_00000525,2605.30233v1,AI,figures/AI/FIG_00000525.png
FIG_00000526,2605.30233v1,AI,figures/AI/FIG_00000526.png
FIG_00000527,2605.30233v1,AI,figures/AI/FIG_00000527.png
FIG_00000528,2605.30233v1,AI,figures/AI/FIG_00000528.png
FIG_00000529,2605.30233v1,AI,figures/AI/FIG_00000529.png
FIG_00000530,2605.30233v1,AI,figures/AI/FIG_00000530.png
FIG_00000531,2605.30233v1,AI,figures/AI/FIG_00000531.png
FIG_00000532,2605.30233v1,AI,figures/AI/FIG_00000532.png
FIG_00000533,2605.30233v1,AI,figures/AI/FIG_00000533.png
FIG_00000534,2605.30233v1,AI,figures/AI/FIG_00000534.png
FIG_00000535,2605.30233v1,AI,figures/AI/FIG_00000535.png
FIG_00000536,2605.30233v1,AI,figures/AI/FIG_00000536.png
FIG_00000537,2605.30233v1,AI,figures/AI/FIG_00000537.png
FIG_00000538,2605.30233v1,AI,figures/AI/FIG_00000538.png
FIG_00000539,2605.30233v1,AI,figures/AI/FIG_00000539.png
FIG_00000540,2605.30233v1,AI,figures/AI/FIG_00000540.png
FIG_00000541,2605.30233v1,AI,figures/AI/FIG_00000541.png
FIG_00000542,2605.30233v1,AI,figures/AI/FIG_00000542.png
FIG_00000543,2605.30231v1,AI,figures/AI/FIG_00000543.png
FIG_00000544,2605.30231v1,AI,figures/AI/FIG_00000544.png
FIG_00000545,2605.30231v1,AI,figures/AI/FIG_00000545.png
FIG_00000546,2605.30231v1,AI,figures/AI/FIG_00000546.png
FIG_00000547,2605.30227v1,AI,figures/AI/FIG_00000547.png
FIG_00000548,2605.30227v1,AI,figures/AI/FIG_00000548.png
FIG_00000549,2605.30227v1,AI,figures/AI/FIG_00000549.png
FIG_00000550,2605.30227v1,AI,figures/AI/FIG_00000550.png
FIG_00000551,2605.30219v1,AI,figures/AI/FIG_00000551.png
FIG_00000552,2605.30219v1,AI,figures/AI/FIG_00000552.png
FIG_00000553,2605.30219v1,AI,figures/AI/FIG_00000553.png
FIG_00000554,2605.30219v1,AI,figures/AI/FIG_00000554.png
FIG_00000555,2605.30219v1,AI,figures/AI/FIG_00000555.png
FIG_00000556,2605.30219v1,AI,figures/AI/FIG_00000556.png
FIG_00000557,2605.30219v1,AI,figures/AI/FIG_00000557.png
FIG_00000558,2605.30219v1,AI,figures/AI/FIG_00000558.png
FIG_00000559,2605.30219v1,AI,figures/AI/FIG_00000559.png
FIG_00000560,2605.30208v1,AI,figures/AI/FIG_00000560.png
FIG_00000561,2605.30208v1,AI,figures/AI/FIG_00000561.png
FIG_00000562,2605.30208v1,AI,figures/AI/FIG_00000562.png
FIG_00000563,2605.30201v1,AI,figures/AI/FIG_00000563.png
FIG_00000564,2605.30201v1,AI,figures/AI/FIG_00000564.png
FIG_00000565,2605.30201v1,AI,figures/AI/FIG_00000565.png
FIG_00000566,2605.30201v1,AI,figures/AI/FIG_00000566.png
FIG_00000567,2605.30201v1,AI,figures/AI/FIG_00000567.png
FIG_00000568,2605.30201v1,AI,figures/AI/FIG_00000568.png
FIG_00000569,2605.30200v1,AI,figures/AI/FIG_00000569.png
FIG_00000570,2605.30200v1,AI,figures/AI/FIG_00000570.png
FIG_00000571,2605.30200v1,AI,figures/AI/FIG_00000571.png
FIG_00000572,2605.30195v1,AI,figures/AI/FIG_00000572.png
FIG_00000573,2605.30195v1,AI,figures/AI/FIG_00000573.png
FIG_00000574,2605.30195v1,AI,figures/AI/FIG_00000574.png
FIG_00000575,2605.30195v1,AI,figures/AI/FIG_00000575.png
FIG_00000576,2605.30195v1,AI,figures/AI/FIG_00000576.png
FIG_00000577,2605.30195v1,AI,figures/AI/FIG_00000577.png
FIG_00000578,2605.30195v1,AI,figures/AI/FIG_00000578.png
FIG_00000579,2605.30195v1,AI,figures/AI/FIG_00000579.png
FIG_00000580,2605.30188v1,AI,figures/AI/FIG_00000580.png
FIG_00000581,2605.30188v1,AI,figures/AI/FIG_00000581.png
FIG_00000582,2605.30188v1,AI,figures/AI/FIG_00000582.png
FIG_00000583,2605.30188v1,AI,figures/AI/FIG_00000583.png
FIG_00000584,2605.30188v1,AI,figures/AI/FIG_00000584.png
FIG_00000585,2605.30188v1,AI,figures/AI/FIG_00000585.png
FIG_00000586,2605.30188v1,AI,figures/AI/FIG_00000586.png
FIG_00000587,2605.30188v1,AI,figures/AI/FIG_00000587.png
FIG_00000588,2605.30188v1,AI,figures/AI/FIG_00000588.png
FIG_00000589,2605.30188v1,AI,figures/AI/FIG_00000589.png
FIG_00000590,2605.30187v1,AI,figures/AI/FIG_00000590.png
FIG_00000591,2605.30187v1,AI,figures/AI/FIG_00000591.png
FIG_00000592,2605.30187v1,AI,figures/AI/FIG_00000592.png
FIG_00000593,2605.30187v1,AI,figures/AI/FIG_00000593.png
FIG_00000594,2605.30179v1,AI,figures/AI/FIG_00000594.png
FIG_00000595,2605.30179v1,AI,figures/AI/FIG_00000595.png
FIG_00000596,2605.30179v1,AI,figures/AI/FIG_00000596.png
FIG_00000597,2605.30179v1,AI,figures/AI/FIG_00000597.png
FIG_00000598,2605.30179v1,AI,figures/AI/FIG_00000598.png
FIG_00000599,2605.30169v1,AI,figures/AI/FIG_00000599.png
FIG_00000600,2605.30169v1,AI,figures/AI/FIG_00000600.png
FIG_00000601,2605.30162v1,AI,figures/AI/FIG_00000601.png
FIG_00000602,2605.30162v1,AI,figures/AI/FIG_00000602.png
FIG_00000603,2605.30160v1,AI,figures/AI/FIG_00000603.png
FIG_00000604,2605.30160v1,AI,figures/AI/FIG_00000604.png
FIG_00000605,2605.30160v1,AI,figures/AI/FIG_00000605.png
FIG_00000606,2605.30160v1,AI,figures/AI/FIG_00000606.png
FIG_00000607,2605.30160v1,AI,figures/AI/FIG_00000607.png
FIG_00000608,2605.30160v1,AI,figures/AI/FIG_00000608.png
FIG_00000609,2605.30160v1,AI,figures/AI/FIG_00000609.png
FIG_00000610,2605.30159v1,AI,figures/AI/FIG_00000610.png
FIG_00000611,2605.30159v1,AI,figures/AI/FIG_00000611.png
FIG_00000612,2605.30159v1,AI,figures/AI/FIG_00000612.png
FIG_00000613,2605.30159v1,AI,figures/AI/FIG_00000613.png
FIG_00000614,2605.30159v1,AI,figures/AI/FIG_00000614.png
FIG_00000615,2605.30159v1,AI,figures/AI/FIG_00000615.png
FIG_00000616,2605.30155v1,AI,figures/AI/FIG_00000616.png
FIG_00000617,2605.30155v1,AI,figures/AI/FIG_00000617.png
FIG_00000618,2605.30155v1,AI,figures/AI/FIG_00000618.png
FIG_00000619,2605.30155v1,AI,figures/AI/FIG_00000619.png
FIG_00000620,2605.30155v1,AI,figures/AI/FIG_00000620.png
FIG_00000621,2605.30155v1,AI,figures/AI/FIG_00000621.png
FIG_00000622,2605.30155v1,AI,figures/AI/FIG_00000622.png
FIG_00000623,2605.30152v1,AI,figures/AI/FIG_00000623.png
FIG_00000624,2605.30152v1,AI,figures/AI/FIG_00000624.png
FIG_00000625,2605.30152v1,AI,figures/AI/FIG_00000625.png
FIG_00000626,2605.30152v1,AI,figures/AI/FIG_00000626.png
FIG_00000627,2605.30152v1,AI,figures/AI/FIG_00000627.png
FIG_00000628,2605.30151v1,AI,figures/AI/FIG_00000628.png
FIG_00000629,2605.30150v1,AI,figures/AI/FIG_00000629.png
FIG_00000630,2605.30150v1,AI,figures/AI/FIG_00000630.png
FIG_00000631,2605.30150v1,AI,figures/AI/FIG_00000631.png
FIG_00000632,2605.30150v1,AI,figures/AI/FIG_00000632.png
FIG_00000633,2605.30148v1,AI,figures/AI/FIG_00000633.png
FIG_00000634,2605.30148v1,AI,figures/AI/FIG_00000634.png
FIG_00000635,2605.30148v1,AI,figures/AI/FIG_00000635.png
FIG_00000636,2605.30148v1,AI,figures/AI/FIG_00000636.png
FIG_00000637,2605.30148v1,AI,figures/AI/FIG_00000637.png
FIG_00000638,2605.30148v1,AI,figures/AI/FIG_00000638.png
FIG_00000639,2605.30148v1,AI,figures/AI/FIG_00000639.png
FIG_00000640,2605.30148v1,AI,figures/AI/FIG_00000640.png
FIG_00000641,2605.30148v1,AI,figures/AI/FIG_00000641.png
FIG_00000642,2605.30148v1,AI,figures/AI/FIG_00000642.png
FIG_00000643,2605.30148v1,AI,figures/AI/FIG_00000643.png
FIG_00000644,2605.30144v1,AI,figures/AI/FIG_00000644.png
FIG_00000645,2605.30144v1,AI,figures/AI/FIG_00000645.png
FIG_00000646,2605.30144v1,AI,figures/AI/FIG_00000646.png
FIG_00000647,2605.30144v1,AI,figures/AI/FIG_00000647.png
FIG_00000648,2605.30144v1,AI,figures/AI/FIG_00000648.png
FIG_00000649,2605.30144v1,AI,figures/AI/FIG_00000649.png
FIG_00000650,2605.30144v1,AI,figures/AI/FIG_00000650.png
FIG_00000651,2605.30144v1,AI,figures/AI/FIG_00000651.png
FIG_00000652,2605.30144v1,AI,figures/AI/FIG_00000652.png
FIG_00000653,2605.30144v1,AI,figures/AI/FIG_00000653.png
FIG_00000654,2605.30144v1,AI,figures/AI/FIG_00000654.png
FIG_00000655,2605.30136v1,AI,figures/AI/FIG_00000655.png
FIG_00000656,2605.30136v1,AI,figures/AI/FIG_00000656.png
FIG_00000657,2605.30136v1,AI,figures/AI/FIG_00000657.png
FIG_00000658,2605.30136v1,AI,figures/AI/FIG_00000658.png
FIG_00000659,2605.30135v1,AI,figures/AI/FIG_00000659.png
FIG_00000660,2605.30135v1,AI,figures/AI/FIG_00000660.png
FIG_00000661,2605.30126v1,AI,figures/AI/FIG_00000661.png
FIG_00000662,2605.30126v1,AI,figures/AI/FIG_00000662.png
FIG_00000663,2605.30126v1,AI,figures/AI/FIG_00000663.png
FIG_00000664,2605.30126v1,AI,figures/AI/FIG_00000664.png
FIG_00000665,2605.30126v1,AI,figures/AI/FIG_00000665.png
FIG_00000666,2605.30122v1,AI,figures/AI/FIG_00000666.png
FIG_00000667,2605.30122v1,AI,figures/AI/FIG_00000667.png
FIG_00000668,2605.30122v1,AI,figures/AI/FIG_00000668.png
FIG_00000669,2605.30122v1,AI,figures/AI/FIG_00000669.png
FIG_00000670,2605.30122v1,AI,figures/AI/FIG_00000670.png
FIG_00000671,2605.30120v1,AI,figures/AI/FIG_00000671.png
FIG_00000672,2605.30120v1,AI,figures/AI/FIG_00000672.png
FIG_00000673,2605.30120v1,AI,figures/AI/FIG_00000673.png
FIG_00000674,2605.30120v1,AI,figures/AI/FIG_00000674.png
FIG_00000675,2605.30119v1,AI,figures/AI/FIG_00000675.png
FIG_00000676,2605.30119v1,AI,figures/AI/FIG_00000676.png
FIG_00000677,2605.30119v1,AI,figures/AI/FIG_00000677.png
FIG_00000678,2605.30119v1,AI,figures/AI/FIG_00000678.png
FIG_00000679,2605.30119v1,AI,figures/AI/FIG_00000679.png
FIG_00000680,2605.30119v1,AI,figures/AI/FIG_00000680.png
FIG_00000681,2605.30117v1,AI,figures/AI/FIG_00000681.png
FIG_00000682,2605.30117v1,AI,figures/AI/FIG_00000682.png
FIG_00000683,2605.30117v1,AI,figures/AI/FIG_00000683.png
FIG_00000684,2605.30117v1,AI,figures/AI/FIG_00000684.png
FIG_00000685,2605.30117v1,AI,figures/AI/FIG_00000685.png
FIG_00000686,2605.30117v1,AI,figures/AI/FIG_00000686.png
FIG_00000687,2605.30117v1,AI,figures/AI/FIG_00000687.png
FIG_00000688,2605.30117v1,AI,figures/AI/FIG_00000688.png
FIG_00000689,2605.30117v1,AI,figures/AI/FIG_00000689.png
FIG_00000690,2605.30117v1,AI,figures/AI/FIG_00000690.png
FIG_00000691,2605.30117v1,AI,figures/AI/FIG_00000691.png
FIG_00000692,2605.30117v1,AI,figures/AI/FIG_00000692.png
FIG_00000693,2605.30117v1,AI,figures/AI/FIG_00000693.png
FIG_00000694,2605.30117v1,AI,figures/AI/FIG_00000694.png
FIG_00000695,2605.30117v1,AI,figures/AI/FIG_00000695.png
FIG_00000696,2605.30117v1,AI,figures/AI/FIG_00000696.png
FIG_00000697,2605.30117v1,AI,figures/AI/FIG_00000697.png
FIG_00000698,2605.30117v1,AI,figures/AI/FIG_00000698.png
FIG_00000699,2605.30117v1,AI,figures/AI/FIG_00000699.png
FIG_00000700,2605.30117v1,AI,figures/AI/FIG_00000700.png
FIG_00000701,2605.30117v1,AI,figures/AI/FIG_00000701.png
FIG_00000702,2605.30111v1,AI,figures/AI/FIG_00000702.png
FIG_00000703,2605.30111v1,AI,figures/AI/FIG_00000703.png
FIG_00000704,2605.30111v1,AI,figures/AI/FIG_00000704.png
FIG_00000705,2605.30102v1,AI,figures/AI/FIG_00000705.png
FIG_00000706,2605.30102v1,AI,figures/AI/FIG_00000706.png
FIG_00000707,2605.30102v1,AI,figures/AI/FIG_00000707.png
FIG_00000708,2605.30102v1,AI,figures/AI/FIG_00000708.png
FIG_00000709,2605.30102v1,AI,figures/AI/FIG_00000709.png
FIG_00000710,2605.30102v1,AI,figures/AI/FIG_00000710.png
FIG_00000711,2605.30102v1,AI,figures/AI/FIG_00000711.png
FIG_00000712,2605.30102v1,AI,figures/AI/FIG_00000712.png
FIG_00000713,2605.30102v1,AI,figures/AI/FIG_00000713.png
FIG_00000714,2605.30102v1,AI,figures/AI/FIG_00000714.png
FIG_00000715,2605.30102v1,AI,figures/AI/FIG_00000715.png
FIG_00000716,2605.30102v1,AI,figures/AI/FIG_00000716.png
FIG_00000717,2605.30102v1,AI,figures/AI/FIG_00000717.png
FIG_00000718,2605.30102v1,AI,figures/AI/FIG_00000718.png
FIG_00000719,2605.30096v1,AI,figures/AI/FIG_00000719.png
FIG_00000720,2605.30096v1,AI,figures/AI/FIG_00000720.png
FIG_00000721,2605.30096v1,AI,figures/AI/FIG_00000721.png
FIG_00000722,2605.30096v1,AI,figures/AI/FIG_00000722.png
FIG_00000723,2605.30096v1,AI,figures/AI/FIG_00000723.png
FIG_00000724,2605.30096v1,AI,figures/AI/FIG_00000724.png
FIG_00000725,2605.30096v1,AI,figures/AI/FIG_00000725.png
FIG_00000726,2605.30094v1,AI,figures/AI/FIG_00000726.png
FIG_00000727,2605.30094v1,AI,figures/AI/FIG_00000727.png
FIG_00000728,2605.30094v1,AI,figures/AI/FIG_00000728.png
FIG_00000729,2605.30087v1,AI,figures/AI/FIG_00000729.png
FIG_00000730,2605.30087v1,AI,figures/AI/FIG_00000730.png
FIG_00000731,2605.30087v1,AI,figures/AI/FIG_00000731.png
FIG_00000732,2605.30087v1,AI,figures/AI/FIG_00000732.png
FIG_00000733,2605.30087v1,AI,figures/AI/FIG_00000733.png
FIG_00000734,2605.30085v1,AI,figures/AI/FIG_00000734.png
FIG_00000735,2605.30085v1,AI,figures/AI/FIG_00000735.png
FIG_00000736,2605.30085v1,AI,figures/AI/FIG_00000736.png
FIG_00000737,2605.30070v1,AI,figures/AI/FIG_00000737.png
FIG_00000738,2605.30070v1,AI,figures/AI/FIG_00000738.png
FIG_00000739,2605.30070v1,AI,figures/AI/FIG_00000739.png
FIG_00000740,2605.30054v1,AI,figures/AI/FIG_00000740.png
FIG_00000741,2605.30054v1,AI,figures/AI/FIG_00000741.png
FIG_00000742,2605.30054v1,AI,figures/AI/FIG_00000742.png
FIG_00000743,2605.30052v1,AI,figures/AI/FIG_00000743.png
FIG_00000744,2605.30052v1,AI,figures/AI/FIG_00000744.png
FIG_00000745,2605.30052v1,AI,figures/AI/FIG_00000745.png
FIG_00000746,2605.30052v1,AI,figures/AI/FIG_00000746.png
FIG_00000747,2605.30052v1,AI,figures/AI/FIG_00000747.png
FIG_00000748,2605.30052v1,AI,figures/AI/FIG_00000748.png
FIG_00000749,2605.30052v1,AI,figures/AI/FIG_00000749.png
FIG_00000750,2605.30052v1,AI,figures/AI/FIG_00000750.png
FIG_00000751,2605.30052v1,AI,figures/AI/FIG_00000751.png
FIG_00000752,2605.30052v1,AI,figures/AI/FIG_00000752.png
FIG_00000753,2605.30052v1,AI,figures/AI/FIG_00000753.png
FIG_00000754,2605.30052v1,AI,figures/AI/FIG_00000754.png
FIG_00000755,2605.30049v1,AI,figures/AI/FIG_00000755.png
FIG_00000756,2605.30049v1,AI,figures/AI/FIG_00000756.png
FIG_00000757,2605.30049v1,AI,figures/AI/FIG_00000757.png
FIG_00000758,2605.30049v1,AI,figures/AI/FIG_00000758.png
FIG_00000759,2605.30049v1,AI,figures/AI/FIG_00000759.png
FIG_00000760,2605.30049v1,AI,figures/AI/FIG_00000760.png
FIG_00000761,2605.30049v1,AI,figures/AI/FIG_00000761.png
FIG_00000762,2605.30046v1,AI,figures/AI/FIG_00000762.png
FIG_00000763,2605.30046v1,AI,figures/AI/FIG_00000763.png
FIG_00000764,2605.30046v1,AI,figures/AI/FIG_00000764.png
FIG_00000765,2605.30046v1,AI,figures/AI/FIG_00000765.png
FIG_00000766,2605.30046v1,AI,figures/AI/FIG_00000766.png
FIG_00000767,2605.30042v1,AI,figures/AI/FIG_00000767.png
FIG_00000768,2605.30042v1,AI,figures/AI/FIG_00000768.png
FIG_00000769,2605.30042v1,AI,figures/AI/FIG_00000769.png
FIG_00000770,2605.30042v1,AI,figures/AI/FIG_00000770.png
FIG_00000771,2605.30040v1,AI,figures/AI/FIG_00000771.png
FIG_00000772,2605.30040v1,AI,figures/AI/FIG_00000772.png
FIG_00000773,2605.30040v1,AI,figures/AI/FIG_00000773.png
FIG_00000774,2605.30040v1,AI,figures/AI/FIG_00000774.png
FIG_00000775,2605.30040v1,AI,figures/AI/FIG_00000775.png
FIG_00000776,2605.30040v1,AI,figures/AI/FIG_00000776.png
FIG_00000777,2605.30040v1,AI,figures/AI/FIG_00000777.png
FIG_00000778,2605.30040v1,AI,figures/AI/FIG_00000778.png
FIG_00000779,2605.30040v1,AI,figures/AI/FIG_00000779.png
FIG_00000780,2605.30040v1,AI,figures/AI/FIG_00000780.png
FIG_00000781,2605.30040v1,AI,figures/AI/FIG_00000781.png
FIG_00000782,2605.30040v1,AI,figures/AI/FIG_00000782.png
FIG_00000783,2605.30040v1,AI,figures/AI/FIG_00000783.png
FIG_00000784,2605.30040v1,AI,figures/AI/FIG_00000784.png
FIG_00000785,2605.30040v1,AI,figures/AI/FIG_00000785.png
FIG_00000786,2605.30039v1,AI,figures/AI/FIG_00000786.png
FIG_00000787,2605.30039v1,AI,figures/AI/FIG_00000787.png
FIG_00000788,2605.30039v1,AI,figures/AI/FIG_00000788.png
FIG_00000789,2605.30039v1,AI,figures/AI/FIG_00000789.png
FIG_00000790,2605.30039v1,AI,figures/AI/FIG_00000790.png
FIG_00000791,2605.30039v1,AI,figures/AI/FIG_00000791.png
FIG_00000792,2605.30039v1,AI,figures/AI/FIG_00000792.png
FIG_00000793,2605.30039v1,AI,figures/AI/FIG_00000793.png
FIG_00000794,2605.30039v1,AI,figures/AI/FIG_00000794.png
FIG_00000795,2605.30039v1,AI,figures/AI/FIG_00000795.png
FIG_00000796,2605.30039v1,AI,figures/AI/FIG_00000796.png
FIG_00000797,2605.30039v1,AI,figures/AI/FIG_00000797.png
FIG_00000798,2605.30038v1,AI,figures/AI/FIG_00000798.png
FIG_00000799,2605.30038v1,AI,figures/AI/FIG_00000799.png
FIG_00000800,2605.30038v1,AI,figures/AI/FIG_00000800.png
FIG_00000801,2605.30038v1,AI,figures/AI/FIG_00000801.png
FIG_00000802,2605.30038v1,AI,figures/AI/FIG_00000802.png
FIG_00000803,2605.30038v1,AI,figures/AI/FIG_00000803.png
FIG_00000804,2605.30038v1,AI,figures/AI/FIG_00000804.png
FIG_00000805,2605.30038v1,AI,figures/AI/FIG_00000805.png
FIG_00000806,2605.30038v1,AI,figures/AI/FIG_00000806.png
FIG_00000807,2605.30036v1,AI,figures/AI/FIG_00000807.png
FIG_00000808,2605.30036v1,AI,figures/AI/FIG_00000808.png
FIG_00000809,2605.30036v1,AI,figures/AI/FIG_00000809.png
FIG_00000810,2605.30036v1,AI,figures/AI/FIG_00000810.png
FIG_00000811,2605.30036v1,AI,figures/AI/FIG_00000811.png
FIG_00000812,2605.30036v1,AI,figures/AI/FIG_00000812.png
FIG_00000813,2605.30036v1,AI,figures/AI/FIG_00000813.png
FIG_00000814,2605.30036v1,AI,figures/AI/FIG_00000814.png
FIG_00000815,2605.30036v1,AI,figures/AI/FIG_00000815.png
FIG_00000816,2605.30036v1,AI,figures/AI/FIG_00000816.png
FIG_00000817,2605.30036v1,AI,figures/AI/FIG_00000817.png
FIG_00000818,2605.30036v1,AI,figures/AI/FIG_00000818.png
FIG_00000819,2605.30031v1,AI,figures/AI/FIG_00000819.png
FIG_00000820,2605.30031v1,AI,figures/AI/FIG_00000820.png
FIG_00000821,2605.30031v1,AI,figures/AI/FIG_00000821.png
FIG_00000822,2605.30031v1,AI,figures/AI/FIG_00000822.png
FIG_00000823,2605.30029v1,AI,figures/AI/FIG_00000823.png
FIG_00000824,2605.30029v1,AI,figures/AI/FIG_00000824.png
FIG_00000825,2605.30029v1,AI,figures/AI/FIG_00000825.png
FIG_00000826,2605.30029v1,AI,figures/AI/FIG_00000826.png
FIG_00000827,2605.30029v1,AI,figures/AI/FIG_00000827.png
FIG_00000828,2605.30029v1,AI,figures/AI/FIG_00000828.png
FIG_00000829,2605.30029v1,AI,figures/AI/FIG_00000829.png
FIG_00000830,2605.30022v1,AI,figures/AI/FIG_00000830.png
FIG_00000831,2605.30022v1,AI,figures/AI/FIG_00000831.png
FIG_00000832,2605.30022v1,AI,figures/AI/FIG_00000832.png
FIG_00000833,2605.30022v1,AI,figures/AI/FIG_00000833.png
FIG_00000834,2605.30022v1,AI,figures/AI/FIG_00000834.png
FIG_00000835,2605.30022v1,AI,figures/AI/FIG_00000835.png
FIG_00000836,2605.30022v1,AI,figures/AI/FIG_00000836.png
FIG_00000837,2605.30022v1,AI,figures/AI/FIG_00000837.png
FIG_00000838,2605.30022v1,AI,figures/AI/FIG_00000838.png
FIG_00000839,2605.30022v1,AI,figures/AI/FIG_00000839.png
FIG_00000840,2605.30015v1,AI,figures/AI/FIG_00000840.png
FIG_00000841,2605.30015v1,AI,figures/AI/FIG_00000841.png
FIG_00000842,2605.30015v1,AI,figures/AI/FIG_00000842.png
FIG_00000843,2605.30014v1,AI,figures/AI/FIG_00000843.png
FIG_00000844,2605.30014v1,AI,figures/AI/FIG_00000844.png
FIG_00000845,2605.30014v1,AI,figures/AI/FIG_00000845.png
FIG_00000846,2605.30014v1,AI,figures/AI/FIG_00000846.png
FIG_00000847,2605.30014v1,AI,figures/AI/FIG_00000847.png
FIG_00000848,2605.30014v1,AI,figures/AI/FIG_00000848.png
FIG_00000849,2605.30014v1,AI,figures/AI/FIG_00000849.png
FIG_00000850,2605.30014v1,AI,figures/AI/FIG_00000850.png
FIG_00000851,2605.30014v1,AI,figures/AI/FIG_00000851.png
FIG_00000852,2605.30014v1,AI,figures/AI/FIG_00000852.png
FIG_00000853,2605.30014v1,AI,figures/AI/FIG_00000853.png
FIG_00000854,2605.30014v1,AI,figures/AI/FIG_00000854.png
FIG_00000855,2605.30014v1,AI,figures/AI/FIG_00000855.png
FIG_00000856,2605.30011v1,AI,figures/AI/FIG_00000856.png
FIG_00000857,2605.30011v1,AI,figures/AI/FIG_00000857.png
FIG_00000858,2605.30011v1,AI,figures/AI/FIG_00000858.png
FIG_00000859,2605.30011v1,AI,figures/AI/FIG_00000859.png
FIG_00000860,2605.30011v1,AI,figures/AI/FIG_00000860.png
FIG_00000861,2605.30011v1,AI,figures/AI/FIG_00000861.png
FIG_00000862,2605.30011v1,AI,figures/AI/FIG_00000862.png
FIG_00000863,2605.30011v1,AI,figures/AI/FIG_00000863.png
FIG_00000864,2605.30011v1,AI,figures/AI/FIG_00000864.png
FIG_00000865,2605.30011v1,AI,figures/AI/FIG_00000865.png
FIG_00000866,2605.30011v1,AI,figures/AI/FIG_00000866.png
FIG_00000867,2605.30003v1,AI,figures/AI/FIG_00000867.png
FIG_00000868,2605.30003v1,AI,figures/AI/FIG_00000868.png
FIG_00000869,2605.30003v1,AI,figures/AI/FIG_00000869.png
FIG_00000870,2605.30003v1,AI,figures/AI/FIG_00000870.png
FIG_00000871,2605.30003v1,AI,figures/AI/FIG_00000871.png
FIG_00000872,2605.30003v1,AI,figures/AI/FIG_00000872.png
FIG_00000873,2605.30003v1,AI,figures/AI/FIG_00000873.png
FIG_00000874,2605.30002v1,AI,figures/AI/FIG_00000874.png
FIG_00000875,2605.30002v1,AI,figures/AI/FIG_00000875.png
FIG_00000876,2605.30002v1,AI,figures/AI/FIG_00000876.png
FIG_00000877,2605.30002v1,AI,figures/AI/FIG_00000877.png
FIG_00000878,2605.30002v1,AI,figures/AI/FIG_00000878.png
FIG_00000879,2605.30002v1,AI,figures/AI/FIG_00000879.png
FIG_00000880,2605.30000v1,AI,figures/AI/FIG_00000880.png
FIG_00000881,2605.30000v1,AI,figures/AI/FIG_00000881.png
FIG_00000882,2605.30000v1,AI,figures/AI/FIG_00000882.png
FIG_00000883,2605.30000v1,AI,figures/AI/FIG_00000883.png
FIG_00000884,2605.30000v1,AI,figures/AI/FIG_00000884.png
FIG_00000885,2605.30000v1,AI,figures/AI/FIG_00000885.png
FIG_00000886,2605.30000v1,AI,figures/AI/FIG_00000886.png
FIG_00000887,2605.29986v1,AI,figures/AI/FIG_00000887.png
FIG_00000888,2605.29986v1,AI,figures/AI/FIG_00000888.png
FIG_00000889,2605.29986v1,AI,figures/AI/FIG_00000889.png
FIG_00000890,2605.29986v1,AI,figures/AI/FIG_00000890.png
FIG_00000891,2605.29986v1,AI,figures/AI/FIG_00000891.png
FIG_00000892,2605.29980v1,AI,figures/AI/FIG_00000892.png
FIG_00000893,2605.29980v1,AI,figures/AI/FIG_00000893.png
FIG_00000894,2605.29976v1,AI,figures/AI/FIG_00000894.png
FIG_00000895,2605.29976v1,AI,figures/AI/FIG_00000895.png
FIG_00000896,2605.29976v1,AI,figures/AI/FIG_00000896.png
FIG_00000897,2605.29976v1,AI,figures/AI/FIG_00000897.png
FIG_00000898,2605.29976v1,AI,figures/AI/FIG_00000898.png
FIG_00000899,2605.29976v1,AI,figures/AI/FIG_00000899.png
FIG_00000900,2605.29976v1,AI,figures/AI/FIG_00000900.png
FIG_00000901,2605.29976v1,AI,figures/AI/FIG_00000901.png
FIG_00000902,2605.29976v1,AI,figures/AI/FIG_00000902.png
FIG_00000903,2605.29976v1,AI,figures/AI/FIG_00000903.png
FIG_00000904,2605.29976v1,AI,figures/AI/FIG_00000904.png
FIG_00000905,2605.29976v1,AI,figures/AI/FIG_00000905.png
FIG_00000906,2605.29976v1,AI,figures/AI/FIG_00000906.png
FIG_00000907,2605.29976v1,AI,figures/AI/FIG_00000907.png
FIG_00000908,2605.29976v1,AI,figures/AI/FIG_00000908.png
FIG_00000909,2605.29976v1,AI,figures/AI/FIG_00000909.png
FIG_00000910,2605.29976v1,AI,figures/AI/FIG_00000910.png
FIG_00000911,2605.29976v1,AI,figures/AI/FIG_00000911.png
FIG_00000912,2605.29966v1,AI,figures/AI/FIG_00000912.png
FIG_00000913,2605.29966v1,AI,figures/AI/FIG_00000913.png
FIG_00000914,2605.29966v1,AI,figures/AI/FIG_00000914.png
FIG_00000915,2605.29966v1,AI,figures/AI/FIG_00000915.png
FIG_00000916,2605.29966v1,AI,figures/AI/FIG_00000916.png
FIG_00000917,2605.29966v1,AI,figures/AI/FIG_00000917.png
FIG_00000918,2605.29966v1,AI,figures/AI/FIG_00000918.png
FIG_00000919,2605.29965v1,AI,figures/AI/FIG_00000919.png
FIG_00000920,2605.29963v1,AI,figures/AI/FIG_00000920.png
FIG_00000921,2605.29963v1,AI,figures/AI/FIG_00000921.png
FIG_00000922,2605.29963v1,AI,figures/AI/FIG_00000922.png
FIG_00000923,2605.29960v1,AI,figures/AI/FIG_00000923.png
FIG_00000924,2605.29960v1,AI,figures/AI/FIG_00000924.png
FIG_00000925,2605.29960v1,AI,figures/AI/FIG_00000925.png
FIG_00000926,2605.29960v1,AI,figures/AI/FIG_00000926.png
FIG_00000927,2605.29960v1,AI,figures/AI/FIG_00000927.png
FIG_00000928,2605.29960v1,AI,figures/AI/FIG_00000928.png
FIG_00000929,2605.29960v1,AI,figures/AI/FIG_00000929.png
FIG_00000930,2605.29960v1,AI,figures/AI/FIG_00000930.png
FIG_00000931,2605.29960v1,AI,figures/AI/FIG_00000931.png
FIG_00000932,2605.29960v1,AI,figures/AI/FIG_00000932.png
FIG_00000933,2605.29960v1,AI,figures/AI/FIG_00000933.png
FIG_00000934,2605.29960v1,AI,figures/AI/FIG_00000934.png
FIG_00000935,2605.29960v1,AI,figures/AI/FIG_00000935.png
FIG_00000936,2605.29960v1,AI,figures/AI/FIG_00000936.png
FIG_00000937,2605.29960v1,AI,figures/AI/FIG_00000937.png
FIG_00000938,2605.29960v1,AI,figures/AI/FIG_00000938.png
FIG_00000939,2605.29960v1,AI,figures/AI/FIG_00000939.png
FIG_00000940,2605.29955v1,AI,figures/AI/FIG_00000940.png
FIG_00000941,2605.29955v1,AI,figures/AI/FIG_00000941.png
FIG_00000942,2605.29955v1,AI,figures/AI/FIG_00000942.png
FIG_00000943,2605.29955v1,AI,figures/AI/FIG_00000943.png
FIG_00000944,2605.29955v1,AI,figures/AI/FIG_00000944.png
FIG_00000945,2605.29955v1,AI,figures/AI/FIG_00000945.png
FIG_00000946,2605.29951v1,AI,figures/AI/FIG_00000946.png
FIG_00000947,2605.29951v1,AI,figures/AI/FIG_00000947.png
FIG_00000948,2605.29951v1,AI,figures/AI/FIG_00000948.png
FIG_00000949,2605.29951v1,AI,figures/AI/FIG_00000949.png
FIG_00000950,2605.29951v1,AI,figures/AI/FIG_00000950.png
FIG_00000951,2605.29951v1,AI,figures/AI/FIG_00000951.png
FIG_00000952,2605.29951v1,AI,figures/AI/FIG_00000952.png
FIG_00000953,2605.29951v1,AI,figures/AI/FIG_00000953.png
FIG_00000954,2605.29951v1,AI,figures/AI/FIG_00000954.png
FIG_00000955,2605.29951v1,AI,figures/AI/FIG_00000955.png
FIG_00000956,2605.29951v1,AI,figures/AI/FIG_00000956.png
FIG_00000957,2605.29951v1,AI,figures/AI/FIG_00000957.png
FIG_00000958,2605.29948v1,AI,figures/AI/FIG_00000958.png
FIG_00000959,2605.29948v1,AI,figures/AI/FIG_00000959.png
FIG_00000960,2605.29940v1,AI,figures/AI/FIG_00000960.png
FIG_00000961,2605.29940v1,AI,figures/AI/FIG_00000961.png
FIG_00000962,2605.29940v1,AI,figures/AI/FIG_00000962.png
FIG_00000963,2605.29940v1,AI,figures/AI/FIG_00000963.png
FIG_00000964,2605.29940v1,AI,figures/AI/FIG_00000964.png
FIG_00000965,2605.29940v1,AI,figures/AI/FIG_00000965.png
FIG_00000966,2605.29940v1,AI,figures/AI/FIG_00000966.png
FIG_00000967,2605.29940v1,AI,figures/AI/FIG_00000967.png
FIG_00000968,2605.29935v1,AI,figures/AI/FIG_00000968.png
FIG_00000969,2605.29935v1,AI,figures/AI/FIG_00000969.png
FIG_00000970,2605.29935v1,AI,figures/AI/FIG_00000970.png
FIG_00000971,2605.29931v1,AI,figures/AI/FIG_00000971.png
FIG_00000972,2605.29931v1,AI,figures/AI/FIG_00000972.png
FIG_00000973,2605.29931v1,AI,figures/AI/FIG_00000973.png
FIG_00000974,2605.29931v1,AI,figures/AI/FIG_00000974.png
FIG_00000975,2605.29928v1,AI,figures/AI/FIG_00000975.png
FIG_00000976,2605.29928v1,AI,figures/AI/FIG_00000976.png
FIG_00000977,2605.29928v1,AI,figures/AI/FIG_00000977.png
FIG_00000978,2605.29928v1,AI,figures/AI/FIG_00000978.png
FIG_00000979,2605.29928v1,AI,figures/AI/FIG_00000979.png
FIG_00000980,2605.29928v1,AI,figures/AI/FIG_00000980.png
FIG_00000981,2605.29928v1,AI,figures/AI/FIG_00000981.png
FIG_00000982,2605.29928v1,AI,figures/AI/FIG_00000982.png
FIG_00000983,2605.29928v1,AI,figures/AI/FIG_00000983.png
FIG_00000984,2605.29928v1,AI,figures/AI/FIG_00000984.png
FIG_00000985,2605.29928v1,AI,figures/AI/FIG_00000985.png
FIG_00000986,2605.29928v1,AI,figures/AI/FIG_00000986.png
FIG_00000987,2605.29928v1,AI,figures/AI/FIG_00000987.png
FIG_00000988,2605.29927v1,AI,figures/AI/FIG_00000988.png
FIG_00000989,2605.29927v1,AI,figures/AI/FIG_00000989.png
FIG_00000990,2605.29927v1,AI,figures/AI/FIG_00000990.png
FIG_00000991,2605.29927v1,AI,figures/AI/FIG_00000991.png
FIG_00000992,2605.29919v1,AI,figures/AI/FIG_00000992.png
FIG_00000993,2605.29919v1,AI,figures/AI/FIG_00000993.png
FIG_00000994,2605.29919v1,AI,figures/AI/FIG_00000994.png
FIG_00000995,2605.29919v1,AI,figures/AI/FIG_00000995.png
FIG_00000996,2605.29919v1,AI,figures/AI/FIG_00000996.png
FIG_00000997,2605.29919v1,AI,figures/AI/FIG_00000997.png
FIG_00000998,2605.29919v1,AI,figures/AI/FIG_00000998.png
FIG_00000999,2605.29919v1,AI,figures/AI/FIG_00000999.png
FIG_00001000,2605.29919v1,AI,figures/AI/FIG_00001000.png
FIG_00001001,2605.29919v1,AI,figures/AI/FIG_00001001.png
FIG_00001002,2605.29919v1,AI,figures/AI/FIG_00001002.png
FIG_00001003,2605.29919v1,AI,figures/AI/FIG_00001003.png
FIG_00001004,2605.29916v1,AI,figures/AI/FIG_00001004.png
FIG_00001005,2605.29916v1,AI,figures/AI/FIG_00001005.png
FIG_00001006,2605.29916v1,AI,figures/AI/FIG_00001006.png
FIG_00001007,2605.29910v1,AI,figures/AI/FIG_00001007.png
FIG_00001008,2605.29910v1,AI,figures/AI/FIG_00001008.png
FIG_00001009,2605.29910v1,AI,figures/AI/FIG_00001009.png
FIG_00001010,2605.29910v1,AI,figures/AI/FIG_00001010.png
FIG_00001011,2605.29910v1,AI,figures/AI/FIG_00001011.png
FIG_00001012,2605.29893v1,AI,figures/AI/FIG_00001012.png
FIG_00001013,2605.29893v1,AI,figures/AI/FIG_00001013.png
FIG_00001014,2605.29893v1,AI,figures/AI/FIG_00001014.png
FIG_00001015,2605.29889v1,AI,figures/AI/FIG_00001015.png
FIG_00001016,2605.29889v1,AI,figures/AI/FIG_00001016.png
FIG_00001017,2605.29889v1,AI,figures/AI/FIG_00001017.png
FIG_00001018,2605.29889v1,AI,figures/AI/FIG_00001018.png
FIG_00001019,2605.29889v1,AI,figures/AI/FIG_00001019.png
FIG_00001020,2605.29889v1,AI,figures/AI/FIG_00001020.png
FIG_00001021,2605.29889v1,AI,figures/AI/FIG_00001021.png
FIG_00001022,2605.29889v1,AI,figures/AI/FIG_00001022.png
FIG_00001023,2605.29888v1,AI,figures/AI/FIG_00001023.png
FIG_00001024,2605.29888v1,AI,figures/AI/FIG_00001024.png
