figure_id,paper_id,field,image_path,phash
FIG_00000151,2605.30330v1,ML,figures/ML/FIG_00000151.png,fa8585d0c32ff00f
FIG_00000152,2605.30330v1,ML,figures/ML/FIG_00000152.png,fa8585d0c32ff00f
FIG_00000158,2605.30330v1,ML,figures/ML/FIG_00000158.png,ffc0c0d58095953f
FIG_00000159,2605.30330v1,ML,figures/ML/FIG_00000159.png,ffc0c0d58095953f
FIG_00000169,2605.30329v1,ML,figures/ML/FIG_00000169.png,e699965959a5a156
FIG_00000170,2605.30329v1,ML,figures/ML/FIG_00000170.png,efc4951bd222942f
FIG_00000177,2605.30329v1,ML,figures/ML/FIG_00000177.png,e699965959a5a156
FIG_00000178,2605.30329v1,ML,figures/ML/FIG_00000178.png,efc4951bd222942f
FIG_00000213,2605.30346v1,CV,figures/CV/FIG_00000213.png,ae99e6a6996bc1c0
FIG_00000214,2605.30346v1,CV,figures/CV/FIG_00000214.png,ae99e6a6996bc1c0
FIG_00000227,2605.30342v1,CV,figures/CV/FIG_00000227.png,b89f6ce0c368c1e3
FIG_00000228,2605.30342v1,CV,figures/CV/FIG_00000228.png,b89f6ce0c368c1e3
FIG_00000285,2605.30313v1,ROBOTICS,figures/ROBOTICS/FIG_00000285.png,fe81b736945981ca
FIG_00000287,2605.30313v1,ROBOTICS,figures/ROBOTICS/FIG_00000287.png,ee4e426c91d1d12f
FIG_00000288,2605.30313v1,ROBOTICS,figures/ROBOTICS/FIG_00000288.png,b931d4c464e6c69b
FIG_00000290,2605.30313v1,ROBOTICS,figures/ROBOTICS/FIG_00000290.png,f8a7c24ab15a61b5
FIG_00000291,2605.30313v1,ROBOTICS,figures/ROBOTICS/FIG_00000291.png,ba67c51f81428779
FIG_00000292,2605.30313v1,ROBOTICS,figures/ROBOTICS/FIG_00000292.png,ae9291c796794b1a
FIG_00000293,2605.30313v1,ROBOTICS,figures/ROBOTICS/FIG_00000293.png,fa86e1cdd0960db1
FIG_00000339,2605.29937v1,ROBOTICS,figures/ROBOTICS/FIG_00000339.png,ba2ac13d94e66f90
FIG_00000340,2605.29937v1,ROBOTICS,figures/ROBOTICS/FIG_00000340.png,ba2ac13d94e66f90
FIG_00000362,2605.29808v1,IMAGING,figures/IMAGING/FIG_00000362.png,fb11d0cec42ed0f1
FIG_00000363,2605.29808v1,IMAGING,figures/IMAGING/FIG_00000363.png,ae1a309bd2f8cb4a
FIG_00000364,2605.29808v1,IMAGING,figures/IMAGING/FIG_00000364.png,aac3b53c429eb549
FIG_00000365,2605.29808v1,IMAGING,figures/IMAGING/FIG_00000365.png,bec8e1b1e08d863e
FIG_00000366,2605.29808v1,IMAGING,figures/IMAGING/FIG_00000366.png,ab0d376b944ad4d4
FIG_00000367,2605.29808v1,IMAGING,figures/IMAGING/FIG_00000367.png,abd2c4e4e0ad913b
FIG_00000368,2605.29808v1,IMAGING,figures/IMAGING/FIG_00000368.png,af62c09dc23f9495
FIG_00000369,2605.29808v1,IMAGING,figures/IMAGING/FIG_00000369.png,bd6dc213c2d2c41f
FIG_00000370,2605.29808v1,IMAGING,figures/IMAGING/FIG_00000370.png,bb3fc41ac4c95a29
FIG_00000371,2605.29808v1,IMAGING,figures/IMAGING/FIG_00000371.png,be33c027d187c36c
FIG_00000372,2605.29808v1,IMAGING,figures/IMAGING/FIG_00000372.png,ae6b943bc13ec194
FIG_00000373,2605.29808v1,IMAGING,figures/IMAGING/FIG_00000373.png,ff6a943bc03f8481
FIG_00000374,2605.29808v1,IMAGING,figures/IMAGING/FIG_00000374.png,ee9c916ae63fc084
FIG_00000375,2605.29808v1,IMAGING,figures/IMAGING/FIG_00000375.png,e8279778988dc4d3
FIG_00000455,2605.30288v1,AI,figures/AI/FIG_00000455.png,fa1cdae1853e854a
FIG_00000456,2605.30288v1,AI,figures/AI/FIG_00000456.png,ae987eda204834f7
FIG_00000457,2605.30288v1,AI,figures/AI/FIG_00000457.png,fe1e956e2ec181c1
FIG_00000458,2605.30288v1,AI,figures/AI/FIG_00000458.png,eaa077856d6d909c
FIG_00000459,2605.30288v1,AI,figures/AI/FIG_00000459.png,8c3a9b1eb4c3d1f0
FIG_00000495,2605.30251v1,AI,figures/AI/FIG_00000495.png,ee6c991b9017d2d2
FIG_00000496,2605.30251v1,AI,figures/AI/FIG_00000496.png,ee6c991b9017d2d2
FIG_00000502,2605.30233v1,AI,figures/AI/FIG_00000502.png,ab26b566c09d8dc9
FIG_00000503,2605.30233v1,AI,figures/AI/FIG_00000503.png,ab26b566c09d8dc9
FIG_00000582,2605.30188v1,AI,figures/AI/FIG_00000582.png,ea87957a62c51c95
FIG_00000583,2605.30188v1,AI,figures/AI/FIG_00000583.png,ea87957a62c51c95
FIG_00000616,2605.30155v1,AI,figures/AI/FIG_00000616.png,b05899adda7807a7
FIG_00000617,2605.30155v1,AI,figures/AI/FIG_00000617.png,f870d60f8de0961d
FIG_00000618,2605.30155v1,AI,figures/AI/FIG_00000618.png,fade80daf68181c9
FIG_00000619,2605.30155v1,AI,figures/AI/FIG_00000619.png,f77b783f081e8184
FIG_00000620,2605.30155v1,AI,figures/AI/FIG_00000620.png,eade945a768181cd
FIG_00000621,2605.30155v1,AI,figures/AI/FIG_00000621.png,eade945a768181cd
FIG_00000622,2605.30155v1,AI,figures/AI/FIG_00000622.png,eade945a768181cd
FIG_00000671,2605.30120v1,AI,figures/AI/FIG_00000671.png,9f85e39945425ce3
FIG_00000672,2605.30120v1,AI,figures/AI/FIG_00000672.png,fba6a41985ccc0e7
FIG_00000673,2605.30120v1,AI,figures/AI/FIG_00000673.png,bbe0e03bcc3c6166
FIG_00000674,2605.30120v1,AI,figures/AI/FIG_00000674.png,be213d6ba2521e1e
FIG_00000786,2605.30039v1,AI,figures/AI/FIG_00000786.png,bf4879d29ca186b1
FIG_00000787,2605.30039v1,AI,figures/AI/FIG_00000787.png,aed6803d3f999149
FIG_00000788,2605.30039v1,AI,figures/AI/FIG_00000788.png,fe968466857690b9
FIG_00000789,2605.30039v1,AI,figures/AI/FIG_00000789.png,eeb695cd9066811b
FIG_00000790,2605.30039v1,AI,figures/AI/FIG_00000790.png,af42689e98b3b721
FIG_00000791,2605.30039v1,AI,figures/AI/FIG_00000791.png,eb927a1e814da535
FIG_00000792,2605.30039v1,AI,figures/AI/FIG_00000792.png,ab6af6a5948d0f81
FIG_00000793,2605.30039v1,AI,figures/AI/FIG_00000793.png,8f967a5aa97c802d
FIG_00000794,2605.30039v1,AI,figures/AI/FIG_00000794.png,ad7ab438f2a5a08d
FIG_00000795,2605.30039v1,AI,figures/AI/FIG_00000795.png,a73c3b683ce1c986
FIG_00000796,2605.30039v1,AI,figures/AI/FIG_00000796.png,af4f1b926891e83c
FIG_00000797,2605.30039v1,AI,figures/AI/FIG_00000797.png,af3c68c3e0c7e093
FIG_00000955,2605.29951v1,AI,figures/AI/FIG_00000955.png,be78c1a7e1e0c1e1
FIG_00000956,2605.29951v1,AI,figures/AI/FIG_00000956.png,be78c1a7e1e0c1e1
FIG_00000966,2605.29940v1,AI,figures/AI/FIG_00000966.png,feb0810f6660d19f
FIG_00000967,2605.29940v1,AI,figures/AI/FIG_00000967.png,feb0810f6660d19f
FIG_00001077,2605.29833v1,AI,figures/AI/FIG_00001077.png,af69e0cb85a3d8c4
FIG_00001078,2605.29833v1,AI,figures/AI/FIG_00001078.png,bf3cc1c3c0a65e34
FIG_00001079,2605.29833v1,AI,figures/AI/FIG_00001079.png,ae8de54bc8b69648
FIG_00001080,2605.29833v1,AI,figures/AI/FIG_00001080.png,bf9fc1dac060e431
FIG_00001081,2605.29833v1,AI,figures/AI/FIG_00001081.png,abc3f45b96a4ca84
FIG_00001082,2605.29833v1,AI,figures/AI/FIG_00001082.png,aaa57872a17e817c
FIG_00001083,2605.29833v1,AI,figures/AI/FIG_00001083.png,ab81f56bc07e9588
FIG_00001084,2605.29833v1,AI,figures/AI/FIG_00001084.png,bf94d04a2d23d2a7
FIG_00001085,2605.29833v1,AI,figures/AI/FIG_00001085.png,bb99d00646cfbcc8
FIG_00001097,2605.29826v1,AI,figures/AI/FIG_00001097.png,af0be1dad426a5a1
FIG_00001098,2605.29826v1,AI,figures/AI/FIG_00001098.png,af0be1dad426a5a1
FIG_00001141,2605.29796v1,AI,figures/AI/FIG_00001141.png,af94d1ac9148ccf3
FIG_00001142,2605.29796v1,AI,figures/AI/FIG_00001142.png,eb81b83ee2623ca5
FIG_00001143,2605.29796v1,AI,figures/AI/FIG_00001143.png,ea90bc63ae9b9624
FIG_00001144,2605.29796v1,AI,figures/AI/FIG_00001144.png,bab79d24c7c3d084
FIG_00001145,2605.29796v1,AI,figures/AI/FIG_00001145.png,bb38e18f8c1c7073
FIG_00001146,2605.29796v1,AI,figures/AI/FIG_00001146.png,fac5816a807eb535
FIG_00001147,2605.29796v1,AI,figures/AI/FIG_00001147.png,bf87c178c18ad0dc
FIG_00001148,2605.29796v1,AI,figures/AI/FIG_00001148.png,bf83c1e68183d0fc
FIG_00001305,2605.29653v1,AI,figures/AI/FIG_00001305.png,bb4be49ec2499662
FIG_00001306,2605.29653v1,AI,figures/AI/FIG_00001306.png,bb4be49ec2499662
FIG_00001325,2605.29640v1,AI,figures/AI/FIG_00001325.png,af2f90c8d999c295
FIG_00001326,2605.29640v1,AI,figures/AI/FIG_00001326.png,bc0bf3c0d495d495
FIG_00001327,2605.29640v1,AI,figures/AI/FIG_00001327.png,bc0bf3c0d495d495
FIG_00001328,2605.29640v1,AI,figures/AI/FIG_00001328.png,b81ee6c5c6789985
FIG_00001329,2605.29640v1,AI,figures/AI/FIG_00001329.png,ea03b2b6153cc5f2
FIG_00001330,2605.29640v1,AI,figures/AI/FIG_00001330.png,af0f845af2f0d0d2
FIG_00001528,2605.29532v1,AI,figures/AI/FIG_00001528.png,db383cc7a5c3c291
FIG_00001529,2605.29532v1,AI,figures/AI/FIG_00001529.png,db383cc7a5c3c291
FIG_00001535,2605.29526v1,AI,figures/AI/FIG_00001535.png,ebcdcc9b95219452
FIG_00001536,2605.29526v1,AI,figures/AI/FIG_00001536.png,ebcdcc9b95219452
FIG_00001718,2605.29446v1,AI,figures/AI/FIG_00001718.png,ab83b4d27c2c9578
FIG_00001719,2605.29446v1,AI,figures/AI/FIG_00001719.png,ab83b4d27c2c9578
FIG_00001726,2605.29442v1,AI,figures/AI/FIG_00001726.png,fa85857a5a7a8585
FIG_00001728,2605.29442v1,AI,figures/AI/FIG_00001728.png,fa85857a5a7a8585
FIG_00001916,2605.29299v1,AI,figures/AI/FIG_00001916.png,af2ef0f0c0079b0f
FIG_00001917,2605.29299v1,AI,figures/AI/FIG_00001917.png,be7b2e6e7b808490
FIG_00001968,2605.29268v1,AI,figures/AI/FIG_00001968.png,ea61e49d855b94a6
FIG_00001969,2605.29268v1,AI,figures/AI/FIG_00001969.png,fb13f3868d28c9c8
FIG_00001970,2605.29268v1,AI,figures/AI/FIG_00001970.png,bb6fd4d0c4092b66
FIG_00001971,2605.29268v1,AI,figures/AI/FIG_00001971.png,eb16bec8c1274aca
FIG_00001972,2605.29268v1,AI,figures/AI/FIG_00001972.png,9f1ff0e0e01cd1e1
FIG_00001973,2605.29268v1,AI,figures/AI/FIG_00001973.png,fb72c2a4f12d2872
FIG_00001974,2605.29268v1,AI,figures/AI/FIG_00001974.png,aa6cf82d79878456
FIG_00001975,2605.29268v1,AI,figures/AI/FIG_00001975.png,afc2d23d854eb192
FIG_00001976,2605.29268v1,AI,figures/AI/FIG_00001976.png,abc2e23d94b5b1c2
FIG_00002186,2605.29146v1,AI,figures/AI/FIG_00002186.png,ee714cee8d87b420
FIG_00002187,2605.29146v1,AI,figures/AI/FIG_00002187.png,af286dccd0f0b332
FIG_00002188,2605.29146v1,AI,figures/AI/FIG_00002188.png,b6e0c91d98d92763
FIG_00002189,2605.29146v1,AI,figures/AI/FIG_00002189.png,e338bc03f6ca817c
FIG_00002190,2605.29146v1,AI,figures/AI/FIG_00002190.png,da2fb55a6ae1e060
FIG_00002191,2605.29146v1,AI,figures/AI/FIG_00002191.png,fb35964aa4e14ab4
FIG_00002192,2605.29146v1,AI,figures/AI/FIG_00002192.png,be959d6ac1f8c0c2
FIG_00002193,2605.29146v1,AI,figures/AI/FIG_00002193.png,b919cc976c649393
FIG_00002194,2605.29146v1,AI,figures/AI/FIG_00002194.png,fac7b4c01a2bcbd0
FIG_00002298,2605.29078v1,AI,figures/AI/FIG_00002298.png,eae9817a6ec69518
FIG_00002299,2605.29078v1,AI,figures/AI/FIG_00002299.png,eae9817a6ec69518
FIG_00002324,2605.29055v1,AI,figures/AI/FIG_00002324.png,f94b3c9487b1c334
FIG_00002325,2605.29055v1,AI,figures/AI/FIG_00002325.png,f94b3c9487b1c334
FIG_00002358,2605.29018v1,AI,figures/AI/FIG_00002358.png,efa0b4d078f560c6
FIG_00002359,2605.29018v1,AI,figures/AI/FIG_00002359.png,efa0b4d078f560c6
FIG_00002738,2605.28669v1,AI,figures/AI/FIG_00002738.png,eb8e7897912d8d81
FIG_00002739,2605.28669v1,AI,figures/AI/FIG_00002739.png,eb8e7897912d8d81
FIG_00002806,2605.28602v1,AI,figures/AI/FIG_00002806.png,be4ab1c4c0b1cba7
FIG_00002807,2605.28602v1,AI,figures/AI/FIG_00002807.png,be4ab1c4c0b1cba7
FIG_00003182,2605.28337v1,AI,figures/AI/FIG_00003182.png,8f8678966806fc79
FIG_00003183,2605.28337v1,AI,figures/AI/FIG_00003183.png,8f8678966806fc79
FIG_00003187,2605.28337v1,AI,figures/AI/FIG_00003187.png,8a8578b7c81bf568
FIG_00003190,2605.28337v1,AI,figures/AI/FIG_00003190.png,8a8578b7c81bf568
FIG_00003233,2605.28305v1,AI,figures/AI/FIG_00003233.png,bec7c03496ce7093
FIG_00003234,2605.28305v1,AI,figures/AI/FIG_00003234.png,bec7c03496ce7093
FIG_00003516,2605.28145v1,AI,figures/AI/FIG_00003516.png,bbdec6c4c0cac439
FIG_00003517,2605.28145v1,AI,figures/AI/FIG_00003517.png,bbdec6c4c0cac439
FIG_00003565,2605.28114v1,AI,figures/AI/FIG_00003565.png,ebb49421d27bc4c6
FIG_00003566,2605.28114v1,AI,figures/AI/FIG_00003566.png,ebb49421d27bc4c6
FIG_00003765,2605.28030v1,AI,figures/AI/FIG_00003765.png,de0ca1d074f4b783
FIG_00003766,2605.28030v1,AI,figures/AI/FIG_00003766.png,de0ca1d074f4b783
FIG_00003854,2605.27996v1,AI,figures/AI/FIG_00003854.png,aa27b719e5c8c8a5
FIG_00003855,2605.27996v1,AI,figures/AI/FIG_00003855.png,b662819bcce4e2bc
FIG_00003856,2605.27996v1,AI,figures/AI/FIG_00003856.png,fa6a858595947a6a
FIG_00003857,2605.27996v1,AI,figures/AI/FIG_00003857.png,bc36c58cc3c358cb
FIG_00003858,2605.27996v1,AI,figures/AI/FIG_00003858.png,ea91957e81c56e91
FIG_00003859,2605.27996v1,AI,figures/AI/FIG_00003859.png,ae52792df88c8dc1
FIG_00003860,2605.27996v1,AI,figures/AI/FIG_00003860.png,eb4e62589ea59631
FIG_00003926,2605.27970v1,AI,figures/AI/FIG_00003926.png,ea0f95d3786c840f
FIG_00003927,2605.27970v1,AI,figures/AI/FIG_00003927.png,ea0f95d3786c840f
FIG_00003937,2605.27965v1,AI,figures/AI/FIG_00003937.png,fe63e44aa59d8498
FIG_00003938,2605.27965v1,AI,figures/AI/FIG_00003938.png,fe63e44aa59d8498
FIG_00003988,2605.27923v1,AI,figures/AI/FIG_00003988.png,ff9594e480e3c0d6
FIG_00003989,2605.27923v1,AI,figures/AI/FIG_00003989.png,ff9594e480e3c0d6
FIG_00004009,2605.27914v1,AI,figures/AI/FIG_00004009.png,a83f371e79424669
FIG_00004010,2605.27914v1,AI,figures/AI/FIG_00004010.png,a83f371e79424669
FIG_00004046,2605.27906v1,AI,figures/AI/FIG_00004046.png,ee6ec4b191939097
FIG_00004047,2605.27906v1,AI,figures/AI/FIG_00004047.png,ee6ec4b191939097
FIG_00004521,2605.27703v1,AI,figures/AI/FIG_00004521.png,fbc6f080f09785e8
FIG_00004522,2605.27703v1,AI,figures/AI/FIG_00004522.png,fbc6f080f09785e8
FIG_00004583,2605.28883v1,AI,figures/AI/FIG_00004583.png,bcd8c33cc0c7c267
FIG_00004586,2605.28883v1,AI,figures/AI/FIG_00004586.png,b8c9c71c4f6685c3
FIG_00004587,2605.28883v1,AI,figures/AI/FIG_00004587.png,bc60c387e4d98b1b
FIG_00004592,2605.28883v1,AI,figures/AI/FIG_00004592.png,bcd8c33cc0c7c267
FIG_00004593,2605.28883v1,AI,figures/AI/FIG_00004593.png,b8c9c71c4f6685c3
FIG_00004597,2605.28883v1,AI,figures/AI/FIG_00004597.png,bc60c387e4d98b1b
FIG_00004888,2605.27358v1,AI,figures/AI/FIG_00004888.png,ff80a07fd06a815e
FIG_00004889,2605.27358v1,AI,figures/AI/FIG_00004889.png,ff80a07fd06a815e
FIG_00004892,2605.27355v1,AI,figures/AI/FIG_00004892.png,a71f1c17dc0a1ed8
FIG_00004893,2605.27355v1,AI,figures/AI/FIG_00004893.png,ba337766a062b0e9
FIG_00004894,2605.27355v1,AI,figures/AI/FIG_00004894.png,fea1dedc89038166
FIG_00004895,2605.27355v1,AI,figures/AI/FIG_00004895.png,bec1f6a8c143913e
FIG_00004896,2605.27355v1,AI,figures/AI/FIG_00004896.png,fab88447ca37854e
FIG_00004897,2605.27355v1,AI,figures/AI/FIG_00004897.png,af2f78869286854f
FIG_00004898,2605.27355v1,AI,figures/AI/FIG_00004898.png,bbb2e43189cec05b
FIG_00004899,2605.27355v1,AI,figures/AI/FIG_00004899.png,ea1f9425870fd073
FIG_00004900,2605.27355v1,AI,figures/AI/FIG_00004900.png,eb9d9cb0d0689467
FIG_00004901,2605.27355v1,AI,figures/AI/FIG_00004901.png,eab19f9c958405b3
FIG_00004902,2605.27355v1,AI,figures/AI/FIG_00004902.png,aaf179a72046cc3b
FIG_00004903,2605.27355v1,AI,figures/AI/FIG_00004903.png,be9ce85e91c321a5
FIG_00004904,2605.27355v1,AI,figures/AI/FIG_00004904.png,ff1af48990e0c993
FIG_00004905,2605.27355v1,AI,figures/AI/FIG_00004905.png,fe8d8d729119c28d
FIG_00004998,2605.27255v1,AI,figures/AI/FIG_00004998.png,bb80e4b3e07391cd
FIG_00004999,2605.27255v1,AI,figures/AI/FIG_00004999.png,a6c1ee5cb136e498
FIG_00005000,2605.27255v1,AI,figures/AI/FIG_00005000.png,eed6c4999631d069
FIG_00005001,2605.27255v1,AI,figures/AI/FIG_00005001.png,bf37494e9060c3b6
FIG_00005002,2605.27255v1,AI,figures/AI/FIG_00005002.png,879a69cbe51e944a
FIG_00005003,2605.27255v1,AI,figures/AI/FIG_00005003.png,cf95f64b84999834
FIG_00005004,2605.27255v1,AI,figures/AI/FIG_00005004.png,b193cf6c864a2d96
FIG_00005005,2605.27255v1,AI,figures/AI/FIG_00005005.png,e3959869857a83d6
FIG_00005006,2605.27255v1,AI,figures/AI/FIG_00005006.png,f997c669946a83d0
FIG_00005007,2605.27255v1,AI,figures/AI/FIG_00005007.png,fa91957ac442e2d5
FIG_00005008,2605.27255v1,AI,figures/AI/FIG_00005008.png,ef9598629468c778
FIG_00005009,2605.27255v1,AI,figures/AI/FIG_00005009.png,e59d9a669468c770
FIG_00005461,2605.31170v1,AI,figures/AI/FIG_00005461.png,bcc7e938c30bc4c5
FIG_00005462,2605.31170v1,AI,figures/AI/FIG_00005462.png,bcc7e938c30bc4c5
FIG_00005590,2605.31120v1,AI,figures/AI/FIG_00005590.png,fb98a147d03d87d0
FIG_00005591,2605.31120v1,AI,figures/AI/FIG_00005591.png,fb98a147d03d87d0
FIG_00005640,2605.31065v1,AI,figures/AI/FIG_00005640.png,ca61e65ab0b193b6
FIG_00005642,2605.31065v1,AI,figures/AI/FIG_00005642.png,ca61e65ab0b193b6
FIG_00005690,2605.31023v1,AI,figures/AI/FIG_00005690.png,abd34cc4b339874c
FIG_00005691,2605.31023v1,AI,figures/AI/FIG_00005691.png,abd34cc4b339874c
FIG_00005746,2605.30934v1,AI,figures/AI/FIG_00005746.png,bf0fcca195e0d0f0
FIG_00005747,2605.30934v1,AI,figures/AI/FIG_00005747.png,bf0fcca195e0d0f0
FIG_00005954,2605.30802v1,AI,figures/AI/FIG_00005954.png,ae83f883585c91f9
FIG_00005955,2605.30802v1,AI,figures/AI/FIG_00005955.png,ae83f883585c91f9
FIG_00006106,2605.30675v1,AI,figures/AI/FIG_00006106.png,af408d3fe1c0de32
FIG_00006107,2605.30675v1,AI,figures/AI/FIG_00006107.png,af408d3fe1c0de32
FIG_00006166,2605.30641v1,AI,figures/AI/FIG_00006166.png,be786c3a7869023d
FIG_00006167,2605.30641v1,AI,figures/AI/FIG_00006167.png,be786c3a7869023d
FIG_00006313,2605.30585v1,AI,figures/AI/FIG_00006313.png,b197ce6c9b313189
FIG_00006314,2605.30585v1,AI,figures/AI/FIG_00006314.png,b197ce6c9b313189
FIG_00006433,2605.30512v1,AI,figures/AI/FIG_00006433.png,bc339bc8817e6c8c
FIG_00006434,2605.30512v1,AI,figures/AI/FIG_00006434.png,bc339bc8817e6c8c
FIG_00006489,2605.30447v1,AI,figures/AI/FIG_00006489.png,ef803e8487d778c1
FIG_00006490,2605.30447v1,AI,figures/AI/FIG_00006490.png,ef803e8487d778c1
FIG_00006533,2605.30288v2,AI,figures/AI/FIG_00006533.png,fa1cdae1853e854a
FIG_00006534,2605.30288v2,AI,figures/AI/FIG_00006534.png,ae987eda204834f7
FIG_00006535,2605.30288v2,AI,figures/AI/FIG_00006535.png,fe1e956e2ec181c1
FIG_00006536,2605.30288v2,AI,figures/AI/FIG_00006536.png,eaa077856d6d909c
FIG_00006537,2605.30288v2,AI,figures/AI/FIG_00006537.png,8c3a9b1eb4c3d1f0
FIG_00006538,2605.30155v2,AI,figures/AI/FIG_00006538.png,b05899adda7807a7
FIG_00006539,2605.30155v2,AI,figures/AI/FIG_00006539.png,f870d60f8de0961d
FIG_00006540,2605.30155v2,AI,figures/AI/FIG_00006540.png,fade80daf68181c9
FIG_00006541,2605.30155v2,AI,figures/AI/FIG_00006541.png,f77b783f081e8184
FIG_00006542,2605.30155v2,AI,figures/AI/FIG_00006542.png,eade945a768181cd
FIG_00006543,2605.30155v2,AI,figures/AI/FIG_00006543.png,eade945a768181cd
FIG_00006544,2605.30155v2,AI,figures/AI/FIG_00006544.png,eade945a768181cd
FIG_00006545,2605.30120v2,AI,figures/AI/FIG_00006545.png,9f85e39945425ce3
FIG_00006546,2605.30120v2,AI,figures/AI/FIG_00006546.png,fba6a41985ccc0e7
FIG_00006547,2605.30120v2,AI,figures/AI/FIG_00006547.png,bbe0e03bcc3c6166
FIG_00006548,2605.30120v2,AI,figures/AI/FIG_00006548.png,be213d6ba2521e1e
FIG_00006549,2605.30039v2,AI,figures/AI/FIG_00006549.png,bf4879d29ca186b1
FIG_00006550,2605.30039v2,AI,figures/AI/FIG_00006550.png,aed6803d3f999149
FIG_00006551,2605.30039v2,AI,figures/AI/FIG_00006551.png,fe968466857690b9
FIG_00006552,2605.30039v2,AI,figures/AI/FIG_00006552.png,eeb695cd9066811b
FIG_00006553,2605.30039v2,AI,figures/AI/FIG_00006553.png,af42689e98b3b721
FIG_00006554,2605.30039v2,AI,figures/AI/FIG_00006554.png,eb927a1e814da535
FIG_00006555,2605.30039v2,AI,figures/AI/FIG_00006555.png,ab6af6a5948d0f81
FIG_00006556,2605.30039v2,AI,figures/AI/FIG_00006556.png,8f967a5aa97c802d
FIG_00006557,2605.30039v2,AI,figures/AI/FIG_00006557.png,ad7ab438f2a5a08d
FIG_00006558,2605.30039v2,AI,figures/AI/FIG_00006558.png,a73c3b683ce1c986
FIG_00006559,2605.30039v2,AI,figures/AI/FIG_00006559.png,af4f1b926891e83c
FIG_00006560,2605.30039v2,AI,figures/AI/FIG_00006560.png,af3c68c3e0c7e093
FIG_00006578,2605.29833v2,AI,figures/AI/FIG_00006578.png,af69e0cb85a3d8c4
FIG_00006579,2605.29833v2,AI,figures/AI/FIG_00006579.png,bf3cc1c3c0a65e34
FIG_00006580,2605.29833v2,AI,figures/AI/FIG_00006580.png,ae8de54bc8b69648
FIG_00006581,2605.29833v2,AI,figures/AI/FIG_00006581.png,bf9fc1dac060e431
FIG_00006582,2605.29833v2,AI,figures/AI/FIG_00006582.png,abc3f45b96a4ca84
FIG_00006583,2605.29833v2,AI,figures/AI/FIG_00006583.png,aaa57872a17e817c
FIG_00006584,2605.29833v2,AI,figures/AI/FIG_00006584.png,ab81f56bc07e9588
FIG_00006585,2605.29833v2,AI,figures/AI/FIG_00006585.png,bf94d04a2d23d2a7
FIG_00006586,2605.29833v2,AI,figures/AI/FIG_00006586.png,bb99d00646cfbcc8
FIG_00006596,2605.29796v2,AI,figures/AI/FIG_00006596.png,af94d1ac9148ccf3
FIG_00006597,2605.29796v2,AI,figures/AI/FIG_00006597.png,eb81b83ee2623ca5
FIG_00006598,2605.29796v2,AI,figures/AI/FIG_00006598.png,ea90bc63ae9b9624
FIG_00006599,2605.29796v2,AI,figures/AI/FIG_00006599.png,bab79d24c7c3d084
FIG_00006600,2605.29796v2,AI,figures/AI/FIG_00006600.png,bb38e18f8c1c7073
FIG_00006601,2605.29796v2,AI,figures/AI/FIG_00006601.png,fac5816a807eb535
FIG_00006602,2605.29796v2,AI,figures/AI/FIG_00006602.png,bf87c178c18ad0dc
FIG_00006603,2605.29796v2,AI,figures/AI/FIG_00006603.png,bf83c1e68183d0fc
FIG_00006611,2605.29640v2,AI,figures/AI/FIG_00006611.png,af2f90c8d999c295
FIG_00006612,2605.29640v2,AI,figures/AI/FIG_00006612.png,bc0bf3c0d495d495
FIG_00006613,2605.29640v2,AI,figures/AI/FIG_00006613.png,bc0bf3c0d495d495
FIG_00006614,2605.29640v2,AI,figures/AI/FIG_00006614.png,b81ee6c5c6789985
FIG_00006615,2605.29640v2,AI,figures/AI/FIG_00006615.png,ea03b2b6153cc5f2
FIG_00006616,2605.29640v2,AI,figures/AI/FIG_00006616.png,af0f845af2f0d0d2
FIG_00006622,2605.29299v2,AI,figures/AI/FIG_00006622.png,af2ef0f0c0079b0f
FIG_00006623,2605.29299v2,AI,figures/AI/FIG_00006623.png,be7b2e6e7b808490
FIG_00006626,2605.29268v2,AI,figures/AI/FIG_00006626.png,ea61e49d855b94a6
FIG_00006627,2605.29268v2,AI,figures/AI/FIG_00006627.png,fb13f3868d28c9c8
FIG_00006628,2605.29268v2,AI,figures/AI/FIG_00006628.png,bb6fd4d0c4092b66
FIG_00006629,2605.29268v2,AI,figures/AI/FIG_00006629.png,eb16bec8c1274aca
FIG_00006630,2605.29268v2,AI,figures/AI/FIG_00006630.png,9f1ff0e0e01cd1e1
FIG_00006631,2605.29268v2,AI,figures/AI/FIG_00006631.png,fb72c2a4f12d2872
FIG_00006632,2605.29268v2,AI,figures/AI/FIG_00006632.png,aa6cf82d79878456
FIG_00006633,2605.29268v2,AI,figures/AI/FIG_00006633.png,afc2d23d854eb192
FIG_00006634,2605.29268v2,AI,figures/AI/FIG_00006634.png,abc2e23d94b5b1c2
FIG_00006638,2605.30381v1,AI,figures/AI/FIG_00006638.png,daa5ad52a55256a5
FIG_00006639,2605.30381v1,AI,figures/AI/FIG_00006639.png,daa5ad52a55256a5
FIG_00006640,2605.30381v1,AI,figures/AI/FIG_00006640.png,daa5ad52a55256a5
FIG_00006642,2605.30381v1,AI,figures/AI/FIG_00006642.png,daa5ad52a55256a5
FIG_00006646,2605.29146v2,AI,figures/AI/FIG_00006646.png,ee714cee8d87b420
FIG_00006647,2605.29146v2,AI,figures/AI/FIG_00006647.png,af286dccd0f0b332
FIG_00006648,2605.29146v2,AI,figures/AI/FIG_00006648.png,b6e0c91d98d92763
FIG_00006649,2605.29146v2,AI,figures/AI/FIG_00006649.png,e338bc03f6ca817c
FIG_00006650,2605.29146v2,AI,figures/AI/FIG_00006650.png,da2fb55a6ae1e060
FIG_00006651,2605.29146v2,AI,figures/AI/FIG_00006651.png,fb35964aa4e14ab4
FIG_00006652,2605.29146v2,AI,figures/AI/FIG_00006652.png,be959d6ac1f8c0c2
FIG_00006653,2605.29146v2,AI,figures/AI/FIG_00006653.png,b919cc976c649393
FIG_00006654,2605.29146v2,AI,figures/AI/FIG_00006654.png,fac7b4c01a2bcbd0
FIG_00006668,2605.28916v2,AI,figures/AI/FIG_00006668.png,e691664ea629e8f4
FIG_00006674,2605.28916v2,AI,figures/AI/FIG_00006674.png,e691664ea629e8f4
FIG_00006676,2605.27996v2,AI,figures/AI/FIG_00006676.png,aa27b719e5c8c8a5
FIG_00006677,2605.27996v2,AI,figures/AI/FIG_00006677.png,b662819bcce4e2bc
FIG_00006678,2605.27996v2,AI,figures/AI/FIG_00006678.png,fa6a858595947a6a
FIG_00006679,2605.27996v2,AI,figures/AI/FIG_00006679.png,bc36c58cc3c358cb
FIG_00006680,2605.27996v2,AI,figures/AI/FIG_00006680.png,ea91957e81c56e91
FIG_00006681,2605.27996v2,AI,figures/AI/FIG_00006681.png,ae52792df88c8dc1
FIG_00006682,2605.27996v2,AI,figures/AI/FIG_00006682.png,eb4e62589ea59631
FIG_00006683,2605.27355v2,AI,figures/AI/FIG_00006683.png,a71f1c17dc0a1ed8
FIG_00006684,2605.27355v2,AI,figures/AI/FIG_00006684.png,ba337766a062b0e9
FIG_00006685,2605.27355v2,AI,figures/AI/FIG_00006685.png,fea1dedc89038166
FIG_00006686,2605.27355v2,AI,figures/AI/FIG_00006686.png,bec1f6a8c143913e
FIG_00006687,2605.27355v2,AI,figures/AI/FIG_00006687.png,fab88447ca37854e
FIG_00006688,2605.27355v2,AI,figures/AI/FIG_00006688.png,af2f78869286854f
FIG_00006689,2605.27355v2,AI,figures/AI/FIG_00006689.png,bbb2e43189cec05b
FIG_00006690,2605.27355v2,AI,figures/AI/FIG_00006690.png,ea1f9425870fd073
FIG_00006691,2605.27355v2,AI,figures/AI/FIG_00006691.png,eb9d9cb0d0689467
FIG_00006692,2605.27355v2,AI,figures/AI/FIG_00006692.png,eab19f9c958405b3
FIG_00006693,2605.27355v2,AI,figures/AI/FIG_00006693.png,aaf179a72046cc3b
FIG_00006694,2605.27355v2,AI,figures/AI/FIG_00006694.png,be9ce85e91c321a5
FIG_00006695,2605.27355v2,AI,figures/AI/FIG_00006695.png,ff1af48990e0c993
FIG_00006696,2605.27355v2,AI,figures/AI/FIG_00006696.png,fe8d8d729119c28d
FIG_00006697,2605.27255v2,AI,figures/AI/FIG_00006697.png,bb80e4b3e07391cd
FIG_00006698,2605.27255v2,AI,figures/AI/FIG_00006698.png,a6c1ee5cb136e498
FIG_00006699,2605.27255v2,AI,figures/AI/FIG_00006699.png,eed6c4999631d069
FIG_00006700,2605.27255v2,AI,figures/AI/FIG_00006700.png,bf37494e9060c3b6
FIG_00006701,2605.27255v2,AI,figures/AI/FIG_00006701.png,879a69cbe51e944a
FIG_00006702,2605.27255v2,AI,figures/AI/FIG_00006702.png,cf95f64b84999834
FIG_00006703,2605.27255v2,AI,figures/AI/FIG_00006703.png,b193cf6c864a2d96
FIG_00006704,2605.27255v2,AI,figures/AI/FIG_00006704.png,e3959869857a83d6
FIG_00006705,2605.27255v2,AI,figures/AI/FIG_00006705.png,f997c669946a83d0
FIG_00006706,2605.27255v2,AI,figures/AI/FIG_00006706.png,fa91957ac442e2d5
FIG_00006707,2605.27255v2,AI,figures/AI/FIG_00006707.png,ef9598629468c778
FIG_00006708,2605.27255v2,AI,figures/AI/FIG_00006708.png,e59d9a669468c770
FIG_00006715,2605.30375v1,AI,figures/AI/FIG_00006715.png,ab4bc885b594d476
FIG_00006716,2605.30375v1,AI,figures/AI/FIG_00006716.png,ab4bc885b594d476
FIG_00006723,2605.31277v1,ML,figures/ML/FIG_00006723.png,bba44a0e8c5bf1b1
FIG_00006724,2605.31277v1,ML,figures/ML/FIG_00006724.png,bba44a0e8c5bf1b1
FIG_00006764,2605.31244v1,ML,figures/ML/FIG_00006764.png,e912f8798992d3c5
FIG_00006765,2605.31244v1,ML,figures/ML/FIG_00006765.png,e912f8798992d3c5
FIG_00006904,2605.31129v1,ML,figures/ML/FIG_00006904.png,be4a86b6d63ed081
FIG_00006905,2605.31129v1,ML,figures/ML/FIG_00006905.png,be4a86b6d63ed081
FIG_00006986,2605.31304v1,ML,figures/ML/FIG_00006986.png,bb3bf006c4f8c90b
FIG_00006987,2605.31304v1,ML,figures/ML/FIG_00006987.png,bb3bf006c4f8c90b
FIG_00007241,2605.30901v1,ML,figures/ML/FIG_00007241.png,ae1bd46c9586d02f
FIG_00007242,2605.30901v1,ML,figures/ML/FIG_00007242.png,ae1bd46c9586d02f
FIG_00007368,2605.30810v1,ML,figures/ML/FIG_00007368.png,97a9665f2842e16e
FIG_00007369,2605.30810v1,ML,figures/ML/FIG_00007369.png,97a9665f2842e16e
FIG_00007440,2605.30734v1,ML,figures/ML/FIG_00007440.png,fa0f8fe0c0f08579
FIG_00007441,2605.30734v1,ML,figures/ML/FIG_00007441.png,fa0f8fe0c0f08579
FIG_00007455,2605.30734v1,ML,figures/ML/FIG_00007455.png,ea2e858f850f858f
FIG_00007456,2605.30734v1,ML,figures/ML/FIG_00007456.png,ea2e858f850f858f
FIG_00007489,2605.30713v1,ML,figures/ML/FIG_00007489.png,e9256561722d7378
FIG_00007490,2605.30713v1,ML,figures/ML/FIG_00007490.png,e9256561722d7378
FIG_00007537,2605.30656v1,ML,figures/ML/FIG_00007537.png,ca66a5588d9999b5
FIG_00007538,2605.30656v1,ML,figures/ML/FIG_00007538.png,ca66a5588d9999b5
FIG_00007654,2605.30599v1,ML,figures/ML/FIG_00007654.png,aa35d0b594c9c1b7
FIG_00007655,2605.30599v1,ML,figures/ML/FIG_00007655.png,aa35d0b594c9c1b7
FIG_00007690,2605.30580v1,ML,figures/ML/FIG_00007690.png,fa85c47a93878595
FIG_00007691,2605.30580v1,ML,figures/ML/FIG_00007691.png,fa85c47a93878595
FIG_00007791,2605.30470v1,ML,figures/ML/FIG_00007791.png,bb98f9d8f880d988
FIG_00007792,2605.30470v1,ML,figures/ML/FIG_00007792.png,bb98f9d8f880d988
FIG_00007856,2605.30277v1,ML,figures/ML/FIG_00007856.png,af8fd0b0916c48bb
FIG_00007857,2605.30277v1,ML,figures/ML/FIG_00007857.png,af8fd0b0916c48bb
FIG_00007869,2605.30277v1,ML,figures/ML/FIG_00007869.png,fe7e8181f181916e
FIG_00007871,2605.30277v1,ML,figures/ML/FIG_00007871.png,fe7e8181f181916e
FIG_00007887,2605.30277v1,ML,figures/ML/FIG_00007887.png,fe7e8181f081c17e
FIG_00007888,2605.30277v1,ML,figures/ML/FIG_00007888.png,fe7e8181f081c17e
FIG_00007891,2605.30277v1,ML,figures/ML/FIG_00007891.png,fe7e8181f081c17e
FIG_00008196,2605.30396v1,ML,figures/ML/FIG_00008196.png,ab1b6b60309ce5b5
FIG_00008202,2605.30396v1,ML,figures/ML/FIG_00008202.png,ab1b6b60309ce5b5
FIG_00008224,2605.29952v1,ML,figures/ML/FIG_00008224.png,bad0b532da902f2d
FIG_00008225,2605.29952v1,ML,figures/ML/FIG_00008225.png,bad0b532da902f2d
FIG_00008244,2605.29939v1,ML,figures/ML/FIG_00008244.png,bf2178dc844e8e4e
FIG_00008245,2605.29939v1,ML,figures/ML/FIG_00008245.png,bf2178dc844e8e4e
FIG_00008278,2605.29911v1,ML,figures/ML/FIG_00008278.png,fa7a854b8585d585
FIG_00008279,2605.29911v1,ML,figures/ML/FIG_00008279.png,fa7a854b8585d585
FIG_00008514,2605.29587v1,ML,figures/ML/FIG_00008514.png,ad2d5e86c243f8d2
FIG_00008515,2605.29587v1,ML,figures/ML/FIG_00008515.png,ad2d5e86c243f8d2
FIG_00008561,2605.29548v1,ML,figures/ML/FIG_00008561.png,eb857c5a859a9c91
FIG_00008562,2605.29548v1,ML,figures/ML/FIG_00008562.png,eb857c5a859a9c91
FIG_00008605,2605.29489v1,ML,figures/ML/FIG_00008605.png,fa856a0e857a857a
FIG_00008606,2605.29489v1,ML,figures/ML/FIG_00008606.png,fa856a0e857a857a
FIG_00008613,2605.29464v1,ML,figures/ML/FIG_00008613.png,ed699126907e9593
FIG_00008614,2605.29464v1,ML,figures/ML/FIG_00008614.png,ed699126907e9593
FIG_00008615,2605.29464v1,ML,figures/ML/FIG_00008615.png,ed699126907e9593
FIG_00008617,2605.29464v1,ML,figures/ML/FIG_00008617.png,ed699126907e9593
FIG_00008681,2605.29329v1,ML,figures/ML/FIG_00008681.png,bfc5c05633ccd491
FIG_00008682,2605.29329v1,ML,figures/ML/FIG_00008682.png,bfc5c05633ccd491
FIG_00008726,2605.29228v1,ML,figures/ML/FIG_00008726.png,bfc0c01fd06e3f81
FIG_00008727,2605.29228v1,ML,figures/ML/FIG_00008727.png,bfc0c01fd06e3f81
FIG_00008743,2605.29190v1,ML,figures/ML/FIG_00008743.png,bea4e3c2ab1e94a1
FIG_00008744,2605.29190v1,ML,figures/ML/FIG_00008744.png,bea4e3c2ab1e94a1
FIG_00008762,2605.29172v1,ML,figures/ML/FIG_00008762.png,af1af087f0a1c6f0
FIG_00008766,2605.29172v1,ML,figures/ML/FIG_00008766.png,dad2a548a5b55a93
FIG_00008767,2605.29172v1,ML,figures/ML/FIG_00008767.png,dad2a548a5b55a93
FIG_00008768,2605.29172v1,ML,figures/ML/FIG_00008768.png,af1af087f0a1c6f0
FIG_00008819,2605.29114v1,ML,figures/ML/FIG_00008819.png,fe3bd03b91c481e4
FIG_00008820,2605.29114v1,ML,figures/ML/FIG_00008820.png,fe3bd03b91c481e4
FIG_00008851,2605.29075v1,ML,figures/ML/FIG_00008851.png,e46e9bb0d29f8183
FIG_00008852,2605.29075v1,ML,figures/ML/FIG_00008852.png,e46e9bb0d29f8183
FIG_00008871,2605.29058v1,ML,figures/ML/FIG_00008871.png,fbdcc431c6c784c1
FIG_00008872,2605.29058v1,ML,figures/ML/FIG_00008872.png,fbdcc431c6c784c1
FIG_00008928,2605.28980v1,ML,figures/ML/FIG_00008928.png,bf72c439e086f186
FIG_00008929,2605.28980v1,ML,figures/ML/FIG_00008929.png,bf72c439e086f186
FIG_00008930,2605.28980v1,ML,figures/ML/FIG_00008930.png,bf72c439e086f186
FIG_00008931,2605.28980v1,ML,figures/ML/FIG_00008931.png,bf72c439e086f186
FIG_00009085,2605.28711v2,ML,figures/ML/FIG_00009085.png,ae1a790c287937f1
FIG_00009086,2605.28711v2,ML,figures/ML/FIG_00009086.png,ae1a790c287937f1
FIG_00009144,2605.28684v1,ML,figures/ML/FIG_00009144.png,aff094f081f025f6
FIG_00009145,2605.28684v1,ML,figures/ML/FIG_00009145.png,aef4b0e334f510e1
FIG_00009146,2605.28684v1,ML,figures/ML/FIG_00009146.png,abe2949570d3d195
FIG_00009148,2605.28684v1,ML,figures/ML/FIG_00009148.png,aff094f081f025f6
FIG_00009149,2605.28684v1,ML,figures/ML/FIG_00009149.png,aef4b0e334f510e1
FIG_00009150,2605.28684v1,ML,figures/ML/FIG_00009150.png,abe2949570d3d195
FIG_00009179,2605.28649v1,ML,figures/ML/FIG_00009179.png,bb6ce419e4c8c8e6
FIG_00009180,2605.28649v1,ML,figures/ML/FIG_00009180.png,bb6ce419e4c8c8e6
FIG_00009246,2605.28612v1,ML,figures/ML/FIG_00009246.png,efa4c033b44f36d0
FIG_00009260,2605.28612v1,ML,figures/ML/FIG_00009260.png,efa4c033b44f36d0
FIG_00009447,2605.28440v1,ML,figures/ML/FIG_00009447.png,8ff25a8d81d0c52f
FIG_00009448,2605.28440v1,ML,figures/ML/FIG_00009448.png,8ff25a8d81d0c52f
FIG_00009470,2605.28412v1,ML,figures/ML/FIG_00009470.png,aff0438bdc09dc4c
FIG_00009471,2605.28412v1,ML,figures/ML/FIG_00009471.png,aff0438bdc09dc4c
FIG_00009519,2605.28304v1,ML,figures/ML/FIG_00009519.png,ef92c790b885906f
FIG_00009520,2605.28304v1,ML,figures/ML/FIG_00009520.png,ef92c790b885906f
FIG_00009535,2605.28296v1,ML,figures/ML/FIG_00009535.png,ea96c170936f34c9
FIG_00009536,2605.28296v1,ML,figures/ML/FIG_00009536.png,ea96c170936f34c9
FIG_00009550,2605.28287v1,ML,figures/ML/FIG_00009550.png,fbd194a1c5e2942d
FIG_00009551,2605.28287v1,ML,figures/ML/FIG_00009551.png,fbd194a1c5e2942d
FIG_00009611,2605.28222v1,ML,figures/ML/FIG_00009611.png,b65ac8c16727ad29
FIG_00009614,2605.28222v1,ML,figures/ML/FIG_00009614.png,ed4b9294656daa0b
FIG_00009616,2605.28222v1,ML,figures/ML/FIG_00009616.png,bf682e3d7161c099
FIG_00009617,2605.28222v1,ML,figures/ML/FIG_00009617.png,b65ac8c16727ad29
FIG_00009621,2605.28222v1,ML,figures/ML/FIG_00009621.png,ed4b9294656daa0b
FIG_00009624,2605.28222v1,ML,figures/ML/FIG_00009624.png,bf682e3d7161c099
FIG_00009744,2605.28142v1,ML,figures/ML/FIG_00009744.png,bf0fc243d06ca93c
FIG_00009745,2605.28142v1,ML,figures/ML/FIG_00009745.png,bf0fc243d06ca93c
FIG_00009797,2605.28068v2,ML,figures/ML/FIG_00009797.png,db63960ba95c8176
FIG_00009798,2605.28068v2,ML,figures/ML/FIG_00009798.png,db63960ba95c8176
FIG_00010086,2605.27756v1,ML,figures/ML/FIG_00010086.png,ba2fc5d1cad0d4d0
FIG_00010087,2605.27756v1,ML,figures/ML/FIG_00010087.png,ba2fc5d1cad0d4d0
FIG_00010116,2605.27734v1,ML,figures/ML/FIG_00010116.png,bb63e64ec8c89991
FIG_00010117,2605.27734v1,ML,figures/ML/FIG_00010117.png,bb63e64ec8c89991
FIG_00010179,2605.27690v1,ML,figures/ML/FIG_00010179.png,87497c38e23bc647
FIG_00010180,2605.27690v1,ML,figures/ML/FIG_00010180.png,87497c38e23bc647
FIG_00010262,2605.27601v1,ML,figures/ML/FIG_00010262.png,ef2f9870b0dac3c0
FIG_00010263,2605.27601v1,ML,figures/ML/FIG_00010263.png,ef2f9870b0dac3c0
FIG_00010286,2605.27541v1,ML,figures/ML/FIG_00010286.png,ab81fe54817ec1aa
FIG_00010299,2605.27541v1,ML,figures/ML/FIG_00010299.png,ab81fe54817ec1aa
FIG_00010331,2605.27526v1,ML,figures/ML/FIG_00010331.png,be70f130a12b7ed0
FIG_00010337,2605.27526v1,ML,figures/ML/FIG_00010337.png,be70f130a12b7ed0
FIG_00010339,2605.27526v1,ML,figures/ML/FIG_00010339.png,be70f130a12b5ed8
FIG_00010341,2605.27526v1,ML,figures/ML/FIG_00010341.png,be70f130a12b5ed8
FIG_00010342,2605.27526v1,ML,figures/ML/FIG_00010342.png,be70f130a12b7ed0
FIG_00010382,2605.27499v1,ML,figures/ML/FIG_00010382.png,fa5285ada84ad297
FIG_00010393,2605.27499v1,ML,figures/ML/FIG_00010393.png,fa5285ada84ad297
FIG_00010434,2605.27259v1,ML,figures/ML/FIG_00010434.png,b8d0862fd89c6537
FIG_00010436,2605.27259v1,ML,figures/ML/FIG_00010436.png,b8d0862fd89c6537
FIG_00010448,2605.27245v1,ML,figures/ML/FIG_00010448.png,b3dc72333c2781a9
FIG_00010449,2605.27245v1,ML,figures/ML/FIG_00010449.png,b3dc72333c2781a9
FIG_00010455,2605.27236v1,ML,figures/ML/FIG_00010455.png,b733d0ccc9898dcc
FIG_00010456,2605.27236v1,ML,figures/ML/FIG_00010456.png,b733d0ccc9898dcc
FIG_00010510,2605.27485v1,ML,figures/ML/FIG_00010510.png,eb8635e16e9940bc
FIG_00010511,2605.27485v1,ML,figures/ML/FIG_00010511.png,eb8635e16e9940bc
FIG_00010625,2605.26998v1,ML,figures/ML/FIG_00010625.png,fe29947e8196d681
FIG_00010626,2605.26998v1,ML,figures/ML/FIG_00010626.png,fe29947e8196d681
FIG_00010831,2605.26732v1,ML,figures/ML/FIG_00010831.png,ff73d61e808181e3
FIG_00010832,2605.26732v1,ML,figures/ML/FIG_00010832.png,ff73d61e808181e3
FIG_00010859,2605.26713v1,ML,figures/ML/FIG_00010859.png,ebbcb481d685d4c1
FIG_00010860,2605.26713v1,ML,figures/ML/FIG_00010860.png,ebbcb481d685d4c1
FIG_00010895,2605.26632v1,ML,figures/ML/FIG_00010895.png,fa9c95a490cae565
FIG_00010896,2605.26632v1,ML,figures/ML/FIG_00010896.png,fa9c95a490cae565
FIG_00010914,2605.26619v1,ML,figures/ML/FIG_00010914.png,b81b878138eccfd8
FIG_00010915,2605.26619v1,ML,figures/ML/FIG_00010915.png,b81b878138eccfd8
FIG_00010969,2605.26595v1,ML,figures/ML/FIG_00010969.png,cab5b586a54ae15a
FIG_00010970,2605.26595v1,ML,figures/ML/FIG_00010970.png,cab5b586a54ae15a
FIG_00011320,2605.26357v2,ML,figures/ML/FIG_00011320.png,ec68b1b3b1b48595
FIG_00011332,2605.26357v2,ML,figures/ML/FIG_00011332.png,ec68b1b3b1b48595
FIG_00011399,2605.26320v1,ML,figures/ML/FIG_00011399.png,b70fc80fc8f08df0
FIG_00011400,2605.26320v1,ML,figures/ML/FIG_00011400.png,b70fc80fc8f08df0
FIG_00011501,2605.26248v1,ML,figures/ML/FIG_00011501.png,ffe892c992e8809b
FIG_00011502,2605.26248v1,ML,figures/ML/FIG_00011502.png,ffe892c992e8809b
FIG_00011503,2605.26248v1,ML,figures/ML/FIG_00011503.png,ffe892c992e8809b
FIG_00011860,2605.31596v1,CV,figures/CV/FIG_00011860.png,ff818194817f807f
FIG_00011861,2605.31596v1,CV,figures/CV/FIG_00011861.png,ff858091817f8177
FIG_00011862,2605.31596v1,CV,figures/CV/FIG_00011862.png,ff818194817f807f
FIG_00011863,2605.31596v1,CV,figures/CV/FIG_00011863.png,ff858091817f8177
FIG_00011864,2605.31596v1,CV,figures/CV/FIG_00011864.png,ff858190816f907f
FIG_00011865,2605.31596v1,CV,figures/CV/FIG_00011865.png,ff858190816f907f
FIG_00011914,2605.31576v1,CV,figures/CV/FIG_00011914.png,befc8081d66f8139
FIG_00011915,2605.31576v1,CV,figures/CV/FIG_00011915.png,befc8081d66f8139
FIG_00012075,2605.31437v1,CV,figures/CV/FIG_00012075.png,bb1b90a4c6c6278f
FIG_00012076,2605.31437v1,CV,figures/CV/FIG_00012076.png,bb1b90a4c6c6278f
FIG_00012088,2605.31429v1,CV,figures/CV/FIG_00012088.png,ab2188c7d4d4d6da
FIG_00012089,2605.31429v1,CV,figures/CV/FIG_00012089.png,ab2188c7d4d4d6da
FIG_00012191,2605.31294v1,CV,figures/CV/FIG_00012191.png,acf0c707d2c9b478
FIG_00012192,2605.31294v1,CV,figures/CV/FIG_00012192.png,acf0c707d2c9b478
FIG_00012241,2605.30939v1,CV,figures/CV/FIG_00012241.png,ea336564b568989b
FIG_00012242,2605.30939v1,CV,figures/CV/FIG_00012242.png,ea336564b568989b
FIG_00012316,2605.30863v1,CV,figures/CV/FIG_00012316.png,fa85857e1e5a8127
FIG_00012317,2605.30863v1,CV,figures/CV/FIG_00012317.png,fa85857e1e5a8127
FIG_00012318,2605.30863v1,CV,figures/CV/FIG_00012318.png,eadd2a84852edd4a
FIG_00012319,2605.30863v1,CV,figures/CV/FIG_00012319.png,eadd2a84852edd4a
FIG_00012353,2605.30846v1,CV,figures/CV/FIG_00012353.png,bf91c16c86cb2d94
FIG_00012354,2605.30846v1,CV,figures/CV/FIG_00012354.png,bf91c16c86cb2d94
FIG_00012654,2605.30248v2,CV,figures/CV/FIG_00012654.png,cab5a4d9954a7362
FIG_00012655,2605.30248v2,CV,figures/CV/FIG_00012655.png,cab5a4d9954a7362
FIG_00012839,2605.30060v2,CV,figures/CV/FIG_00012839.png,ae0af0d5d5a5e1c1
FIG_00012840,2605.30060v2,CV,figures/CV/FIG_00012840.png,ae0af0d5d5a5e1c1
FIG_00013003,2605.29691v1,CV,figures/CV/FIG_00013003.png,ef70947cc147c01f
FIG_00013004,2605.29691v1,CV,figures/CV/FIG_00013004.png,ef70947cc147c01f
FIG_00013262,2605.29339v1,CV,figures/CV/FIG_00013262.png,9e43d05bacacd3d0
FIG_00013263,2605.29339v1,CV,figures/CV/FIG_00013263.png,9e43d05bacacd3d0
FIG_00013342,2605.29220v1,CV,figures/CV/FIG_00013342.png,a727d8d890d8d9d8
FIG_00013343,2605.29220v1,CV,figures/CV/FIG_00013343.png,a727d8d890d8d9d8
FIG_00013745,2605.31352v1,ROBOTICS,figures/ROBOTICS/FIG_00013745.png,e966b49396b19649
FIG_00013746,2605.31352v1,ROBOTICS,figures/ROBOTICS/FIG_00013746.png,e966b49396b19649
FIG_00013807,2605.31067v1,ROBOTICS,figures/ROBOTICS/FIG_00013807.png,f69d807b8bc69462
FIG_00013808,2605.31067v1,ROBOTICS,figures/ROBOTICS/FIG_00013808.png,f69d807b8bc69462
FIG_00013823,2605.30989v1,ROBOTICS,figures/ROBOTICS/FIG_00013823.png,ab3ed42186da83ae
FIG_00013825,2605.30989v1,ROBOTICS,figures/ROBOTICS/FIG_00013825.png,ab3ed42186da83ae
FIG_00013837,2605.30928v1,ROBOTICS,figures/ROBOTICS/FIG_00013837.png,ee85997a841bdac1
FIG_00013838,2605.30928v1,ROBOTICS,figures/ROBOTICS/FIG_00013838.png,ee85997a841bdac1
FIG_00013894,2605.30696v1,ROBOTICS,figures/ROBOTICS/FIG_00013894.png,bf33c11ce0c7ccc8
FIG_00013895,2605.30696v1,ROBOTICS,figures/ROBOTICS/FIG_00013895.png,bf33c11ce0c7ccc8
FIG_00013947,2605.30503v1,ROBOTICS,figures/ROBOTICS/FIG_00013947.png,ff2e813ad4c58585
FIG_00013948,2605.30503v1,ROBOTICS,figures/ROBOTICS/FIG_00013948.png,ff6f9081c41bc592
FIG_00013949,2605.30503v1,ROBOTICS,figures/ROBOTICS/FIG_00013949.png,ff6f9081c41bc592
FIG_00013950,2605.30503v1,ROBOTICS,figures/ROBOTICS/FIG_00013950.png,ff2e813ad4c58585
FIG_00013979,2605.30313v2,ROBOTICS,figures/ROBOTICS/FIG_00013979.png,fe81b736945981ca
FIG_00013981,2605.30313v2,ROBOTICS,figures/ROBOTICS/FIG_00013981.png,ee4e426c91d1d12f
FIG_00013982,2605.30313v2,ROBOTICS,figures/ROBOTICS/FIG_00013982.png,b931d4c464e6c69b
FIG_00013984,2605.30313v2,ROBOTICS,figures/ROBOTICS/FIG_00013984.png,f8a7c24ab15a61b5
FIG_00013985,2605.30313v2,ROBOTICS,figures/ROBOTICS/FIG_00013985.png,ba67c51f81428779
FIG_00013986,2605.30313v2,ROBOTICS,figures/ROBOTICS/FIG_00013986.png,ae9291c796794b1a
FIG_00013987,2605.30313v2,ROBOTICS,figures/ROBOTICS/FIG_00013987.png,fa86e1cdd0960db1
FIG_00014061,2605.29572v1,ROBOTICS,figures/ROBOTICS/FIG_00014061.png,b8c63be085b1c739
FIG_00014062,2605.29572v1,ROBOTICS,figures/ROBOTICS/FIG_00014062.png,b8c63be085b1c739
FIG_00014084,2605.29438v1,ROBOTICS,figures/ROBOTICS/FIG_00014084.png,bfc56a9cd422c02f
FIG_00014085,2605.29438v1,ROBOTICS,figures/ROBOTICS/FIG_00014085.png,bfc56a9cd422c02f
FIG_00014116,2605.29407v1,ROBOTICS,figures/ROBOTICS/FIG_00014116.png,ea98c76798c1947a
FIG_00014117,2605.29407v1,ROBOTICS,figures/ROBOTICS/FIG_00014117.png,ea98c76798c1947a
FIG_00014181,2605.29808v2,IMAGING,figures/IMAGING/FIG_00014181.png,fb11d0cec42ed0f1
FIG_00014182,2605.29808v2,IMAGING,figures/IMAGING/FIG_00014182.png,ae1a309bd2f8cb4a
FIG_00014183,2605.29808v2,IMAGING,figures/IMAGING/FIG_00014183.png,aac3b53c429eb549
FIG_00014184,2605.29808v2,IMAGING,figures/IMAGING/FIG_00014184.png,bec8e1b1e08d863e
FIG_00014185,2605.29808v2,IMAGING,figures/IMAGING/FIG_00014185.png,ab0d376b944ad4d4
FIG_00014186,2605.29808v2,IMAGING,figures/IMAGING/FIG_00014186.png,abd2c4e4e0ad913b
FIG_00014187,2605.29808v2,IMAGING,figures/IMAGING/FIG_00014187.png,af62c09dc23f9495
FIG_00014188,2605.29808v2,IMAGING,figures/IMAGING/FIG_00014188.png,bd6dc213c2d2c41f
FIG_00014189,2605.29808v2,IMAGING,figures/IMAGING/FIG_00014189.png,bb3fc41ac4c95a29
FIG_00014190,2605.29808v2,IMAGING,figures/IMAGING/FIG_00014190.png,be33c027d187c36c
FIG_00014191,2605.29808v2,IMAGING,figures/IMAGING/FIG_00014191.png,ae6b943bc13ec194
FIG_00014192,2605.29808v2,IMAGING,figures/IMAGING/FIG_00014192.png,ff6a943bc03f8481
FIG_00014193,2605.29808v2,IMAGING,figures/IMAGING/FIG_00014193.png,ee9c916ae63fc084
FIG_00014194,2605.29808v2,IMAGING,figures/IMAGING/FIG_00014194.png,e8279778988dc4d3
FIG_00014461,2605.21633v1,IMAGING,figures/IMAGING/FIG_00014461.png,fe9581c495c185db
FIG_00014462,2605.21633v1,IMAGING,figures/IMAGING/FIG_00014462.png,fe9581c495c185db
FIG_00014716,2605.17984v1,IMAGING,figures/IMAGING/FIG_00014716.png,eeb1b185914ec64e
FIG_00014717,2605.17984v1,IMAGING,figures/IMAGING/FIG_00014717.png,eeb1b185914ec64e
FIG_00015052,2605.12562v1,IMAGING,figures/IMAGING/FIG_00015052.png,af27d098c1ecd8d8
FIG_00015053,2605.12562v1,IMAGING,figures/IMAGING/FIG_00015053.png,af27d098c1ecd8d8
FIG_00015143,2605.09629v1,IMAGING,figures/IMAGING/FIG_00015143.png,be56c03bc2c13d5c
FIG_00015144,2605.09629v1,IMAGING,figures/IMAGING/FIG_00015144.png,be56c03bc2c13d5c
FIG_00015174,2605.09600v1,IMAGING,figures/IMAGING/FIG_00015174.png,d6a3ac4cab74b823
FIG_00015175,2605.09600v1,IMAGING,figures/IMAGING/FIG_00015175.png,d6a3ac4cab74b823
FIG_00015417,2605.05522v1,IMAGING,figures/IMAGING/FIG_00015417.png,fe7a81819db481f4
FIG_00015418,2605.05522v1,IMAGING,figures/IMAGING/FIG_00015418.png,fe7a81819db481f4
FIG_00015456,2605.04388v1,IMAGING,figures/IMAGING/FIG_00015456.png,fe8c737684739190
FIG_00015457,2605.04388v1,IMAGING,figures/IMAGING/FIG_00015457.png,fe8c737684739190
FIG_00015935,2605.00881v1,IMAGING,figures/IMAGING/FIG_00015935.png,bf3b912ac46ec06a
FIG_00015936,2605.00881v1,IMAGING,figures/IMAGING/FIG_00015936.png,bf3b912ac46ec06a
FIG_00015941,2605.00881v1,IMAGING,figures/IMAGING/FIG_00015941.png,ab7c812bd481d47e
FIG_00015942,2605.00881v1,IMAGING,figures/IMAGING/FIG_00015942.png,ab7c812bd481d47e
FIG_00016046,2604.21960v2,IMAGING,figures/IMAGING/FIG_00016046.png,aa80d580d57dd5d5
FIG_00016049,2604.21960v2,IMAGING,figures/IMAGING/FIG_00016049.png,aa80d580d57dd5d5
FIG_00016144,2604.22842v1,IMAGING,figures/IMAGING/FIG_00016144.png,efb93a68c07a9446
FIG_00016145,2604.22842v1,IMAGING,figures/IMAGING/FIG_00016145.png,efb93a68c07a9446
FIG_00016177,2604.19176v1,IMAGING,figures/IMAGING/FIG_00016177.png,fa858595857a856e
FIG_00016178,2604.19176v1,IMAGING,figures/IMAGING/FIG_00016178.png,fa858595857a856e
FIG_00016187,2604.19007v1,IMAGING,figures/IMAGING/FIG_00016187.png,ef81d07bd078907c
FIG_00016188,2604.19007v1,IMAGING,figures/IMAGING/FIG_00016188.png,ef81d07bd078907c
FIG_00016222,2605.00850v1,IMAGING,figures/IMAGING/FIG_00016222.png,f95892878778da38
FIG_00016223,2605.00850v1,IMAGING,figures/IMAGING/FIG_00016223.png,f95892878778da38
FIG_00016338,2604.15561v1,IMAGING,figures/IMAGING/FIG_00016338.png,bb91c46a956e831d
FIG_00016339,2604.15561v1,IMAGING,figures/IMAGING/FIG_00016339.png,bb91c46a956e831d
FIG_00017014,2604.04470v1,IMAGING,figures/IMAGING/FIG_00017014.png,eb739c6c9091d0c7
FIG_00017015,2604.04470v1,IMAGING,figures/IMAGING/FIG_00017015.png,eb739c6c9091d0c7
FIG_00017080,2604.03564v1,IMAGING,figures/IMAGING/FIG_00017080.png,ff3694d0c1c9c1c9
FIG_00017081,2604.03564v1,IMAGING,figures/IMAGING/FIG_00017081.png,ff3694d0c1c9c1c9
FIG_00017212,2604.01134v1,IMAGING,figures/IMAGING/FIG_00017212.png,be8de0e3d2dac160
FIG_00017213,2604.01134v1,IMAGING,figures/IMAGING/FIG_00017213.png,be8de0e3d2dac160
FIG_00017228,2604.01122v1,IMAGING,figures/IMAGING/FIG_00017228.png,ea9095c4957b956a
FIG_00017234,2604.01122v1,IMAGING,figures/IMAGING/FIG_00017234.png,ea9095c4957b956a
FIG_00017278,2604.00251v1,IMAGING,figures/IMAGING/FIG_00017278.png,decce131bc08bf21
FIG_00017279,2604.00251v1,IMAGING,figures/IMAGING/FIG_00017279.png,decce131bc08bf21
FIG_00017355,2603.29034v1,IMAGING,figures/IMAGING/FIG_00017355.png,eb86c439847ae995
FIG_00017356,2603.29034v1,IMAGING,figures/IMAGING/FIG_00017356.png,eb86c439847ae995
FIG_00017425,2603.27798v1,IMAGING,figures/IMAGING/FIG_00017425.png,cac9913e95b43636
FIG_00017426,2603.27798v1,IMAGING,figures/IMAGING/FIG_00017426.png,cac9913e95b43636
FIG_00017516,2603.26014v1,IMAGING,figures/IMAGING/FIG_00017516.png,ff7a801d967f8081
FIG_00017517,2603.26014v1,IMAGING,figures/IMAGING/FIG_00017517.png,ff7a801d967f8081
FIG_00017534,2603.25945v1,IMAGING,figures/IMAGING/FIG_00017534.png,ab1b94a5665683e9
FIG_00017535,2603.25945v1,IMAGING,figures/IMAGING/FIG_00017535.png,ab1b94a5665683e9
FIG_00017566,2603.25566v1,IMAGING,figures/IMAGING/FIG_00017566.png,feb1a103dc5e89a1
FIG_00017567,2603.25566v1,IMAGING,figures/IMAGING/FIG_00017567.png,feb1a103dc5e89a1
FIG_00017770,2603.22496v1,IMAGING,figures/IMAGING/FIG_00017770.png,cab5b54ab54aa4a5
FIG_00017771,2603.22496v1,IMAGING,figures/IMAGING/FIG_00017771.png,cab5b54ab54aa4a5
FIG_00017828,2603.22378v1,IMAGING,figures/IMAGING/FIG_00017828.png,b41883c3c3bdbc78
FIG_00017829,2603.22378v1,IMAGING,figures/IMAGING/FIG_00017829.png,b41883c3c3bdbc78
FIG_00018016,2603.17415v1,IMAGING,figures/IMAGING/FIG_00018016.png,faca4db0853e925a
FIG_00018017,2603.17415v1,IMAGING,figures/IMAGING/FIG_00018017.png,faca4db0853e925a
FIG_00018141,2603.26695v1,IMAGING,figures/IMAGING/FIG_00018141.png,cf693a92b224e569
FIG_00018143,2603.26695v1,IMAGING,figures/IMAGING/FIG_00018143.png,cf693a92b224e569
FIG_00018253,2603.13699v1,IMAGING,figures/IMAGING/FIG_00018253.png,bee1c13ec1c13ec1
FIG_00018254,2603.13699v1,IMAGING,figures/IMAGING/FIG_00018254.png,bee1c13ec1c13ec1
FIG_00018415,2603.12667v1,IMAGING,figures/IMAGING/FIG_00018415.png,8f87f85aa43cc931
FIG_00018439,2603.12445v1,IMAGING,figures/IMAGING/FIG_00018439.png,bb3f3bc0c448c467
FIG_00018440,2603.12445v1,IMAGING,figures/IMAGING/FIG_00018440.png,bb3f3bc0c448c467
FIG_00018487,2603.12083v1,IMAGING,figures/IMAGING/FIG_00018487.png,bf94d06aa02baf07
FIG_00018488,2603.12083v1,IMAGING,figures/IMAGING/FIG_00018488.png,bf94d06aa02baf07
FIG_00018624,2603.09657v1,IMAGING,figures/IMAGING/FIG_00018624.png,ea800a7fd53f948a
FIG_00018625,2603.09657v1,IMAGING,figures/IMAGING/FIG_00018625.png,ea800a7fd53f948a
FIG_00018692,2603.08503v1,IMAGING,figures/IMAGING/FIG_00018692.png,e6b5f813984a95d8
FIG_00018693,2603.08503v1,IMAGING,figures/IMAGING/FIG_00018693.png,e6b5f813984a95d8
FIG_00018909,2603.03938v1,IMAGING,figures/IMAGING/FIG_00018909.png,aebc3cc3c183c3c3
FIG_00018910,2603.03938v1,IMAGING,figures/IMAGING/FIG_00018910.png,aebc3cc3c183c3c3
FIG_00018941,2603.06684v1,IMAGING,figures/IMAGING/FIG_00018941.png,af930e68906ed1d3
FIG_00018942,2603.06684v1,IMAGING,figures/IMAGING/FIG_00018942.png,af930e68906ed1d3
FIG_00018954,2603.03654v1,IMAGING,figures/IMAGING/FIG_00018954.png,ee93952c5b64d168
FIG_00018955,2603.03654v1,IMAGING,figures/IMAGING/FIG_00018955.png,ee93952c5b64d168
FIG_00019002,2603.03654v1,IMAGING,figures/IMAGING/FIG_00019002.png,8f87f85aa43cc931
FIG_00019012,2603.03654v1,IMAGING,figures/IMAGING/FIG_00019012.png,bf37c03ed1c9c8c0
FIG_00019013,2603.03654v1,IMAGING,figures/IMAGING/FIG_00019013.png,bf37c03ed1c9c8c0
FIG_00019182,2603.01584v1,IMAGING,figures/IMAGING/FIG_00019182.png,be4fc4b2b385c168
FIG_00019183,2603.01584v1,IMAGING,figures/IMAGING/FIG_00019183.png,be4fc4b2b385c168
FIG_00019304,2602.23533v1,IMAGING,figures/IMAGING/FIG_00019304.png,ad8fd2f0c621833d
FIG_00019305,2602.23533v1,IMAGING,figures/IMAGING/FIG_00019305.png,ad8fd2f0c621833d
FIG_00019338,2602.22974v1,IMAGING,figures/IMAGING/FIG_00019338.png,ab93d2f4ad0e8668
FIG_00019339,2602.22974v1,IMAGING,figures/IMAGING/FIG_00019339.png,ab93d2f4ad0e8668
FIG_00019409,2602.22275v1,IMAGING,figures/IMAGING/FIG_00019409.png,ff7f85a02a0a84d5
FIG_00019410,2602.22275v1,IMAGING,figures/IMAGING/FIG_00019410.png,ff7f85a02a0a84d5
FIG_00019814,2602.15779v1,IMAGING,figures/IMAGING/FIG_00019814.png,ae6cd1d3969d3c20
FIG_00019815,2602.15779v1,IMAGING,figures/IMAGING/FIG_00019815.png,ae6cd1d3969d3c20
FIG_00019839,2602.15917v1,IMAGING,figures/IMAGING/FIG_00019839.png,baccc53ad481ce96
FIG_00019840,2602.15917v1,IMAGING,figures/IMAGING/FIG_00019840.png,baccc53ad481ce96
FIG_00020069,2602.13344v1,IMAGING,figures/IMAGING/FIG_00020069.png,8f703da569cbc894
FIG_00020070,2602.13344v1,IMAGING,figures/IMAGING/FIG_00020070.png,8f703da569cbc894
FIG_00020216,2602.10336v1,IMAGING,figures/IMAGING/FIG_00020216.png,fecb85f585858581
FIG_00020217,2602.10336v1,IMAGING,figures/IMAGING/FIG_00020217.png,fecb85f585858581
FIG_00020352,2602.07403v1,IMAGING,figures/IMAGING/FIG_00020352.png,bbc8c4a6fc72850e
FIG_00020353,2602.07403v1,IMAGING,figures/IMAGING/FIG_00020353.png,bbc8c4a6fc72850e
FIG_00020355,2602.07393v1,IMAGING,figures/IMAGING/FIG_00020355.png,872db452dac94bc9
FIG_00020356,2602.07393v1,IMAGING,figures/IMAGING/FIG_00020356.png,872db452dac94bc9
FIG_00020395,2602.07094v1,IMAGING,figures/IMAGING/FIG_00020395.png,daa53d5aa51ae41a
FIG_00020396,2602.07094v1,IMAGING,figures/IMAGING/FIG_00020396.png,daa53d5aa51ae41a
FIG_00020512,2602.04944v1,IMAGING,figures/IMAGING/FIG_00020512.png,ef999066909f9166
FIG_00020513,2602.04944v1,IMAGING,figures/IMAGING/FIG_00020513.png,ef999066909f9166
FIG_00020522,2602.04834v1,IMAGING,figures/IMAGING/FIG_00020522.png,ee6c916e9193cc91
FIG_00020523,2602.04834v1,IMAGING,figures/IMAGING/FIG_00020523.png,ee6c916e9193cc91
FIG_00020640,2605.22907v1,CV,figures/CV/FIG_00020640.png,bf85e1dac06252b5
FIG_00020641,2605.22907v1,CV,figures/CV/FIG_00020641.png,bf85e1dac06252b5
FIG_00020700,2605.22816v1,CV,figures/CV/FIG_00020700.png,be38c3c39cccc5a4
FIG_00020701,2605.22816v1,CV,figures/CV/FIG_00020701.png,be38c3c39cccc5a4
FIG_00020730,2605.22904v2,CV,figures/CV/FIG_00020730.png,ea4a9586e535ccb4
FIG_00020731,2605.22904v2,CV,figures/CV/FIG_00020731.png,ea4a9586e535ccb4
FIG_00020804,2605.22679v1,CV,figures/CV/FIG_00020804.png,bc69c3963c78c169
FIG_00020805,2605.22679v1,CV,figures/CV/FIG_00020805.png,bc69c3963c78c169
FIG_00020841,2605.22668v1,CV,figures/CV/FIG_00020841.png,ea68d1969ee0e073
FIG_00020842,2605.22668v1,CV,figures/CV/FIG_00020842.png,ea68d1969ee0e073
FIG_00020904,2605.22591v1,CV,figures/CV/FIG_00020904.png,e89697699669c296
FIG_00020905,2605.22591v1,CV,figures/CV/FIG_00020905.png,e89697699669c296
FIG_00020967,2605.22570v1,CV,figures/CV/FIG_00020967.png,af6a6a1ed0c19595
FIG_00020971,2605.22570v1,CV,figures/CV/FIG_00020971.png,af6a6a1ed0c19595
FIG_00021054,2605.22552v1,CV,figures/CV/FIG_00021054.png,f812c7699769c686
FIG_00021055,2605.22552v1,CV,figures/CV/FIG_00021055.png,f812c7699769c686
FIG_00021066,2605.28736v1,ROBOTICS,figures/ROBOTICS/FIG_00021066.png,fb6984e484b63db0
FIG_00021067,2605.28736v1,ROBOTICS,figures/ROBOTICS/FIG_00021067.png,fb6984e484b63db0
FIG_00021109,2605.28362v1,ROBOTICS,figures/ROBOTICS/FIG_00021109.png,8f0ff00ef0c5d1e1
FIG_00021110,2605.28362v1,ROBOTICS,figures/ROBOTICS/FIG_00021110.png,8f0ff00ef0c5d1e1
FIG_00021286,2605.27539v1,ROBOTICS,figures/ROBOTICS/FIG_00021286.png,bfc6c03b902da572
FIG_00021287,2605.27539v1,ROBOTICS,figures/ROBOTICS/FIG_00021287.png,bfc6c03b902da572
FIG_00021318,2605.27491v1,ROBOTICS,figures/ROBOTICS/FIG_00021318.png,aad5d594c554952d
FIG_00021319,2605.27491v1,ROBOTICS,figures/ROBOTICS/FIG_00021319.png,aad5d594c554952d
FIG_00021323,2605.27491v1,ROBOTICS,figures/ROBOTICS/FIG_00021323.png,ffd4c0d481e2847b
FIG_00021324,2605.27491v1,ROBOTICS,figures/ROBOTICS/FIG_00021324.png,ffd4c0d481e2847b
FIG_00021340,2605.27167v1,ROBOTICS,figures/ROBOTICS/FIG_00021340.png,ffd191c0813fc496
FIG_00021341,2605.27167v1,ROBOTICS,figures/ROBOTICS/FIG_00021341.png,ffd191c0813fc496
FIG_00021343,2605.27114v2,ROBOTICS,figures/ROBOTICS/FIG_00021343.png,9e5ce1c3e2b0991b
FIG_00021344,2605.27114v2,ROBOTICS,figures/ROBOTICS/FIG_00021344.png,9e5ce1c3e2b0991b
FIG_00021382,2605.26936v1,ROBOTICS,figures/ROBOTICS/FIG_00021382.png,aa7b956cc59595c0
FIG_00021383,2605.26936v1,ROBOTICS,figures/ROBOTICS/FIG_00021383.png,aa7b956cc59595c0
FIG_00021405,2605.26856v1,ROBOTICS,figures/ROBOTICS/FIG_00021405.png,ea4ab5b594525a9a
FIG_00021406,2605.26856v1,ROBOTICS,figures/ROBOTICS/FIG_00021406.png,ea4ab5b594525a9a
FIG_00021493,2605.26430v2,ROBOTICS,figures/ROBOTICS/FIG_00021493.png,9bc42d3be1f0c427
FIG_00021494,2605.26430v2,ROBOTICS,figures/ROBOTICS/FIG_00021494.png,9bc42d3be1f0c427
FIG_00021668,2605.25401v1,ROBOTICS,figures/ROBOTICS/FIG_00021668.png,fb2d842c852cd7d1
FIG_00021670,2605.25401v1,ROBOTICS,figures/ROBOTICS/FIG_00021670.png,fb2d842c852cd7d1
FIG_00021785,2605.25005v1,ROBOTICS,figures/ROBOTICS/FIG_00021785.png,ac79d28687cc2d4b
FIG_00021786,2605.25005v1,ROBOTICS,figures/ROBOTICS/FIG_00021786.png,ac79d28687cc2d4b
FIG_00021857,2605.24813v1,ROBOTICS,figures/ROBOTICS/FIG_00021857.png,aa77d22c8197cd68
FIG_00021858,2605.24813v1,ROBOTICS,figures/ROBOTICS/FIG_00021858.png,aa77d22c8197cd68
FIG_00022038,2605.24225v1,ROBOTICS,figures/ROBOTICS/FIG_00022038.png,fe5ad181817b26b4
FIG_00022039,2605.24225v1,ROBOTICS,figures/ROBOTICS/FIG_00022039.png,fe5ad181817b26b4
FIG_00022068,2605.24125v1,ROBOTICS,figures/ROBOTICS/FIG_00022068.png,fb80d47f823f8087
FIG_00022069,2605.24125v1,ROBOTICS,figures/ROBOTICS/FIG_00022069.png,fb80d47f823f8087
FIG_00022131,2605.23583v1,ROBOTICS,figures/ROBOTICS/FIG_00022131.png,f866c3c88d3193b3
FIG_00022132,2605.23583v1,ROBOTICS,figures/ROBOTICS/FIG_00022132.png,f866c3c88d3193b3
FIG_00022139,2605.23568v1,ROBOTICS,figures/ROBOTICS/FIG_00022139.png,e273a5652523ec95
FIG_00022140,2605.23568v1,ROBOTICS,figures/ROBOTICS/FIG_00022140.png,e273a5652523ec95
FIG_00022172,2605.23263v1,ROBOTICS,figures/ROBOTICS/FIG_00022172.png,ee4ad89dc12d91b1
FIG_00022173,2605.23263v1,ROBOTICS,figures/ROBOTICS/FIG_00022173.png,ee4ad89dc12d91b1
FIG_00022299,2605.22896v1,ROBOTICS,figures/ROBOTICS/FIG_00022299.png,bcbd664a68296687
FIG_00022300,2605.22896v1,ROBOTICS,figures/ROBOTICS/FIG_00022300.png,bcbd664a68296687
FIG_00022302,2605.22600v1,ROBOTICS,figures/ROBOTICS/FIG_00022302.png,ea5bca44eca407b5
FIG_00022303,2605.22600v1,ROBOTICS,figures/ROBOTICS/FIG_00022303.png,ea5bca44eca407b5
FIG_00022408,2605.22206v1,ROBOTICS,figures/ROBOTICS/FIG_00022408.png,eb35346676632531
FIG_00022409,2605.22206v1,ROBOTICS,figures/ROBOTICS/FIG_00022409.png,eb35346676632531
FIG_00022516,2605.21932v1,ROBOTICS,figures/ROBOTICS/FIG_00022516.png,a769e68f949c3072
FIG_00022517,2605.21932v1,ROBOTICS,figures/ROBOTICS/FIG_00022517.png,a769e68f949c3072
FIG_00022811,2605.21053v1,ROBOTICS,figures/ROBOTICS/FIG_00022811.png,eac195787a854f38
FIG_00022812,2605.21053v1,ROBOTICS,figures/ROBOTICS/FIG_00022812.png,eac195787a854f38
FIG_00022896,2605.20821v1,ROBOTICS,figures/ROBOTICS/FIG_00022896.png,abf4a3178c6ad40b
FIG_00022897,2605.20821v1,ROBOTICS,figures/ROBOTICS/FIG_00022897.png,abf4a3178c6ad40b
FIG_00022964,2605.20758v1,ROBOTICS,figures/ROBOTICS/FIG_00022964.png,9f1fe4f048e0b10f
FIG_00022965,2605.20758v1,ROBOTICS,figures/ROBOTICS/FIG_00022965.png,9f1fe4f048e0b10f
FIG_00023092,2605.20390v1,ROBOTICS,figures/ROBOTICS/FIG_00023092.png,af87d1d88485d07b
FIG_00023093,2605.20390v1,ROBOTICS,figures/ROBOTICS/FIG_00023093.png,af87d1d88485d07b
FIG_00023228,2605.19837v1,ROBOTICS,figures/ROBOTICS/FIG_00023228.png,ebca9695949494b5
FIG_00023230,2605.19837v1,ROBOTICS,figures/ROBOTICS/FIG_00023230.png,ebca9695949494b5
FIG_00023401,2605.19314v1,ROBOTICS,figures/ROBOTICS/FIG_00023401.png,afe1d0b6d0292dc9
FIG_00023402,2605.19314v1,ROBOTICS,figures/ROBOTICS/FIG_00023402.png,afe1d0b6d0292dc9
FIG_00023467,2605.19202v1,ROBOTICS,figures/ROBOTICS/FIG_00023467.png,bf30c1c1d06dc70f
FIG_00023468,2605.19202v1,ROBOTICS,figures/ROBOTICS/FIG_00023468.png,bf30c1c1d06dc70f
FIG_00023479,2605.19166v1,ROBOTICS,figures/ROBOTICS/FIG_00023479.png,ff79e29f8490a2c0
FIG_00023480,2605.19166v1,ROBOTICS,figures/ROBOTICS/FIG_00023480.png,ff79e29f8490a2c0
FIG_00023611,2605.19004v1,ROBOTICS,figures/ROBOTICS/FIG_00023611.png,bfc9c0b59594c1c9
FIG_00023612,2605.19004v1,ROBOTICS,figures/ROBOTICS/FIG_00023612.png,bfc9c0b59594c1c9
FIG_00023645,2605.18727v1,ROBOTICS,figures/ROBOTICS/FIG_00023645.png,bb6e9168c49dc495
FIG_00023646,2605.18727v1,ROBOTICS,figures/ROBOTICS/FIG_00023646.png,bb6e9168c49dc495
FIG_00023868,2605.17815v1,ROBOTICS,figures/ROBOTICS/FIG_00023868.png,fb32d18c85f1d0a5
FIG_00023869,2605.17815v1,ROBOTICS,figures/ROBOTICS/FIG_00023869.png,fb32d18c85f1d0a5
FIG_00023943,2605.17593v1,ROBOTICS,figures/ROBOTICS/FIG_00023943.png,da41956ee1b6c02f
FIG_00023944,2605.17593v1,ROBOTICS,figures/ROBOTICS/FIG_00023944.png,da41956ee1b6c02f
FIG_00024083,2605.17249v1,ROBOTICS,figures/ROBOTICS/FIG_00024083.png,8f8fd0b0a764b525
FIG_00024084,2605.17249v1,ROBOTICS,figures/ROBOTICS/FIG_00024084.png,8f8fd0b0a764b525
FIG_00024137,2605.17077v1,ROBOTICS,figures/ROBOTICS/FIG_00024137.png,af61d09a957af025
FIG_00024138,2605.17077v1,ROBOTICS,figures/ROBOTICS/FIG_00024138.png,af61d09a957af025
FIG_00024266,2605.16552v1,ROBOTICS,figures/ROBOTICS/FIG_00024266.png,f293d8c1a74c9d0e
FIG_00024267,2605.16552v1,ROBOTICS,figures/ROBOTICS/FIG_00024267.png,f293d8c1a74c9d0e
FIG_00024432,2605.15944v2,ROBOTICS,figures/ROBOTICS/FIG_00024432.png,fa296a1e2e246a7a
FIG_00024433,2605.15944v2,ROBOTICS,figures/ROBOTICS/FIG_00024433.png,fa296a1e2e246a7a
FIG_00024546,2605.15654v1,ROBOTICS,figures/ROBOTICS/FIG_00024546.png,9ba7e1588e1f82a6
FIG_00024547,2605.15654v1,ROBOTICS,figures/ROBOTICS/FIG_00024547.png,9ba7e1588e1f82a6
FIG_00024764,2605.15120v2,ROBOTICS,figures/ROBOTICS/FIG_00024764.png,ae2cd1d8d385d127
FIG_00024765,2605.15120v2,ROBOTICS,figures/ROBOTICS/FIG_00024765.png,ae2cd1d8d385d127
FIG_00024825,2605.14810v1,ROBOTICS,figures/ROBOTICS/FIG_00024825.png,afd0817a7e3f8428
FIG_00024827,2605.14810v1,ROBOTICS,figures/ROBOTICS/FIG_00024827.png,afd0817a7e3f8428
FIG_00024839,2605.14801v1,ROBOTICS,figures/ROBOTICS/FIG_00024839.png,fe2d85d285b1e162
FIG_00024840,2605.14801v1,ROBOTICS,figures/ROBOTICS/FIG_00024840.png,fe2d85d285b1e162
FIG_00024847,2605.14742v1,ROBOTICS,figures/ROBOTICS/FIG_00024847.png,fe8f87c3a182855c
FIG_00024848,2605.14742v1,ROBOTICS,figures/ROBOTICS/FIG_00024848.png,fe8f87c3a182855c
FIG_00024937,2605.14396v1,ROBOTICS,figures/ROBOTICS/FIG_00024937.png,bb42d439e5951ec2
FIG_00024938,2605.14396v1,ROBOTICS,figures/ROBOTICS/FIG_00024938.png,bb42d439e5951ec2
FIG_00025185,2605.13428v1,ROBOTICS,figures/ROBOTICS/FIG_00025185.png,ab31c82e94d895b7
FIG_00025186,2605.13428v1,ROBOTICS,figures/ROBOTICS/FIG_00025186.png,ab31c82e94d895b7
FIG_00025266,2605.13321v1,ROBOTICS,figures/ROBOTICS/FIG_00025266.png,be91c41e916e915b
FIG_00025267,2605.13321v1,ROBOTICS,figures/ROBOTICS/FIG_00025267.png,be91c41e916e915b
FIG_00025430,2605.13006v1,ROBOTICS,figures/ROBOTICS/FIG_00025430.png,eee6b41969699292
FIG_00025431,2605.13006v1,ROBOTICS,figures/ROBOTICS/FIG_00025431.png,eee6b41969699292
FIG_00025432,2605.13006v1,ROBOTICS,figures/ROBOTICS/FIG_00025432.png,e8e69639c92db0c3
FIG_00025433,2605.13006v1,ROBOTICS,figures/ROBOTICS/FIG_00025433.png,e8e69639c92db0c3
FIG_00025469,2605.12790v1,ROBOTICS,figures/ROBOTICS/FIG_00025469.png,b11acfc3713878c3
FIG_00025471,2605.12790v1,ROBOTICS,figures/ROBOTICS/FIG_00025471.png,b11acfc3713878c3
FIG_00025505,2605.12735v1,ROBOTICS,figures/ROBOTICS/FIG_00025505.png,bf1b95c2c833cce0
FIG_00025506,2605.12735v1,ROBOTICS,figures/ROBOTICS/FIG_00025506.png,bf1b95c2c833cce0
FIG_00025520,2605.12735v1,ROBOTICS,figures/ROBOTICS/FIG_00025520.png,ebbcc486d0d185f4
FIG_00025521,2605.12735v1,ROBOTICS,figures/ROBOTICS/FIG_00025521.png,ebbcc486d0d185f4
FIG_00025524,2605.12735v1,ROBOTICS,figures/ROBOTICS/FIG_00025524.png,bac2c129b4dac4ed
FIG_00025525,2605.12735v1,ROBOTICS,figures/ROBOTICS/FIG_00025525.png,bac2c129b4dac4ed
FIG_00025618,2605.12625v2,ROBOTICS,figures/ROBOTICS/FIG_00025618.png,fa8c8d7ab085c791
FIG_00025619,2605.12625v2,ROBOTICS,figures/ROBOTICS/FIG_00025619.png,fa8c8d7ab085c791
FIG_00025657,2605.12369v1,ROBOTICS,figures/ROBOTICS/FIG_00025657.png,ea3191e6b03e9c66
FIG_00025658,2605.12369v1,ROBOTICS,figures/ROBOTICS/FIG_00025658.png,ea3191e6b03e9c66
FIG_00025684,2605.12347v1,ROBOTICS,figures/ROBOTICS/FIG_00025684.png,afd4b261cd964c70
FIG_00025685,2605.12347v1,ROBOTICS,figures/ROBOTICS/FIG_00025685.png,afd4b261cd964c70
FIG_00025737,2605.12182v1,ROBOTICS,figures/ROBOTICS/FIG_00025737.png,fa1c92a58c7aa16b
FIG_00025738,2605.12182v1,ROBOTICS,figures/ROBOTICS/FIG_00025738.png,fa1c92a58c7aa16b
FIG_00025941,2605.11564v1,ROBOTICS,figures/ROBOTICS/FIG_00025941.png,e3949d4b94ae9c91
FIG_00025942,2605.11564v1,ROBOTICS,figures/ROBOTICS/FIG_00025942.png,e3949d4b94ae9c91
FIG_00025944,2605.11564v1,ROBOTICS,figures/ROBOTICS/FIG_00025944.png,ffd7c4a0c17e802a
FIG_00025945,2605.11564v1,ROBOTICS,figures/ROBOTICS/FIG_00025945.png,ffd7c4a0c17e802a
FIG_00025964,2605.11534v1,ROBOTICS,figures/ROBOTICS/FIG_00025964.png,fa6e817a857a8585
FIG_00025965,2605.11534v1,ROBOTICS,figures/ROBOTICS/FIG_00025965.png,fa6e817a857a8585
FIG_00025990,2605.11473v1,ROBOTICS,figures/ROBOTICS/FIG_00025990.png,ac1eb4e5894bc653
FIG_00025991,2605.11473v1,ROBOTICS,figures/ROBOTICS/FIG_00025991.png,ac1eb4e5894bc653
FIG_00026141,2605.10917v1,ROBOTICS,figures/ROBOTICS/FIG_00026141.png,af7885857087f02f
FIG_00026142,2605.10917v1,ROBOTICS,figures/ROBOTICS/FIG_00026142.png,af7885857087f02f
FIG_00026144,2605.10917v1,ROBOTICS,figures/ROBOTICS/FIG_00026144.png,bb3b1dccc4c44ce2
FIG_00026145,2605.10917v1,ROBOTICS,figures/ROBOTICS/FIG_00026145.png,bb3b1dccc4c44ce2
FIG_00026177,2605.10821v1,ROBOTICS,figures/ROBOTICS/FIG_00026177.png,eb6a9585e4d2d164
FIG_00026178,2605.10821v1,ROBOTICS,figures/ROBOTICS/FIG_00026178.png,eb6a9585e4d2d164
FIG_00026287,2605.10457v1,ROBOTICS,figures/ROBOTICS/FIG_00026287.png,f2e7875a4c8459cc
FIG_00026288,2605.10457v1,ROBOTICS,figures/ROBOTICS/FIG_00026288.png,f2e7875a4c8459cc
FIG_00026356,2605.10307v1,ROBOTICS,figures/ROBOTICS/FIG_00026356.png,fe2b8181d56f91d0
FIG_00026357,2605.10307v1,ROBOTICS,figures/ROBOTICS/FIG_00026357.png,fe2b8181d56f91d0
FIG_00026382,2605.10118v1,ROBOTICS,figures/ROBOTICS/FIG_00026382.png,ae9c9d63c103d16b
FIG_00026383,2605.10118v1,ROBOTICS,figures/ROBOTICS/FIG_00026383.png,ae9c9d63c103d16b
FIG_00026660,2605.09494v1,ROBOTICS,figures/ROBOTICS/FIG_00026660.png,afcc90d292d292ed
FIG_00026661,2605.09494v1,ROBOTICS,figures/ROBOTICS/FIG_00026661.png,afcc90d292d292ed
FIG_00026843,2605.09073v1,ROBOTICS,figures/ROBOTICS/FIG_00026843.png,ea3385ce1a8de934
FIG_00026844,2605.09073v1,ROBOTICS,figures/ROBOTICS/FIG_00026844.png,ea3385ce1a8de934
FIG_00027055,2605.08084v1,ROBOTICS,figures/ROBOTICS/FIG_00027055.png,e24a98352d9cf6c9
FIG_00027056,2605.08084v1,ROBOTICS,figures/ROBOTICS/FIG_00027056.png,e24a98352d9cf6c9
FIG_00027286,2605.07079v1,ROBOTICS,figures/ROBOTICS/FIG_00027286.png,fa898189857ec676
FIG_00027290,2605.07079v1,ROBOTICS,figures/ROBOTICS/FIG_00027290.png,fa898189857ec676
FIG_00027382,2605.06593v1,ROBOTICS,figures/ROBOTICS/FIG_00027382.png,bef0c1c7c11e909e
FIG_00027383,2605.06593v1,ROBOTICS,figures/ROBOTICS/FIG_00027383.png,bef0c1c7c11e909e
FIG_00027453,2602.07019v1,IMAGING,figures/IMAGING/FIG_00027453.png,ea7a9595c085943f
FIG_00027454,2602.07019v1,IMAGING,figures/IMAGING/FIG_00027454.png,ea7a9595c085943f
FIG_00027485,2602.07015v2,IMAGING,figures/IMAGING/FIG_00027485.png,fa168b65b369a44a
FIG_00027487,2602.07015v2,IMAGING,figures/IMAGING/FIG_00027487.png,fa168b65b369a44a
FIG_00027716,2601.22202v2,IMAGING,figures/IMAGING/FIG_00027716.png,af1b9846e9c9ac89
FIG_00027717,2601.22202v2,IMAGING,figures/IMAGING/FIG_00027717.png,af1b9846e9c9ac89
FIG_00028000,2601.17143v2,IMAGING,figures/IMAGING/FIG_00028000.png,fb2e8c3684738c3a
FIG_00028001,2601.17143v2,IMAGING,figures/IMAGING/FIG_00028001.png,fb2e8c3684738c3a
FIG_00028048,2601.16660v1,IMAGING,figures/IMAGING/FIG_00028048.png,8df1f258a58df10c
FIG_00028049,2601.16660v1,IMAGING,figures/IMAGING/FIG_00028049.png,8df1f258a58df10c
FIG_00028087,2601.16064v1,IMAGING,figures/IMAGING/FIG_00028087.png,dea3e29c9cc4861b
FIG_00028088,2601.16064v1,IMAGING,figures/IMAGING/FIG_00028088.png,dea3e29c9cc4861b
FIG_00028189,2601.17047v1,IMAGING,figures/IMAGING/FIG_00028189.png,ff3fc05a80a581d6
FIG_00028190,2601.17047v1,IMAGING,figures/IMAGING/FIG_00028190.png,ff3fc05a80a581d6
FIG_00028251,2601.13987v1,IMAGING,figures/IMAGING/FIG_00028251.png,bfdac4a5c036c4a5
FIG_00028253,2601.13987v1,IMAGING,figures/IMAGING/FIG_00028253.png,bfdac4a5c036c4a5
FIG_00028437,2601.11318v1,IMAGING,figures/IMAGING/FIG_00028437.png,a6f6d904d999f409
FIG_00028438,2601.11318v1,IMAGING,figures/IMAGING/FIG_00028438.png,a6f6d904d999f409
FIG_00028484,2601.11674v1,IMAGING,figures/IMAGING/FIG_00028484.png,9705e29ae8e6b8b8
FIG_00028485,2601.11674v1,IMAGING,figures/IMAGING/FIG_00028485.png,9705e29ae8e6b8b8
FIG_00028549,2605.31522v1,BIOINFO,figures/BIOINFO/FIG_00028549.png,ae58d9a3276c2c2d
FIG_00028550,2605.31522v1,BIOINFO,figures/BIOINFO/FIG_00028550.png,ae58d9a3276c2c2d
FIG_00028572,2605.30109v1,BIOINFO,figures/BIOINFO/FIG_00028572.png,eb1ba12996965acc
FIG_00028573,2605.30109v1,BIOINFO,figures/BIOINFO/FIG_00028573.png,eb1ba12996965acc
FIG_00028609,2605.28652v1,BIOINFO,figures/BIOINFO/FIG_00028609.png,ea85b599c272a55a
FIG_00028610,2605.28652v1,BIOINFO,figures/BIOINFO/FIG_00028610.png,ea85b599c272a55a
FIG_00028815,2605.21617v2,BIOINFO,figures/BIOINFO/FIG_00028815.png,ff9580c581d181fe
FIG_00028816,2605.21617v2,BIOINFO,figures/BIOINFO/FIG_00028816.png,ff9580c581d181fe
FIG_00028817,2605.21617v2,BIOINFO,figures/BIOINFO/FIG_00028817.png,ff9580c581d181fe
FIG_00028982,2605.18588v1,BIOINFO,figures/BIOINFO/FIG_00028982.png,bd3dd2c0c8c6cd0d
FIG_00028983,2605.18588v1,BIOINFO,figures/BIOINFO/FIG_00028983.png,bd3dd2c0c8c6cd0d
FIG_00029024,2605.17899v1,BIOINFO,figures/BIOINFO/FIG_00029024.png,ae82d03b9cce2d9c
FIG_00029025,2605.17899v1,BIOINFO,figures/BIOINFO/FIG_00029025.png,ae82d03b9cce2d9c
FIG_00029076,2605.16753v1,BIOINFO,figures/BIOINFO/FIG_00029076.png,ea6a6e25b581919b
FIG_00029077,2605.16753v1,BIOINFO,figures/BIOINFO/FIG_00029077.png,ea6a6e25b581919b
FIG_00029105,2605.15918v1,BIOINFO,figures/BIOINFO/FIG_00029105.png,e969e636361a4c99
FIG_00029106,2605.15918v1,BIOINFO,figures/BIOINFO/FIG_00029106.png,e969e636361a4c99
FIG_00029208,2605.12485v2,BIOINFO,figures/BIOINFO/FIG_00029208.png,bef087c7c01fd0c4
FIG_00029209,2605.12485v2,BIOINFO,figures/BIOINFO/FIG_00029209.png,bef087c7c01fd0c4
FIG_00029266,2605.11197v1,BIOINFO,figures/BIOINFO/FIG_00029266.png,bf3fc0c0c4d43aa5
FIG_00029267,2605.11197v1,BIOINFO,figures/BIOINFO/FIG_00029267.png,bf3fc0c0c4d43aa5
FIG_00029320,2605.08566v1,BIOINFO,figures/BIOINFO/FIG_00029320.png,be4381b49358ecbc
FIG_00029321,2605.08566v1,BIOINFO,figures/BIOINFO/FIG_00029321.png,be4381b49358ecbc
FIG_00029352,2605.07746v1,BIOINFO,figures/BIOINFO/FIG_00029352.png,fa8585d1857a917a
FIG_00029353,2605.07746v1,BIOINFO,figures/BIOINFO/FIG_00029353.png,fa8585d1857a917a
FIG_00029441,2605.04908v1,BIOINFO,figures/BIOINFO/FIG_00029441.png,bf91e061d06a955e
FIG_00029442,2605.04908v1,BIOINFO,figures/BIOINFO/FIG_00029442.png,bf91e061d06a955e
FIG_00029508,2605.16326v1,BIOINFO,figures/BIOINFO/FIG_00029508.png,ea8ed5a094cb0e6e
FIG_00029509,2605.16326v1,BIOINFO,figures/BIOINFO/FIG_00029509.png,ea8ed5a094cb0e6e
FIG_00029808,2604.21260v1,BIOINFO,figures/BIOINFO/FIG_00029808.png,eb609e619e9ca172
FIG_00029809,2604.21260v1,BIOINFO,figures/BIOINFO/FIG_00029809.png,eb609e619e9ca172
FIG_00029817,2604.20981v1,BIOINFO,figures/BIOINFO/FIG_00029817.png,ab9ca7d6d2239413
FIG_00029818,2604.20981v1,BIOINFO,figures/BIOINFO/FIG_00029818.png,ab9ca7d6d2239413
FIG_00029906,2604.18230v1,BIOINFO,figures/BIOINFO/FIG_00029906.png,aecaa594d12f4a2d
FIG_00029908,2604.18230v1,BIOINFO,figures/BIOINFO/FIG_00029908.png,aecaa594d12f4a2d
FIG_00029940,2604.16851v1,BIOINFO,figures/BIOINFO/FIG_00029940.png,c2a199a97e76c992
FIG_00029941,2604.16851v1,BIOINFO,figures/BIOINFO/FIG_00029941.png,c2a199a97e76c992
FIG_00029980,2604.16851v1,BIOINFO,figures/BIOINFO/FIG_00029980.png,bec3c03cc3f03cc3
FIG_00029981,2604.16851v1,BIOINFO,figures/BIOINFO/FIG_00029981.png,bec3c03cc3f03cc3
FIG_00030084,2604.13980v1,BIOINFO,figures/BIOINFO/FIG_00030084.png,be68c2c79e12949e
FIG_00030085,2604.13980v1,BIOINFO,figures/BIOINFO/FIG_00030085.png,be68c2c79e12949e
FIG_00030097,2604.14241v2,BIOINFO,figures/BIOINFO/FIG_00030097.png,ea6b95c095b56a94
FIG_00030098,2604.14241v2,BIOINFO,figures/BIOINFO/FIG_00030098.png,ea6b95c095b56a94
FIG_00030105,2604.14241v2,BIOINFO,figures/BIOINFO/FIG_00030105.png,eb6b95c094b56a85
FIG_00030106,2604.14241v2,BIOINFO,figures/BIOINFO/FIG_00030106.png,eb6b95c094b56a85
FIG_00030274,2604.04858v1,BIOINFO,figures/BIOINFO/FIG_00030274.png,faad9e80e192847b
FIG_00030275,2604.04858v1,BIOINFO,figures/BIOINFO/FIG_00030275.png,faad9e80e192847b
FIG_00030360,2604.01385v1,BIOINFO,figures/BIOINFO/FIG_00030360.png,ae86658650f859f9
FIG_00030361,2604.01385v1,BIOINFO,figures/BIOINFO/FIG_00030361.png,ae86658650f859f9
FIG_00030438,2603.27787v1,BIOINFO,figures/BIOINFO/FIG_00030438.png,a59bcc669369c2c6
FIG_00030439,2603.27787v1,BIOINFO,figures/BIOINFO/FIG_00030439.png,a59bcc669369c2c6
FIG_00030631,2603.19341v1,BIOINFO,figures/BIOINFO/FIG_00030631.png,ec261a1b95dc69d2
FIG_00030632,2603.19341v1,BIOINFO,figures/BIOINFO/FIG_00030632.png,ec261a1b95dc69d2
FIG_00030666,2603.17380v2,BIOINFO,figures/BIOINFO/FIG_00030666.png,db93768da08ca52e
FIG_00030667,2603.17380v2,BIOINFO,figures/BIOINFO/FIG_00030667.png,db93768da08ca52e
FIG_00030761,2603.15711v1,BIOINFO,figures/BIOINFO/FIG_00030761.png,ab2781c0d85e7e27
FIG_00030762,2603.15711v1,BIOINFO,figures/BIOINFO/FIG_00030762.png,ab2781c0d85e7e27
FIG_00030770,2603.15711v1,BIOINFO,figures/BIOINFO/FIG_00030770.png,be3e85c36069b994
FIG_00030772,2603.15711v1,BIOINFO,figures/BIOINFO/FIG_00030772.png,be3e85c36069b994
FIG_00031013,2603.06694v1,BIOINFO,figures/BIOINFO/FIG_00031013.png,be3cc1c3cecdc10c
FIG_00031014,2603.06694v1,BIOINFO,figures/BIOINFO/FIG_00031014.png,be3cc1c3cecdc10c
FIG_00031098,2603.02165v1,BIOINFO,figures/BIOINFO/FIG_00031098.png,af22b226f222f2f2
FIG_00031099,2603.02165v1,BIOINFO,figures/BIOINFO/FIG_00031099.png,af22b226f222f2f2
FIG_00031158,2603.00614v1,BIOINFO,figures/BIOINFO/FIG_00031158.png,aebc4b9634d134c3
FIG_00031159,2603.00614v1,BIOINFO,figures/BIOINFO/FIG_00031159.png,aebc4b9634d134c3
FIG_00031184,2603.00614v1,BIOINFO,figures/BIOINFO/FIG_00031184.png,fc90936ee4817aa3
FIG_00031187,2603.00614v1,BIOINFO,figures/BIOINFO/FIG_00031187.png,fc90936ee4817aa3
FIG_00031188,2603.00614v1,BIOINFO,figures/BIOINFO/FIG_00031188.png,fc90936ee4817aa3
FIG_00031224,2602.23324v1,BIOINFO,figures/BIOINFO/FIG_00031224.png,ee53c64c9393a5a4
FIG_00031225,2602.23324v1,BIOINFO,figures/BIOINFO/FIG_00031225.png,ee53c64c9393a5a4
FIG_00031269,2602.21393v1,BIOINFO,figures/BIOINFO/FIG_00031269.png,ee6e46b79191d091
FIG_00031270,2602.21393v1,BIOINFO,figures/BIOINFO/FIG_00031270.png,ee6e46b79191d091
FIG_00031351,2602.18727v1,BIOINFO,figures/BIOINFO/FIG_00031351.png,af2fc4699238d0b3
FIG_00031352,2602.18727v1,BIOINFO,figures/BIOINFO/FIG_00031352.png,af2fc4699238d0b3
FIG_00031580,2602.10163v1,BIOINFO,figures/BIOINFO/FIG_00031580.png,fe908168e17a971e
FIG_00031581,2602.10163v1,BIOINFO,figures/BIOINFO/FIG_00031581.png,fe908168e17a971e
FIG_00031799,2602.03902v1,BIOINFO,figures/BIOINFO/FIG_00031799.png,fee590d0c8db85a4
FIG_00031800,2602.03902v1,BIOINFO,figures/BIOINFO/FIG_00031800.png,fee590d0c8db85a4
FIG_00031811,2602.03343v1,BIOINFO,figures/BIOINFO/FIG_00031811.png,bfc568814a3179b3
FIG_00031812,2602.03343v1,BIOINFO,figures/BIOINFO/FIG_00031812.png,bfc568814a3179b3
FIG_00031821,2602.03886v3,BIOINFO,figures/BIOINFO/FIG_00031821.png,eac234b5877dc036
FIG_00031822,2602.03886v3,BIOINFO,figures/BIOINFO/FIG_00031822.png,eac234b5877dc036
FIG_00031849,2602.02128v2,BIOINFO,figures/BIOINFO/FIG_00031849.png,be07c163947ce1b4
FIG_00031850,2602.02128v2,BIOINFO,figures/BIOINFO/FIG_00031850.png,be07c163947ce1b4
FIG_00031863,2602.02128v2,BIOINFO,figures/BIOINFO/FIG_00031863.png,ea09d4cbb4788a75
FIG_00031864,2602.02128v2,BIOINFO,figures/BIOINFO/FIG_00031864.png,ea09d4cbb4788a75
FIG_00031923,2602.00464v1,BIOINFO,figures/BIOINFO/FIG_00031923.png,fa95c260b50b1f78
FIG_00031924,2602.00464v1,BIOINFO,figures/BIOINFO/FIG_00031924.png,fa95c260b50b1f78
FIG_00032019,2601.19037v1,BIOINFO,figures/BIOINFO/FIG_00032019.png,afc8b23ad4c02f17
FIG_00032020,2601.19037v1,BIOINFO,figures/BIOINFO/FIG_00032020.png,afc8b23ad4c02f17
FIG_00032042,2601.17582v2,BIOINFO,figures/BIOINFO/FIG_00032042.png,af0798dc5a39d0c3
FIG_00032043,2601.17582v2,BIOINFO,figures/BIOINFO/FIG_00032043.png,af0798dc5a39d0c3
FIG_00032050,2601.17582v2,BIOINFO,figures/BIOINFO/FIG_00032050.png,bbc6cc9c991b9511
FIG_00032051,2601.17582v2,BIOINFO,figures/BIOINFO/FIG_00032051.png,bbc6cc9c991b9511
FIG_00032080,2601.18819v1,BIOINFO,figures/BIOINFO/FIG_00032080.png,bbd2c42d78d20d2d
FIG_00032083,2601.18819v1,BIOINFO,figures/BIOINFO/FIG_00032083.png,bbd2c42d78d20d2d
FIG_00032096,2601.18819v1,BIOINFO,figures/BIOINFO/FIG_00032096.png,ad7ad085d2b78487
FIG_00032097,2601.18819v1,BIOINFO,figures/BIOINFO/FIG_00032097.png,af5ad2a5b185c2c6
FIG_00032100,2601.18819v1,BIOINFO,figures/BIOINFO/FIG_00032100.png,ad7ad085d2b78487
FIG_00032101,2601.18819v1,BIOINFO,figures/BIOINFO/FIG_00032101.png,af5ad2a5b185c2c6
FIG_00032109,2601.18819v1,BIOINFO,figures/BIOINFO/FIG_00032109.png,fa93848d7bf2840d
FIG_00032110,2601.18819v1,BIOINFO,figures/BIOINFO/FIG_00032110.png,fa93848d7bf2840d
FIG_00032112,2601.18819v1,BIOINFO,figures/BIOINFO/FIG_00032112.png,fbc2842d7ad2846d
FIG_00032113,2601.18819v1,BIOINFO,figures/BIOINFO/FIG_00032113.png,fbc2842d7ad2846d
FIG_00032120,2601.18819v1,BIOINFO,figures/BIOINFO/FIG_00032120.png,af84d07f85b25a85
FIG_00032124,2601.18819v1,BIOINFO,figures/BIOINFO/FIG_00032124.png,af84d07f85b25a85
FIG_00032234,2601.14183v2,BIOINFO,figures/BIOINFO/FIG_00032234.png,eb42a4c6e49d7a49
FIG_00032235,2601.14183v2,BIOINFO,figures/BIOINFO/FIG_00032235.png,eb42a4c6e49d7a49
FIG_00032260,2601.13370v1,BIOINFO,figures/BIOINFO/FIG_00032260.png,bba7ccc094b993c4
FIG_00032261,2601.13370v1,BIOINFO,figures/BIOINFO/FIG_00032261.png,bba7ccc094b993c4
FIG_00032321,2601.12101v2,BIOINFO,figures/BIOINFO/FIG_00032321.png,ab817f0f8068e17e
FIG_00032323,2601.12101v2,BIOINFO,figures/BIOINFO/FIG_00032323.png,ab817f0f8068e17e
FIG_00032462,2601.07591v1,BIOINFO,figures/BIOINFO/FIG_00032462.png,e893c6e1976c914e
FIG_00032463,2601.07591v1,BIOINFO,figures/BIOINFO/FIG_00032463.png,e893c6e1976c914e
FIG_00032621,2601.01337v1,BIOINFO,figures/BIOINFO/FIG_00032621.png,abcbb48bb483b4d0
FIG_00032622,2601.01337v1,BIOINFO,figures/BIOINFO/FIG_00032622.png,abcbb48bb483b4d0
FIG_00032798,2512.23861v1,BIOINFO,figures/BIOINFO/FIG_00032798.png,df8ae18ae0b4257a
FIG_00032799,2512.23861v1,BIOINFO,figures/BIOINFO/FIG_00032799.png,df8ae18ae0b4257a
FIG_00032803,2512.23554v1,BIOINFO,figures/BIOINFO/FIG_00032803.png,af34f08f8fd07026
FIG_00032804,2512.23554v1,BIOINFO,figures/BIOINFO/FIG_00032804.png,af34f08f8fd07026
FIG_00032989,2512.18114v2,BIOINFO,figures/BIOINFO/FIG_00032989.png,a30b80f0dc667ba7
FIG_00032990,2512.18114v2,BIOINFO,figures/BIOINFO/FIG_00032990.png,a30b80f0dc667ba7
FIG_00033144,2512.13935v1,BIOINFO,figures/BIOINFO/FIG_00033144.png,fa6a856e8585e585
FIG_00033145,2512.13935v1,BIOINFO,figures/BIOINFO/FIG_00033145.png,fa6a856e8585e585
FIG_00033234,2512.12272v1,BIOINFO,figures/BIOINFO/FIG_00033234.png,ae96f8c0f887b4c2
FIG_00033235,2512.12272v1,BIOINFO,figures/BIOINFO/FIG_00033235.png,ae96f8c0f887b4c2
FIG_00033281,2512.12184v1,BIOINFO,figures/BIOINFO/FIG_00033281.png,fe85835ac938b534
FIG_00033283,2512.12184v1,BIOINFO,figures/BIOINFO/FIG_00033283.png,fe85835ac938b534
FIG_00033318,2512.11101v1,BIOINFO,figures/BIOINFO/FIG_00033318.png,bab7b4c9c069c594
FIG_00033319,2512.11101v1,BIOINFO,figures/BIOINFO/FIG_00033319.png,bab7b4c9c069c594
FIG_00033361,2512.08202v1,BIOINFO,figures/BIOINFO/FIG_00033361.png,ee3a8535d0d2c6c5
FIG_00033363,2512.08202v1,BIOINFO,figures/BIOINFO/FIG_00033363.png,ee3a8535d0d2c6c5
FIG_00033537,2512.05208v1,BIOINFO,figures/BIOINFO/FIG_00033537.png,be3e92cac1e4e071
FIG_00033538,2512.05208v1,BIOINFO,figures/BIOINFO/FIG_00033538.png,be3e92cac1e4e071
FIG_00033576,2512.04311v1,BIOINFO,figures/BIOINFO/FIG_00033576.png,ee11e74a9c90b1a7
FIG_00033577,2512.04311v1,BIOINFO,figures/BIOINFO/FIG_00033577.png,ee11e74a9c90b1a7
FIG_00033640,2512.02811v1,BIOINFO,figures/BIOINFO/FIG_00033640.png,e38e9963c69931c6
FIG_00033641,2512.02811v1,BIOINFO,figures/BIOINFO/FIG_00033641.png,e38e9963c69931c6
FIG_00033732,2512.01462v1,BIOINFO,figures/BIOINFO/FIG_00033732.png,ba4ed2b487c1e9a1
FIG_00033733,2512.01462v1,BIOINFO,figures/BIOINFO/FIG_00033733.png,ba4ed2b487c1e9a1
FIG_00033742,2512.01462v1,BIOINFO,figures/BIOINFO/FIG_00033742.png,bb3e8e9981c2d263
FIG_00033743,2512.01462v1,BIOINFO,figures/BIOINFO/FIG_00033743.png,bb3e8e9981c2d263
FIG_00033844,2512.00586v1,BIOINFO,figures/BIOINFO/FIG_00033844.png,fec3812c3ed1c32c
FIG_00033845,2512.00586v1,BIOINFO,figures/BIOINFO/FIG_00033845.png,fec3812c3ed1c32c
FIG_00033846,2512.00586v1,BIOINFO,figures/BIOINFO/FIG_00033846.png,e7c26e18b06db42d
FIG_00033847,2512.00586v1,BIOINFO,figures/BIOINFO/FIG_00033847.png,e7c26e38a26db849
FIG_00033850,2512.00586v1,BIOINFO,figures/BIOINFO/FIG_00033850.png,e7c26e38a26db429
FIG_00033851,2512.00586v1,BIOINFO,figures/BIOINFO/FIG_00033851.png,e7c26e18b06db469
FIG_00033852,2512.00586v1,BIOINFO,figures/BIOINFO/FIG_00033852.png,e7c26e18b06db42d
FIG_00033853,2512.00586v1,BIOINFO,figures/BIOINFO/FIG_00033853.png,e7c26e38a26db849
FIG_00033854,2512.00586v1,BIOINFO,figures/BIOINFO/FIG_00033854.png,e7c26e18b06db469
FIG_00033855,2512.00586v1,BIOINFO,figures/BIOINFO/FIG_00033855.png,e7c26e18b06db42d
FIG_00033856,2512.00586v1,BIOINFO,figures/BIOINFO/FIG_00033856.png,e7c26e38a26db429
FIG_00033857,2512.00586v1,BIOINFO,figures/BIOINFO/FIG_00033857.png,e7c26e18b06db469
FIG_00033858,2512.00586v1,BIOINFO,figures/BIOINFO/FIG_00033858.png,e7c26e18b06db469
FIG_00033859,2512.00586v1,BIOINFO,figures/BIOINFO/FIG_00033859.png,e7c26e38a26db849
FIG_00033860,2512.00586v1,BIOINFO,figures/BIOINFO/FIG_00033860.png,e7c26e18b06db469
FIG_00033862,2512.00586v1,BIOINFO,figures/BIOINFO/FIG_00033862.png,e7c26e38a26db429
FIG_00033863,2512.00586v1,BIOINFO,figures/BIOINFO/FIG_00033863.png,e7c26e18b06db469
FIG_00033930,2511.22519v1,BIOINFO,figures/BIOINFO/FIG_00033930.png,df51f8b8a22b414d
FIG_00033932,2511.22519v1,BIOINFO,figures/BIOINFO/FIG_00033932.png,df51f8b8a22b414d
FIG_00033951,2511.22145v1,BIOINFO,figures/BIOINFO/FIG_00033951.png,8fe0f01f0ff0922d
FIG_00033952,2511.22145v1,BIOINFO,figures/BIOINFO/FIG_00033952.png,8fe0f01f0ff0922d
FIG_00034125,2511.18010v1,BIOINFO,figures/BIOINFO/FIG_00034125.png,eec0931f906c971b
FIG_00034126,2511.18010v1,BIOINFO,figures/BIOINFO/FIG_00034126.png,eec0931f906c971b
FIG_00034174,2511.15932v1,BIOINFO,figures/BIOINFO/FIG_00034174.png,ff857873856cc308
FIG_00034175,2511.15932v1,BIOINFO,figures/BIOINFO/FIG_00034175.png,ff857873856cc308
FIG_00034264,2511.14559v1,BIOINFO,figures/BIOINFO/FIG_00034264.png,ae947acfc44a836c
FIG_00034265,2511.14559v1,BIOINFO,figures/BIOINFO/FIG_00034265.png,ae947acfc44a836c
FIG_00034408,2511.10432v1,BIOINFO,figures/BIOINFO/FIG_00034408.png,bfcdc16ac0827e86
FIG_00034409,2511.10432v1,BIOINFO,figures/BIOINFO/FIG_00034409.png,bfcdc16ac0827e86
FIG_00034577,2511.06662v1,BIOINFO,figures/BIOINFO/FIG_00034577.png,b30b8da7c6c686ac
FIG_00034578,2511.06662v1,BIOINFO,figures/BIOINFO/FIG_00034578.png,b30b8da7c6c686ac
FIG_00034615,2511.05726v1,BIOINFO,figures/BIOINFO/FIG_00034615.png,bf0f911f48c0b3f0
FIG_00034616,2511.05726v1,BIOINFO,figures/BIOINFO/FIG_00034616.png,bf0f911f48c0b3f0
FIG_00034756,2605.30172v1,SIGNAL,figures/SIGNAL/FIG_00034756.png,af3df43d8048c3c3
FIG_00034757,2605.30172v1,SIGNAL,figures/SIGNAL/FIG_00034757.png,af3df43d8048c3c3
FIG_00034771,2605.29996v1,SIGNAL,figures/SIGNAL/FIG_00034771.png,af3df43d8048c3c3
FIG_00034867,2605.29164v1,SIGNAL,figures/SIGNAL/FIG_00034867.png,e76095c59e9aa81b
FIG_00034868,2605.29164v1,SIGNAL,figures/SIGNAL/FIG_00034868.png,e76095c59e9aa81b
FIG_00034898,2605.28514v1,SIGNAL,figures/SIGNAL/FIG_00034898.png,af81d26fc1941ee1
FIG_00034899,2605.28514v1,SIGNAL,figures/SIGNAL/FIG_00034899.png,af81d26fc1941ee1
FIG_00034921,2605.28453v1,SIGNAL,figures/SIGNAL/FIG_00034921.png,ea63c59e9c34b461
FIG_00034922,2605.28453v1,SIGNAL,figures/SIGNAL/FIG_00034922.png,ea63c59e9c34b461
FIG_00034947,2605.28361v1,SIGNAL,figures/SIGNAL/FIG_00034947.png,bec3b958f9388093
FIG_00034950,2605.28361v1,SIGNAL,figures/SIGNAL/FIG_00034950.png,bf48c037953ec495
FIG_00034951,2605.28361v1,SIGNAL,figures/SIGNAL/FIG_00034951.png,bec3b958f9388093
FIG_00034954,2605.28361v1,SIGNAL,figures/SIGNAL/FIG_00034954.png,bf48c037953ec495
