paper_id,num_figures
2511.04143v2,8
2511.04825v1,5
2511.04854v2,15
2511.04998v1,4
2511.05183v1,1
2511.05708v1,8
2511.05726v1,4
2511.05906v3,9
2511.06140v3,8
2511.06269v1,7
2511.06426v2,12
2511.06662v1,2
2511.06904v1,5
2511.07313v1,7
2511.07344v1,5
2511.07390v2,15
2511.07497v1,6
2511.07624v2,10
2511.08411v1,5
2511.08554v1,9
2511.08802v1,3
2511.08921v1,4
2511.09017v1,6
2511.09183v1,20
2511.09216v2,6
2511.09571v1,2
2511.09574v1,9
2511.09576v1,3
2511.09581v1,2
2511.09583v2,9
2511.09588v2,6
2511.09592v1,10
2511.09605v3,9
2511.10014v1,1
2511.10165v1,6
2511.10432v1,7
2511.10708v4,6
2511.11080v1,9
2511.11293v2,2
2511.11452v1,1
2511.11486v1,5
2511.11758v2,12
2511.11769v1,8
2511.11913v1,2
2511.12459v2,1
2511.12463v2,5
2511.12990v1,14
2511.13124v1,6
2511.13141v1,20
2511.13295v1,2
2511.13611v1,7
2511.13790v2,5
2511.13791v1,4
2511.13797v1,9
2511.13799v4,3
2511.14083v2,7
2511.14388v1,4
2511.14559v1,11
2511.14826v1,22
2511.14909v1,1
2511.14962v1,10
2511.15173v1,11
2511.15839v4,32
2511.15932v1,11
2511.16113v1,2
2511.16268v2,2
2511.16933v1,3
2511.17611v1,9
2511.17652v2,13
2511.17662v1,1
2511.17685v1,10
2511.17695v4,5
2511.17787v1,7
2511.17996v1,2
2511.18010v1,5
2511.18238v2,5
2511.18287v1,9
2511.18626v1,3
2511.18745v1,19
2511.19423v1,8
2511.19535v1,4
2511.19549v1,20
2511.19769v1,4
2511.19894v1,8
2511.20392v1,10
2511.20723v1,18
2511.20734v2,10
2511.20819v1,10
2511.20890v1,10
2511.20950v3,14
2511.21614v1,3
2511.21770v1,2
2511.21848v1,4
2511.21919v1,8
2511.22145v1,6
2511.22519v1,11
2511.23114v1,6
2512.00100v1,12
2512.00126v2,4
2512.00137v1,2
2512.00194v1,8
2512.00283v3,19
2512.00376v1,6
2512.00521v2,3
2512.00550v1,13
2512.00586v1,38
2512.00905v1,2
2512.00989v1,14
2512.01033v1,8
2512.01074v2,20
2512.01406v1,8
2512.01462v1,42
2512.01652v1,5
2512.01885v2,7
2512.01986v1,5
2512.02089v1,17
2512.02162v1,6
2512.02260v1,3
2512.02312v1,10
2512.02328v1,10
2512.02528v3,8
2512.02811v1,11
2512.02908v1,5
2512.03092v1,8
2512.03098v2,6
2512.03110v1,5
2512.03122v1,3
2512.03286v1,6
2512.03460v1,15
2512.03497v3,7
2512.03880v1,4
2512.04225v1,7
2512.04311v1,15
2512.04393v2,26
2512.05208v1,2
2512.05247v1,4
2512.05256v1,18
2512.05346v1,8
2512.05365v1,4
2512.05462v1,7
2512.05573v1,5
2512.05649v1,5
2512.05794v3,8
2512.06064v2,4
2512.06116v2,1
2512.06134v1,3
2512.06141v1,3
2512.06280v1,8
2512.06294v1,36
2512.06502v1,3
2512.06934v1,9
2512.07064v1,10
2512.07080v1,8
2512.07772v1,3
2512.07912v1,7
2512.08074v3,2
2512.08087v1,15
2512.08202v1,8
2512.08589v1,9
2512.09152v1,7
2512.09158v1,1
2512.10991v1,7
2512.10995v1,5
2512.11075v1,6
2512.11101v1,4
2512.11511v1,7
2512.11605v2,9
2512.11837v1,4
2512.11936v1,6
2512.12101v1,10
2512.12184v1,7
2512.12198v1,5
2512.12221v1,7
2512.12272v1,37
2512.12709v1,3
2512.12974v1,11
2512.13724v1,4
2512.13927v1,46
2512.13935v1,46
2512.14011v1,5
2512.14019v1,4
2512.14461v1,6
2512.14750v1,6
2512.15209v1,7
2512.15808v2,8
2512.15828v1,21
2512.15837v1,5
2512.15930v2,5
2512.16084v1,16
2512.17106v1,3
2512.17129v2,12
2512.17146v1,2
2512.17930v1,3
2512.17988v2,8
2512.18114v2,24
2512.18197v1,8
2512.18442v4,11
2512.18454v2,10
2512.19416v1,4
2512.19939v1,13
2512.20333v1,6
2512.21301v1,25
2512.21623v1,5
2512.21895v1,8
2512.21952v1,4
2512.21988v2,7
2512.21997v2,19
2512.22225v1,3
2512.22257v1,4
2512.22262v1,13
2512.22270v3,13
2512.22415v1,2
2512.22651v1,7
2512.23080v1,7
2512.23554v1,9
2512.23754v1,7
2512.23861v1,6
2512.23877v3,15
2512.24401v1,30
2512.24427v2,7
2512.24654v1,1
2512.24843v2,2
2512.24945v2,44
2601.00036v1,3
2601.00050v3,6
2601.00073v1,18
2601.00277v1,5
2601.00608v1,5
2601.00618v1,5
2601.00647v1,6
2601.00656v1,5
2601.00895v1,5
2601.00941v1,1
2601.01245v1,6
2601.01337v1,12
2601.01875v1,3
2601.02138v1,10
2601.02446v3,7
2601.02530v3,4
2601.03299v1,1
2601.03308v1,10
2601.03704v1,6
2601.03877v1,4
2601.04299v1,7
2601.04375v2,7
2601.04536v1,24
2601.04926v1,5
2601.05356v1,7
2601.05842v1,8
2601.05921v1,6
2601.05923v1,11
2601.06214v1,9
2601.06360v1,8
2601.07261v1,6
2601.07591v1,7
2601.07691v1,17
2601.07863v1,5
2601.07871v1,4
2601.08266v2,18
2601.08318v1,5
2601.08701v1,6
2601.08798v1,4
2601.08963v1,1
2601.08996v1,10
2601.09173v4,13
2601.10070v1,5
2601.10202v1,7
2601.10228v1,2
2601.10250v1,8
2601.10324v2,4
2601.10405v1,28
2601.10412v1,5
2601.10607v1,8
2601.10912v5,7
2601.10959v1,8
2601.11045v1,7
2601.11075v1,4
2601.11085v1,2
2601.11318v1,7
2601.11505v2,14
2601.11674v1,21
2601.11680v2,14
2601.11684v1,4
2601.11685v1,4
2601.11689v2,3
2601.11691v3,5
2601.11694v1,1
2601.11827v2,5
2601.11833v2,7
2601.11878v1,5
2601.11978v1,4
2601.12101v2,5
2601.12174v1,6
2601.12219v1,7
2601.12255v1,16
2601.12261v1,11
2601.12297v1,2
2601.12381v1,5
2601.12455v1,7
2601.12526v1,10
2601.12551v2,3
2601.12637v1,2
2601.12683v1,5
2601.12801v1,13
2601.12928v1,5
2601.12941v2,13
2601.13069v1,13
2601.13204v1,3
2601.13211v1,2
2601.13236v2,8
2601.13320v1,2
2601.13370v1,5
2601.13393v1,13
2601.13407v2,5
2601.13565v1,9
2601.13685v2,4
2601.13926v1,7
2601.13927v1,3
2601.13986v1,11
2601.13987v1,29
2601.14053v2,13
2601.14183v2,48
2601.14205v2,5
2601.14240v1,5
2601.14314v1,7
2601.14334v1,4
2601.14337v1,9
2601.14338v1,9
2601.14406v1,5
2601.14477v2,10
2601.14577v2,10
2601.14793v1,9
2601.14997v1,19
2601.15102v1,11
2601.15119v1,4
2601.15273v1,11
2601.15326v1,7
2601.15333v2,5
2601.15356v5,8
2601.15358v1,4
2601.15362v1,2
2601.15368v2,15
2601.15369v2,6
2601.15502v2,6
2601.15504v1,5
2601.15530v2,4
2601.15539v1,2
2601.15572v1,5
2601.15952v1,5
2601.16011v1,14
2601.16064v1,8
2601.16359v1,5
2601.16383v1,6
2601.16602v1,4
2601.16631v1,3
2601.16660v1,17
2601.16664v1,4
2601.16780v1,4
2601.16812v1,8
2601.16904v1,15
2601.16950v1,5
2601.17047v1,9
2601.17102v1,5
2601.17143v2,8
2601.17216v2,5
2601.17228v1,5
2601.17262v2,9
2601.17279v1,4
2601.17460v1,1
2601.17504v1,5
2601.17545v1,14
2601.17568v1,6
2601.17582v2,11
2601.17586v1,11
2601.17611v1,1
2601.17669v1,11
2601.17752v1,5
2601.18034v1,5
2601.18583v1,7
2601.18670v1,10
2601.18713v1,5
2601.18782v1,5
2601.18818v1,8
2601.18819v1,70
2601.18821v1,1
2601.18826v1,12
2601.18921v2,4
2601.18932v1,1
2601.19037v1,5
2601.19117v2,7
2601.19149v2,7
2601.19169v1,10
2601.19246v1,6
2601.19293v2,17
2601.19349v1,3
2601.19461v1,4
2601.19743v3,5
2601.20066v1,4
2601.20138v2,22
2601.20236v1,3
2601.20343v1,17
2601.20575v1,8
2601.20711v1,3
2601.20769v2,8
2601.20869v1,8
2601.20878v1,1
2601.20891v1,5
2601.20904v2,6
2601.20905v1,7
2601.21069v2,7
2601.21856v1,15
2601.22070v1,6
2601.22128v1,4
2601.22189v1,3
2601.22202v2,3
2601.22288v1,2
2601.22537v1,3
2601.22576v1,2
2601.22637v1,8
2601.22707v1,3
2601.22732v1,9
2601.22755v2,11
2601.22878v1,8
2601.22918v1,12
2601.22938v1,3
2601.22971v1,15
2601.23037v2,2
2601.23090v1,6
2601.23103v1,14
2601.23148v1,6
2601.23201v1,2
2601.23231v1,19
2602.00100v1,3
2602.00102v1,7
2602.00107v1,4
2602.00109v1,6
2602.00111v1,7
2602.00126v1,4
2602.00136v1,4
2602.00143v1,4
2602.00149v1,8
2602.00153v1,1
2602.00157v2,5
2602.00184v1,12
2602.00186v1,17
2602.00197v2,5
2602.00198v1,2
2602.00215v1,20
2602.00216v1,8
2602.00220v2,9
2602.00221v1,8
2602.00283v1,6
2602.00368v1,11
2602.00464v1,8
2602.00483v1,15
2602.00863v1,8
2602.01065v1,9
2602.01088v1,1
2602.01496v2,13
2602.01751v2,3
2602.01772v1,3
2602.01845v1,5
2602.02128v2,36
2602.02425v1,4
2602.02508v1,4
2602.02552v1,4
2602.02558v1,8
2602.02567v1,6
2602.02620v2,18
2602.02638v1,1
2602.02825v1,4
2602.02920v1,1
2602.03343v1,4
2602.03669v1,9
2602.03824v1,8
2602.03870v1,2
2602.03875v4,5
2602.03886v3,10
2602.03902v1,18
2602.03998v2,8
2602.04021v1,3
2602.04032v1,3
2602.04119v1,10
2602.04162v2,9
2602.04270v1,37
2602.04712v2,2
2602.04834v1,13
2602.04883v2,10
2602.04904v1,2
2602.04916v3,33
2602.04932v1,4
2602.04944v1,13
2602.04983v2,8
2602.05078v1,1
2602.05104v1,5
2602.05196v1,17
2602.05201v1,6
2602.05208v2,6
2602.05453v1,5
2602.05738v1,4
2602.05908v1,5
2602.06100v1,4
2602.06101v1,9
2602.06242v1,3
2602.06282v1,5
2602.06292v2,2
2602.06296v1,19
2602.06350v1,11
2602.06761v1,8
2602.06991v1,4
2602.07011v2,5
2602.07015v2,12
2602.07019v1,27
2602.07052v2,10
2602.07056v1,4
2602.07060v1,9
2602.07068v1,3
2602.07084v1,5
2602.07094v1,17
2602.07103v1,7
2602.07163v1,6
2602.07168v1,14
2602.07233v1,2
2602.07393v1,6
2602.07403v1,12
2602.07534v1,7
2602.07709v1,10
2602.07819v1,3
2602.08213v1,5
2602.08249v1,6
2602.08538v1,8
2602.08550v3,9
2602.08751v3,14
2602.08764v1,4
2602.08832v1,3
2602.09050v3,1
2602.09116v2,8
2602.09328v1,6
2602.09424v1,8
2602.09484v1,7
2602.09500v1,14
2602.09787v1,7
2602.09793v2,15
2602.10155v1,8
2602.10163v1,7
2602.10167v1,5
2602.10168v2,10
2602.10219v1,3
2602.10303v1,10
2602.10315v1,3
2602.10336v1,5
2602.10359v2,4
2602.10420v3,10
2602.10434v2,5
2602.10482v1,6
2602.10586v1,12
2602.10837v1,6
2602.10906v1,10
2602.11497v2,12
2602.11547v3,9
2602.11618v4,23
2602.11701v1,8
2602.11704v1,5
2602.11804v1,2
2602.11873v2,7
2602.11890v1,7
2602.11903v2,3
2602.11969v1,4
2602.12026v2,18
2602.12306v1,4
2602.12310v1,1
2602.12313v2,13
2602.12317v1,11
2602.12410v2,92
2602.12705v4,9
2602.12730v1,1
2602.12750v1,5
2602.12758v1,2
2602.12805v2,6
2602.12820v1,6
2602.12866v1,4
2602.12883v1,2
2602.13043v1,3
2602.13121v1,2
2602.13267v3,14
2602.13270v1,3
2602.13293v2,6
2602.13303v1,21
2602.13308v3,5
2602.13344v1,17
2602.13398v1,12
2602.13414v1,18
2602.13419v1,5
2602.13509v1,15
2602.13522v1,8
2602.13532v1,4
2602.13770v3,6
2602.13814v1,3
2602.13984v3,10
2602.14199v2,3
2602.14616v1,11
2602.14709v2,9
2602.14828v1,6
2602.14913v1,2
2602.15087v1,6
2602.15339v1,3
2602.15368v1,9
2602.15451v3,4
2602.15677v3,5
2602.15727v1,9
2602.15740v1,10
2602.15779v1,7
2602.15899v2,3
2602.15913v1,7
2602.15917v1,10
2602.15988v1,5
2602.16004v1,15
2602.16320v1,4
2602.16357v1,11
2602.16504v1,1
2602.16696v1,19
2602.16724v1,5
2602.16737v1,5
2602.16749v1,4
2602.16753v1,15
2602.16841v1,9
2602.17010v1,4
2602.17120v1,7
2602.17252v1,15
2602.17274v2,6
2602.17793v1,2
2602.17797v1,8
2602.17813v1,2
2602.17855v1,5
2602.17901v2,13
2602.17929v2,15
2602.17986v1,2
2602.18119v1,9
2602.18400v2,9
2602.18428v1,6
2602.18472v1,3
2602.18536v1,8
2602.18542v1,7
2602.18589v1,17
2602.18643v1,3
2602.18727v1,22
2602.18863v1,12
2602.18889v2,19
2602.18915v1,6
2602.18961v1,4
2602.18965v1,8
2602.19055v2,4
2602.19196v1,4
2602.19268v1,13
2602.19295v1,6
2602.19763v1,3
2602.19775v1,2
2602.19891v1,6
2602.20187v1,4
2602.20198v1,5
2602.20209v1,5
2602.20218v3,2
2602.20289v1,11
2602.20328v2,22
2602.20344v1,7
2602.20495v1,5
2602.20535v2,4
2602.20539v1,10
2602.20994v1,1
2602.21128v1,8
2602.21163v1,12
2602.21336v1,2
2602.21345v1,5
2602.21365v1,6
2602.21393v1,4
2602.21482v1,2
2602.21513v1,9
2602.21648v1,3
2602.21707v2,7
2602.21777v1,7
2602.21993v1,11
2602.22140v1,18
2602.22235v1,13
2602.22263v2,13
2602.22275v1,17
2602.22279v1,10
2602.22289v2,8
2602.22544v1,6
2602.22673v1,4
2602.22691v1,11
2602.22974v1,10
2602.23214v1,13
2602.23269v1,4
2602.23324v1,11
2602.23447v1,5
2602.23459v1,4
2602.23496v1,2
2602.23509v1,3
2602.23533v1,8
2602.23557v2,1
2602.23752v1,4
2602.23771v1,7
2602.23782v1,3
2602.23791v2,7
2602.23803v1,3
2602.23833v2,2
2602.23847v1,7
2602.23946v1,4
2602.23961v1,3
2602.23962v1,2
2602.24258v1,17
2603.00141v3,32
2603.00147v1,7
2603.00162v1,6
2603.00193v1,7
2603.00204v1,6
2603.00205v1,4
2603.00208v1,4
2603.00218v2,3
2603.00368v1,9
2603.00614v1,40
2603.00678v2,2
2603.00709v1,9
2603.00798v1,3
2603.00882v1,7
2603.00920v1,11
2603.01016v1,19
2603.01396v2,6
2603.01449v1,1
2603.01537v1,5
2603.01584v1,14
2603.01682v2,5
2603.01767v1,11
2603.01810v1,9
2603.01840v1,4
2603.01849v1,3
2603.01872v1,14
2603.01965v1,19
2603.01997v1,5
2603.02165v1,14
2603.02274v2,3
2603.02288v1,3
2603.02294v1,1
2603.02378v2,3
2603.02470v1,8
2603.02499v1,6
2603.02536v1,9
2603.02665v1,10
2603.02712v1,19
2603.02753v1,2
2603.03060v1,15
2603.03073v2,11
2603.03237v1,12
2603.03342v1,9
2603.03350v1,3
2603.03603v1,5
2603.03604v1,4
2603.03654v1,115
2603.03682v1,2
2603.03890v1,12
2603.03938v1,13
2603.04074v1,6
2603.04081v1,11
2603.04438v2,6
2603.04480v1,8
2603.04622v1,5
2603.04638v1,6
2603.04926v1,5
2603.05058v1,17
2603.05133v1,5
2603.05159v1,9
2603.05183v1,9
2603.05220v1,1
2603.05247v1,4
2603.05534v1,6
2603.05535v1,2
2603.05537v2,3
2603.05541v1,8
2603.05681v1,3
2603.05693v1,5
2603.05726v1,6
2603.05756v1,10
2603.05834v1,9
2603.05987v1,31
2603.06087v1,19
2603.06095v2,5
2603.06254v1,4
2603.06279v1,5
2603.06338v1,24
2603.06567v1,12
2603.06618v1,8
2603.06684v1,5
2603.06694v1,9
2603.06740v2,18
2603.06756v1,1
2603.06766v1,6
2603.06819v2,5
2603.07254v2,11
2603.07279v1,5
2603.07364v1,7
2603.08215v1,2
2603.08217v1,10
2603.08249v1,3
2603.08345v1,5
2603.08385v2,6
2603.08444v2,7
2603.08503v1,7
2603.08521v1,9
2603.08751v2,8
2603.09042v1,7
2603.09075v1,8
2603.09106v1,12
2603.09116v1,13
2603.09162v1,9
2603.09531v2,4
2603.09657v1,15
2603.09737v1,5
2603.09760v1,6
2603.09840v1,14
2603.10093v2,2
2603.10188v1,12
2603.10302v2,8
2603.10454v1,5
2603.10671v1,4
2603.10704v1,3
2603.10791v1,13
2603.10947v1,4
2603.11084v1,2
2603.11294v1,6
2603.11296v1,4
2603.11330v1,3
2603.11344v2,16
2603.11476v1,20
2603.11850v1,7
2603.11876v1,6
2603.12016v1,8
2603.12083v1,17
2603.12144v1,14
2603.12253v2,4
2603.12281v1,6
2603.12294v2,5
2603.12307v1,18
2603.12349v1,7
2603.12351v1,8
2603.12445v1,25
2603.12581v1,4
2603.12624v1,9
2603.12667v1,8
2603.12694v1,7
2603.12715v1,13
2603.12716v1,6
2603.12773v1,7
2603.12800v2,8
2603.12951v1,3
2603.13007v1,9
2603.13024v1,3
2603.13051v1,3
2603.13082v1,6
2603.13108v1,16
2603.13162v1,22
2603.13204v1,6
2603.13328v1,8
2603.13342v1,1
2603.13392v1,9
2603.13405v1,5
2603.13422v1,3
2603.13439v1,4
2603.13447v1,8
2603.13466v1,4
2603.13597v1,12
2603.13666v1,3
2603.13699v1,11
2603.13877v1,4
2603.13937v1,7
2603.13967v1,2
2603.13969v1,4
2603.14124v1,5
2603.14391v1,3
2603.14461v1,14
2603.14610v2,17
2603.14621v1,5
2603.14644v3,11
2603.14806v1,11
2603.14832v2,2
2603.15006v1,5
2603.15143v2,1
2603.15154v1,2
2603.15184v1,3
2603.15217v2,9
2603.15475v1,11
2603.15702v1,1
2603.15711v1,37
2603.15717v1,7
2603.15980v1,4
2603.16016v1,19
2603.16050v1,6
2603.16185v1,6
2603.16562v1,6
2603.16587v1,8
2603.16741v1,7
2603.16788v1,11
2603.16789v1,4
2603.16894v1,14
2603.16908v1,6
2603.16927v1,12
2603.16940v1,9
2603.16942v1,7
2603.16957v1,9
2603.16963v1,2
2603.16984v1,7
2603.17126v1,4
2603.17156v1,11
2603.17191v1,13
2603.17219v2,7
2603.17247v1,4
2603.17358v1,15
2603.17380v2,4
2603.17415v1,10
2603.17547v1,5
2603.17702v1,7
2603.17765v1,5
2603.18042v1,8
2603.18050v1,6
2603.18119v1,1
2603.18123v3,3
2603.18239v1,8
2603.18249v1,6
2603.18305v1,3
2603.18497v1,8
2603.18544v1,9
2603.18571v1,4
2603.18572v1,8
2603.18723v1,1
2603.19187v1,17
2603.19326v1,10
2603.19341v1,14
2603.19386v1,2
2603.19577v1,2
2603.19761v2,11
2603.19801v1,10
2603.19925v1,2
2603.19994v1,1
2603.19995v2,8
2603.20045v1,3
2603.20077v1,5
2603.20115v1,11
2603.20263v1,7
2603.20284v2,10
2603.20290v1,22
2603.20353v1,6
2603.20355v1,2
2603.20420v2,4
2603.20448v1,20
2603.20700v1,5
2603.20999v2,4
2603.21020v1,5
2603.21510v2,15
2603.21743v4,8
2603.21760v1,4
2603.21786v1,10
2603.21891v1,14
2603.21911v1,7
2603.22371v1,4
2603.22378v1,22
2603.22477v1,5
2603.22496v1,7
2603.22627v1,5
2603.22776v1,11
2603.22842v1,7
2603.22856v1,15
2603.23096v1,7
2603.23297v1,12
2603.23390v1,9
2603.23779v1,5
2603.23869v1,12
2603.23965v1,16
2603.24009v1,4
2603.24026v1,7
2603.24109v1,6
2603.24176v2,7
2603.24578v1,3
2603.24633v1,3
2603.24733v1,9
2603.24745v1,13
2603.24968v1,2
2603.25240v1,9
2603.25283v1,10
2603.25351v1,2
2603.25384v1,7
2603.25441v1,20
2603.25455v1,14
2603.25510v1,3
2603.25566v1,7
2603.25645v1,20
2603.25713v1,3
2603.25755v1,2
2603.25758v1,13
2603.25869v1,6
2603.25880v1,7
2603.25945v1,9
2603.25986v1,10
2603.26014v1,11
2603.26117v1,4
2603.26370v1,6
2603.26387v1,9
2603.26393v1,2
2603.26544v1,4
2603.26695v1,7
2603.26763v1,5
2603.26785v1,2
2603.26802v1,8
2603.26809v1,13
2603.26810v1,9
2603.26820v1,4
2603.26834v1,2
2603.26835v3,4
2603.26836v1,8
2603.26844v1,1
2603.26859v1,10
2603.26994v1,16
2603.27017v2,8
2603.27018v1,10
2603.27118v1,20
2603.27261v1,3
2603.27263v1,2
2603.27303v1,6
2603.27357v1,10
2603.27484v1,7
2603.27787v1,5
2603.27798v1,11
2603.28057v1,5
2603.28083v2,10
2603.28489v2,10
2603.28498v2,5
2603.28711v1,6
2603.28930v1,8
2603.28995v1,12
2603.29014v1,3
2603.29034v1,18
2603.29181v1,10
2603.29404v1,5
2603.29438v1,14
2603.29546v1,7
2603.29684v1,6
2603.29793v1,6
2603.29916v1,3
2603.29977v2,1
2603.29986v1,8
2604.00048v1,4
2604.00070v2,4
2604.00225v1,21
2604.00243v1,9
2604.00246v1,4
2604.00251v1,6
2604.00263v1,2
2604.00314v1,6
2604.00871v1,3
2604.01081v1,7
2604.01122v1,18
2604.01134v1,16
2604.01141v1,4
2604.01167v1,3
2604.01234v1,3
2604.01251v1,5
2604.01252v1,15
2604.01254v1,8
2604.01264v1,4
2604.01362v1,3
2604.01371v1,2
2604.01385v1,12
2604.01475v2,9
2604.01734v1,3
2604.01990v1,5
2604.02105v1,2
2604.02448v1,6
2604.02564v2,10
2604.02742v1,11
2604.02846v2,8
2604.02851v1,12
2604.02868v1,7
2604.02886v1,3
2604.03112v1,11
2604.03118v1,7
2604.03224v1,13
2604.03353v1,6
2604.03361v1,6
2604.03402v2,12
2604.03564v1,19
2604.03603v1,5
2604.03626v1,5
2604.03630v1,1
2604.03645v1,8
2604.03791v1,3
2604.03794v1,4
2604.03836v2,4
2604.03911v1,17
2604.03952v1,4
2604.04078v1,7
2604.04155v1,6
2604.04239v1,5
2604.04407v1,9
2604.04469v1,5
2604.04470v1,9
2604.04484v1,8
2604.04490v1,12
2604.04507v2,7
2604.04670v1,9
2604.04834v1,8
2604.04858v1,4
2604.04958v2,8
2604.05347v1,16
2604.05844v1,3
2604.05934v1,5
2604.06180v1,9
2604.06257v1,8
2604.06262v1,12
2604.06264v1,2
2604.06269v2,5
2604.06276v1,6
2604.06352v1,6
2604.06448v2,5
2604.06518v3,8
2604.06534v1,5
2604.06561v1,14
2604.06564v1,8
2604.06568v1,18
2604.06576v1,9
2604.06671v1,13
2604.07101v1,4
2604.07188v1,12
2604.07298v1,2
2604.07309v2,7
2604.07368v1,5
2604.07402v1,13
2604.07409v1,11
2604.07477v1,28
2604.07557v1,13
2604.07560v1,3
2604.07576v1,17
2604.07614v2,18
2604.07664v1,6
2604.07780v2,4
2604.08047v1,9
2604.08060v1,5
2604.08272v1,5
2604.08305v1,4
2604.08329v1,8
2604.08507v1,1
2604.08600v1,2
2604.08634v1,9
2604.08781v1,7
2604.08868v1,10
2604.09096v1,6
2604.09227v1,21
2604.09233v1,7
2604.09280v1,8
2604.09313v1,7
2604.09321v1,14
2604.09370v1,5
2604.09421v1,16
2604.09450v2,8
2604.09451v1,9
2604.09468v1,7
2604.09657v1,6
2604.09702v1,2
2604.09715v1,5
2604.09743v1,1
2604.09884v1,3
2604.09886v1,8
2604.10037v1,5
2604.10223v1,11
2604.10331v1,23
2604.10476v1,2
2604.10609v1,6
2604.10617v1,2
2604.10700v1,13
2604.10737v1,12
2604.10754v1,10
2604.10870v1,3
2604.11483v1,6
2604.11824v2,7
2604.11852v2,9
2604.11944v1,2
2604.12026v1,5
2604.12075v1,1
2604.12239v2,12
2604.12294v1,4
2604.12305v1,7
2604.12671v2,4
2604.12934v1,9
2604.12970v1,6
2604.13004v2,10
2604.13175v1,5
2604.13236v1,2
2604.13278v1,7
2604.13479v1,4
2604.13980v1,20
2604.14013v1,7
2604.14193v1,4
2604.14229v2,7
2604.14241v2,16
2604.14259v1,8
2604.14334v2,4
2604.14527v1,6
2604.14724v1,13
2604.14800v1,8
2604.15374v1,12
2604.15378v1,10
2604.15391v1,9
2604.15459v1,9
2604.15481v1,7
2604.15520v1,1
2604.15561v1,6
2604.15598v2,7
2604.15964v1,5
2604.16104v1,5
2604.16450v1,7
2604.16586v1,6
2604.16642v2,16
2604.16648v1,7
2604.16655v1,3
2604.16662v1,7
2604.16696v1,7
2604.16851v1,67
2604.16896v1,12
2604.16914v2,2
2604.16947v1,4
2604.16969v1,18
2604.17047v1,9
2604.17118v1,5
2604.17300v1,6
2604.17361v1,4
2604.17376v1,2
2604.17442v1,4
2604.17453v1,10
2604.17525v1,2
2604.17567v1,7
2604.17802v1,10
2604.18230v1,12
2604.18431v2,6
2604.18548v1,7
2604.18603v1,8
2604.18622v1,2
2604.18634v1,4
2604.18721v1,3
2604.18807v1,6
2604.19007v1,12
2604.19176v1,9
2604.19334v1,3
2604.19460v1,3
2604.19474v1,8
2604.19512v2,4
2604.19563v1,6
2604.19718v1,18
2604.19840v1,4
2604.19850v1,12
2604.20003v1,4
2604.20154v1,3
2604.20245v1,6
2604.20263v1,5
2604.20466v1,10
2604.20615v2,15
2604.20684v2,9
2604.20782v1,1
2604.20824v1,3
2604.20878v1,3
2604.20918v1,1
2604.20942v1,6
2604.20981v1,10
2604.21260v1,8
2604.21518v1,6
2604.21573v1,5
2604.21636v1,11
2604.21809v2,5
2604.21828v1,6
2604.21960v2,8
2604.21988v1,4
2604.22093v1,4
2604.22212v1,13
2604.22338v1,4
2604.22479v1,5
2604.22492v1,2
2604.22557v1,4
2604.22579v1,4
2604.22744v1,6
2604.22788v1,13
2604.22808v1,13
2604.22841v1,9
2604.22842v1,15
2604.22889v2,11
2604.22894v1,15
2604.22904v2,7
2604.22905v1,4
2604.22997v1,7
2604.23137v1,5
2604.23146v2,10
2604.23268v1,8
2604.23325v1,6
2604.23408v1,17
2604.23675v1,2
2604.23709v1,12
2604.24000v1,5
2604.24036v2,2
2604.24136v2,9
2604.24236v1,9
2604.24347v1,4
2604.24365v2,4
2604.24714v1,19
2604.24793v1,3
2604.24800v1,6
2604.24805v2,10
2604.24877v1,12
2604.25180v2,12
2604.25300v1,9
2604.25310v1,7
2604.25330v1,11
2604.25371v1,9
2604.25680v1,1
2604.25685v1,2
2604.25936v1,8
2604.26070v2,4
2604.26223v4,39
2604.26302v1,2
2604.26492v1,4
2604.26498v2,11
2604.26664v1,11
2604.26857v1,3
2604.26970v1,2
2604.27017v1,4
2604.27101v1,2
2604.27124v1,8
2604.27323v1,13
2604.27326v1,4
2604.27383v1,11
2604.27436v1,3
2604.27726v1,8
2604.27952v1,5
2604.28055v1,5
2604.28148v2,14
2605.00029v1,20
2605.00033v1,10
2605.00062v2,15
2605.00067v1,8
2605.00225v1,3
2605.00272v1,13
2605.00448v1,14
2605.00461v1,6
2605.00479v1,7
2605.00527v2,5
2605.00545v1,7
2605.00630v1,4
2605.00698v1,5
2605.00730v1,16
2605.00744v1,11
2605.00793v2,10
2605.00850v1,30
2605.00881v1,14
2605.00888v1,11
2605.00897v1,12
2605.00923v1,4
2605.00925v1,9
2605.00948v1,12
2605.00971v1,2
2605.01219v1,4
2605.01272v1,6
2605.01282v1,9
2605.01290v1,9
2605.01472v1,12
2605.01538v2,11
2605.01819v1,8
2605.01884v1,7
2605.01982v1,6
2605.02086v1,7
2605.02325v1,3
2605.02516v1,15
2605.02615v1,8
2605.02660v1,3
2605.02726v1,9
2605.02936v1,9
2605.02942v1,5
2605.02972v1,4
2605.03053v1,18
2605.03061v2,12
2605.03131v1,5
2605.03281v1,3
2605.03360v1,9
2605.03578v1,12
2605.03602v1,4
2605.03606v1,2
2605.03610v1,7
2605.03690v2,9
2605.03875v1,8
2605.03888v1,8
2605.04071v1,3
2605.04118v2,16
2605.04119v1,3
2605.04265v1,9
2605.04332v1,7
2605.04372v1,2
2605.04388v1,13
2605.04882v1,5
2605.04908v1,6
2605.04930v1,10
2605.05082v1,1
2605.05154v2,11
2605.05175v1,3
2605.05213v1,2
2605.05254v1,14
2605.05259v1,4
2605.05284v2,6
2605.05402v1,7
2605.05522v1,13
2605.05706v1,14
2605.05778v2,9
2605.05985v1,4
2605.06432v1,5
2605.06478v1,4
2605.06481v1,10
2605.06483v2,2
2605.06498v1,4
2605.06532v1,9
2605.06593v1,9
2605.06595v1,8
2605.06598v1,10
2605.06628v1,5
2605.06662v1,7
2605.06699v1,2
2605.06727v1,6
2605.06758v2,18
2605.06759v1,8
2605.06825v1,7
2605.06863v1,7
2605.06875v1,7
2605.06878v1,4
2605.06879v1,12
2605.06966v1,12
2605.06988v1,7
2605.06995v1,5
2605.07003v1,10
2605.07037v1,7
2605.07038v1,10
2605.07041v1,10
2605.07079v1,16
2605.07143v1,8
2605.07215v1,4
2605.07275v1,9
2605.07292v1,1
2605.07306v1,8
2605.07308v2,4
2605.07321v1,14
2605.07325v1,7
2605.07367v1,7
2605.07370v1,5
2605.07381v1,8
2605.07496v1,7
2605.07514v1,16
2605.07530v1,4
2605.07560v2,6
2605.07594v2,8
2605.07605v1,8
2605.07608v1,11
2605.07649v2,4
2605.07650v1,7
2605.07653v2,5
2605.07687v1,6
2605.07703v1,1
2605.07727v1,5
2605.07741v1,8
2605.07746v1,12
2605.07764v1,6
2605.07771v1,2
2605.07794v1,7
2605.07807v1,17
2605.07835v1,4
2605.07838v1,3
2605.07877v1,17
2605.07885v1,4
2605.07943v1,4
2605.07987v1,5
2605.07988v1,8
2605.08020v1,2
2605.08059v1,5
2605.08084v1,7
2605.08242v1,5
2605.08249v1,1
2605.08266v1,5
2605.08269v1,2
2605.08275v1,8
2605.08282v1,6
2605.08306v2,3
2605.08320v1,18
2605.08324v1,10
2605.08325v1,12
2605.08329v1,7
2605.08330v1,6
2605.08434v2,3
2605.08489v1,8
2605.08511v1,5
2605.08515v1,5
2605.08525v1,2
2605.08528v1,7
2605.08566v1,13
2605.08571v2,7
2605.08612v1,5
2605.08638v1,4
2605.08699v1,9
2605.08711v1,3
2605.08713v1,8
2605.08722v1,4
2605.08732v1,10
2605.08757v1,2
2605.08758v1,4
2605.08764v1,6
2605.08774v1,12
2605.08799v1,6
2605.08804v2,9
2605.08815v1,2
2605.08830v2,6
2605.08831v1,8
2605.08879v2,9
2605.08886v1,5
2605.08937v1,5
2605.08947v1,9
2605.08953v1,5
2605.08967v1,3
2605.09005v1,7
2605.09024v1,8
2605.09046v2,18
2605.09048v1,3
2605.09049v1,3
2605.09050v1,14
2605.09055v1,2
2605.09073v1,40
2605.09091v1,7
2605.09093v1,11
2605.09127v2,14
2605.09153v1,4
2605.09171v2,4
2605.09181v1,3
2605.09196v1,9
2605.09216v1,9
2605.09218v1,11
2605.09242v1,3
2605.09279v1,18
2605.09344v1,6
2605.09376v1,13
2605.09383v1,12
2605.09384v1,5
2605.09387v1,6
2605.09410v1,17
2605.09418v1,4
2605.09441v1,9
2605.09465v1,19
2605.09479v1,4
2605.09494v1,15
2605.09506v1,7
2605.09513v1,7
2605.09537v1,7
2605.09538v1,5
2605.09575v1,15
2605.09586v2,9
2605.09595v1,11
2605.09597v2,2
2605.09600v1,12
2605.09613v1,17
2605.09629v1,22
2605.09633v1,4
2605.09639v2,4
2605.09656v1,1
2605.09659v1,16
2605.09670v1,4
2605.09672v1,12
2605.09699v1,10
2605.09772v1,7
2605.09789v1,8
2605.09801v1,10
2605.09811v1,5
2605.09869v2,5
2605.09886v1,6
2605.09897v1,7
2605.09939v1,3
2605.09944v1,7
2605.09948v1,6
2605.09954v1,11
2605.09964v2,7
2605.09972v1,2
2605.09989v1,14
2605.09999v1,24
2605.10034v1,23
2605.10051v1,6
2605.10063v1,10
2605.10076v1,12
2605.10081v1,5
2605.10086v1,2
2605.10094v2,5
2605.10118v1,12
2605.10166v1,4
2605.10177v1,2
2605.10201v2,8
2605.10210v1,4
2605.10269v1,5
2605.10307v1,21
2605.10340v1,6
2605.10388v1,5
2605.10408v2,3
2605.10456v1,22
2605.10457v1,21
2605.10482v2,5
2605.10484v1,14
2605.10485v1,10
2605.10564v1,7
2605.10571v1,4
2605.10696v2,9
2605.10704v1,11
2605.10707v1,3
2605.10738v1,8
2605.10739v1,4
2605.10744v1,4
2605.10760v1,11
2605.10772v1,10
2605.10819v2,7
2605.10821v1,10
2605.10840v2,6
2605.10858v1,7
2605.10876v1,7
2605.10880v1,5
2605.10903v1,7
2605.10904v1,9
2605.10917v1,19
2605.10921v1,8
2605.10925v1,9
2605.10934v1,2
2605.10942v1,11
2605.10978v3,5
2605.10993v1,10
2605.10995v1,9
2605.11009v1,6
2605.11020v1,12
2605.11048v1,12
2605.11060v1,3
2605.11114v1,5
2605.11119v1,8
2605.11144v1,3
2605.11151v2,12
2605.11197v1,6
2605.11210v1,5
2605.11221v1,6
2605.11258v1,12
2605.11296v1,8
2605.11381v1,15
2605.11385v1,10
2605.11387v1,14
2605.11434v1,8
2605.11459v2,9
2605.11473v1,15
2605.11479v1,6
2605.11485v2,8
2605.11534v1,4
2605.11564v1,14
2605.11583v1,8
2605.11598v1,8
2605.11618v1,7
2605.11654v2,8
2605.11665v1,5
2605.11674v1,7
2605.11675v1,10
2605.11697v1,7
2605.11714v1,9
2605.11750v1,7
2605.11758v1,3
2605.11762v1,13
2605.11817v2,12
2605.11825v1,11
2605.11832v1,11
2605.11859v1,6
2605.11863v1,5
2605.11951v1,10
2605.11972v1,4
2605.12053v1,8
2605.12059v1,6
2605.12071v1,6
2605.12084v1,6
2605.12090v1,7
2605.12160v1,8
2605.12162v1,8
2605.12164v1,10
2605.12167v1,19
2605.12182v1,6
2605.12220v1,8
2605.12228v1,5
2605.12236v1,25
2605.12247v1,8
2605.12297v1,11
2605.12347v1,5
2605.12369v1,32
2605.12386v1,6
2605.12485v2,10
2605.12506v1,9
2605.12560v1,4
2605.12561v1,6
2605.12562v1,7
2605.12566v1,10
2605.12575v1,6
2605.12622v2,7
2605.12624v2,16
2605.12625v2,5
2605.12628v1,33
2605.12654v1,9
2605.12674v1,20
2605.12689v1,6
2605.12710v1,7
2605.12719v1,4
2605.12735v1,24
2605.12753v1,8
2605.12771v1,15
2605.12784v2,4
2605.12786v1,7
2605.12789v1,5
2605.12790v1,10
2605.12804v1,18
2605.12852v1,9
2605.12897v1,7
2605.12974v2,4
2605.13006v1,12
2605.13015v1,6
2605.13028v1,7
2605.13031v1,3
2605.13058v1,7
2605.13067v1,7
2605.13083v1,13
2605.13086v1,14
2605.13094v1,5
2605.13105v1,4
2605.13117v1,9
2605.13119v1,4
2605.13123v1,11
2605.13125v1,6
2605.13131v1,5
2605.13152v1,15
2605.13192v1,19
2605.13208v1,8
2605.13243v1,6
2605.13262v1,2
2605.13266v1,6
2605.13276v2,7
2605.13321v1,8
2605.13328v1,11
2605.13380v1,5
2605.13382v1,9
2605.13401v1,36
2605.13403v1,9
2605.13428v1,16
2605.13442v1,8
2605.13452v1,5
2605.13500v1,4
2605.13504v1,9
2605.13525v1,4
2605.13539v1,11
2605.13548v2,14
2605.13613v1,6
2605.13632v1,9
2605.13646v2,6
2605.13665v1,7
2605.13669v1,6
2605.13713v1,2
2605.13720v1,2
2605.13741v1,6
2605.13748v1,5
2605.13751v1,10
2605.13754v1,4
2605.13757v1,3
2605.13775v1,15
2605.13778v1,8
2605.13782v1,4
2605.13815v1,7
2605.13822v1,7
2605.13854v1,7
2605.13862v1,10
2605.13897v1,4
2605.13923v1,6
2605.13925v2,9
2605.13959v1,13
2605.13996v1,3
2605.14106v1,2
2605.14110v1,9
2605.14123v1,2
2605.14174v1,4
2605.14199v1,6
2605.14201v2,9
2605.14215v1,7
2605.14232v1,7
2605.14262v1,7
2605.14285v1,8
2605.14396v1,14
2605.14411v1,7
2605.14417v2,10
2605.14500v1,3
2605.14526v1,17
2605.14571v1,13
2605.14598v2,3
2605.14629v1,3
2605.14677v1,3
2605.14683v1,7
2605.14700v1,6
2605.14704v1,3
2605.14712v1,5
2605.14734v2,7
2605.14742v1,7
2605.14801v1,6
2605.14805v1,8
2605.14810v1,9
2605.14812v1,7
2605.14832v1,6
2605.14911v1,6
2605.14920v1,8
2605.14937v1,7
2605.14944v1,9
2605.14949v1,5
2605.14950v1,9
2605.14998v2,5
2605.15049v1,5
2605.15074v1,5
2605.15086v1,5
2605.15120v2,6
2605.15122v1,6
2605.15153v2,7
2605.15157v2,7
2605.15187v1,20
2605.15227v1,7
2605.15241v1,15
2605.15243v1,6
2605.15298v1,6
2605.15336v2,5
2605.15352v1,6
2605.15353v1,21
2605.15364v1,14
2605.15423v1,5
2605.15430v1,17
2605.15456v1,8
2605.15480v1,4
2605.15486v1,5
2605.15487v1,29
2605.15490v1,6
2605.15492v1,10
2605.15496v1,9
2605.15509v1,3
2605.15510v1,5
2605.15517v1,4
2605.15528v1,16
2605.15536v1,7
2605.15548v1,4
2605.15558v1,9
2605.15559v1,17
2605.15564v1,5
2605.15579v1,33
2605.15597v1,16
2605.15619v1,10
2605.15641v2,4
2605.15650v1,8
2605.15654v1,9
2605.15671v1,5
2605.15673v1,5
2605.15680v1,1
2605.15705v1,9
2605.15707v1,2
2605.15713v1,5
2605.15725v1,10
2605.15753v1,4
2605.15765v1,14
2605.15769v1,8
2605.15779v1,6
2605.15782v1,12
2605.15799v1,7
2605.15800v1,3
2605.15836v1,5
2605.15839v1,5
2605.15845v1,11
2605.15892v1,5
2605.15895v1,14
2605.15918v1,7
2605.15935v1,12
2605.15944v2,11
2605.15949v1,9
2605.15952v1,7
2605.15964v1,10
2605.15971v2,8
2605.15975v2,5
2605.15999v1,12
2605.16009v1,6
2605.16015v2,10
2605.16030v2,7
2605.16043v1,2
2605.16056v1,1
2605.16087v2,7
2605.16104v1,10
2605.16108v2,1
2605.16115v1,7
2605.16137v2,10
2605.16154v1,11
2605.16257v1,10
2605.16258v2,8
2605.16326v1,7
2605.16356v1,7
2605.16376v1,6
2605.16389v1,8
2605.16391v1,7
2605.16392v1,7
2605.16395v1,15
2605.16398v1,13
2605.16412v1,5
2605.16419v1,3
2605.16432v1,7
2605.16442v1,5
2605.16469v1,3
2605.16476v1,8
2605.16514v1,3
2605.16522v1,5
2605.16537v1,3
2605.16552v1,8
2605.16563v1,7
2605.16588v1,3
2605.16673v1,3
2605.16692v2,19
2605.16724v1,13
2605.16737v1,6
2605.16743v1,11
2605.16753v1,9
2605.16764v1,8
2605.16768v1,5
2605.16797v1,10
2605.16816v1,6
2605.16817v1,10
2605.16858v1,7
2605.16860v1,4
2605.16863v1,11
2605.16870v1,7
2605.16871v1,6
2605.16894v1,5
2605.16932v1,9
2605.16979v1,9
2605.17002v1,2
2605.17033v1,8
2605.17077v1,6
2605.17123v1,9
2605.17129v1,25
2605.17144v1,9
2605.17186v1,10
2605.17188v1,3
2605.17204v1,15
2605.17229v1,13
2605.17249v1,8
2605.17264v1,16
2605.17268v2,1
2605.17284v1,9
2605.17293v1,4
2605.17300v1,9
2605.17302v1,2
2605.17327v1,9
2605.17336v1,8
2605.17421v1,7
2605.17470v2,16
2605.17477v1,4
2605.17486v1,7
2605.17517v1,10
2605.17522v1,8
2605.17533v1,8
2605.17556v1,14
2605.17559v1,2
2605.17593v1,8
2605.17601v1,23
2605.17661v1,16
2605.17681v1,20
2605.17776v2,2
2605.17800v1,6
2605.17815v1,8
2605.17851v1,3
2605.17893v1,2
2605.17899v1,6
2605.17912v1,9
2605.17927v1,9
2605.17928v1,3
2605.17929v2,11
2605.17950v3,1
2605.17984v1,14
2605.18006v1,12
2605.18026v1,5
2605.18045v1,4
2605.18047v3,5
2605.18054v1,11
2605.18059v1,17
2605.18074v1,10
2605.18109v1,3
2605.18184v1,2
2605.18197v1,2
2605.18262v1,5
2605.18287v1,9
2605.18295v1,8
2605.18303v1,3
2605.18373v1,11
2605.18378v1,5
2605.18385v1,1
2605.18407v1,8
2605.18423v1,5
2605.18441v1,9
2605.18482v1,5
2605.18543v1,8
2605.18545v1,10
2605.18550v1,8
2605.18552v1,10
2605.18556v1,7
2605.18571v1,14
2605.18588v1,8
2605.18593v1,2
2605.18611v1,2
2605.18617v1,23
2605.18685v1,11
2605.18701v1,22
2605.18709v1,5
2605.18720v1,5
2605.18722v1,11
2605.18727v1,10
2605.18729v1,5
2605.18746v2,13
2605.18791v1,1
2605.18831v1,3
2605.18872v1,12
2605.18878v1,6
2605.18880v1,3
2605.18895v1,10
2605.18921v1,3
2605.18923v1,3
2605.19004v1,14
2605.19009v1,7
2605.19015v1,4
2605.19029v1,9
2605.19033v1,11
2605.19038v1,3
2605.19050v1,12
2605.19060v1,7
2605.19071v1,20
2605.19104v1,7
2605.19120v1,55
2605.19136v1,5
2605.19138v2,14
2605.19160v1,4
2605.19166v1,7
2605.19202v1,9
2605.19206v1,5
2605.19209v1,6
2605.19255v1,16
2605.19257v3,6
2605.19293v1,8
2605.19294v1,16
2605.19314v1,6
2605.19328v1,5
2605.19354v2,12
2605.19397v1,7
2605.19420v1,5
2605.19430v2,5
2605.19431v1,12
2605.19469v1,9
2605.19490v1,6
2605.19501v1,16
2605.19503v2,4
2605.19524v1,5
2605.19562v1,4
2605.19579v1,6
2605.19580v1,3
2605.19592v1,19
2605.19594v1,5
2605.19600v1,6
2605.19621v1,6
2605.19631v1,4
2605.19677v1,6
2605.19678v1,6
2605.19690v1,7
2605.19701v1,9
2605.19703v1,4
2605.19771v1,12
2605.19824v1,4
2605.19837v1,8
2605.19840v1,2
2605.19881v1,13
2605.19885v1,3
2605.19887v1,1
2605.19902v1,3
2605.19919v1,13
2605.19924v1,8
2605.19940v1,5
2605.19957v1,8
2605.19958v1,13
2605.19981v1,7
2605.19986v1,10
2605.19990v1,6
2605.20016v1,1
2605.20055v1,3
2605.20072v1,5
2605.20079v1,12
2605.20101v1,13
2605.20138v1,4
2605.20255v2,4
2605.20264v1,9
2605.20299v1,12
2605.20304v1,9
2605.20355v1,4
2605.20373v1,8
2605.20390v1,11
2605.20392v1,8
2605.20395v1,6
2605.20405v1,9
2605.20431v1,1
2605.20433v1,16
2605.20454v1,10
2605.20484v1,3
2605.20523v1,2
2605.20525v1,8
2605.20544v1,7
2605.20551v1,12
2605.20561v1,8
2605.20566v1,6
2605.20595v1,8
2605.20607v1,4
2605.20625v1,4
2605.20644v1,12
2605.20648v1,5
2605.20666v1,8
2605.20672v1,9
2605.20687v1,6
2605.20692v1,38
2605.20717v1,7
2605.20752v2,9
2605.20758v1,18
2605.20774v1,31
2605.20796v1,4
2605.20801v1,6
2605.20811v1,5
2605.20821v1,8
2605.20850v1,6
2605.20856v1,7
2605.20885v1,9
2605.20894v1,8
2605.20917v1,17
2605.20929v1,2
2605.20932v1,18
2605.20977v1,4
2605.21007v2,6
2605.21026v1,8
2605.21031v2,10
2605.21051v1,9
2605.21053v1,19
2605.21061v1,5
2605.21096v1,7
2605.21109v1,6
2605.21111v1,12
2605.21116v1,15
2605.21133v1,7
2605.21138v1,9
2605.21150v1,6
2605.21157v1,7
2605.21188v1,3
2605.21242v1,4
2605.21251v1,13
2605.21257v1,3
2605.21258v1,4
2605.21309v1,3
2605.21330v1,6
2605.21372v1,9
2605.21398v1,9
2605.21406v1,7
2605.21414v1,9
2605.21429v1,2
2605.21439v1,11
2605.21446v1,3
2605.21454v1,13
2605.21460v1,6
2605.21500v1,5
2605.21522v1,7
2605.21523v1,2
2605.21526v1,4
2605.21527v1,11
2605.21553v1,10
2605.21559v1,9
2605.21572v1,12
2605.21608v1,5
2605.21617v2,29
2605.21633v1,10
2605.21671v1,4
2605.21680v1,4
2605.21686v1,5
2605.21688v1,7
2605.21704v1,5
2605.21710v1,9
2605.21714v1,9
2605.21719v1,5
2605.21723v1,9
2605.21747v1,7
2605.21788v1,6
2605.21799v1,19
2605.21800v1,13
2605.21804v1,3
2605.21811v1,10
2605.21835v1,5
2605.21836v1,6
2605.21859v1,4
2605.21862v1,5
2605.21863v1,6
2605.21865v1,8
2605.21901v1,9
2605.21914v1,8
2605.21932v1,10
2605.21935v1,10
2605.21947v1,10
2605.21970v1,2
2605.21976v1,4
2605.22009v1,10
2605.22018v1,17
2605.22021v1,13
2605.22075v1,3
2605.22082v2,14
2605.22123v1,10
2605.22138v1,6
2605.22164v1,8
2605.22183v2,5
2605.22189v1,5
2605.22206v1,7
2605.22259v1,2
2605.22272v2,5
2605.22283v1,11
2605.22322v1,1
2605.22420v1,8
2605.22425v1,4
2605.22431v1,6
2605.22443v1,3
2605.22446v1,6
2605.22456v1,2
2605.22493v1,10
2605.22521v1,6
2605.22550v1,8
2605.22552v1,6
2605.22558v1,6
2605.22563v1,7
2605.22570v1,94
2605.22572v1,10
2605.22578v1,7
2605.22581v1,19
2605.22591v1,6
2605.22597v1,18
2605.22600v1,7
2605.22605v1,7
2605.22607v1,8
2605.22619v1,3
2605.22629v1,7
2605.22631v1,14
2605.22635v2,6
2605.22639v2,8
2605.22649v1,5
2605.22651v1,2
2605.22654v1,2
2605.22658v1,9
2605.22668v1,16
2605.22671v1,8
2605.22677v1,8
2605.22678v1,4
2605.22679v1,19
2605.22693v1,7
2605.22695v1,7
2605.22697v1,4
2605.22709v1,12
2605.22715v2,8
2605.22718v1,10
2605.22722v1,5
2605.22748v1,6
2605.22751v1,7
2605.22755v1,8
2605.22767v1,2
2605.22777v1,10
2605.22809v2,13
2605.22812v1,5
2605.22816v1,12
2605.22818v1,10
2605.22819v1,14
2605.22823v1,20
2605.22851v1,6
2605.22853v1,8
2605.22882v2,6
2605.22889v1,6
2605.22890v1,4
2605.22894v2,7
2605.22896v1,6
2605.22899v1,5
2605.22903v1,5
2605.22904v2,7
2605.22907v1,17
2605.22942v1,2
2605.22954v1,2
2605.22962v1,4
2605.22968v1,5
2605.22986v1,10
2605.22988v1,3
2605.22991v1,2
2605.22996v1,13
2605.22997v1,2
2605.23027v1,17
2605.23028v1,8
2605.23045v1,5
2605.23064v1,3
2605.23065v1,5
2605.23094v1,16
2605.23098v1,15
2605.23100v1,5
2605.23128v1,3
2605.23137v2,13
2605.23161v1,2
2605.23165v1,10
2605.23169v1,11
2605.23183v1,3
2605.23240v1,7
2605.23263v1,5
2605.23282v1,13
2605.23323v1,14
2605.23341v1,5
2605.23350v1,6
2605.23386v1,7
2605.23477v1,9
2605.23508v1,20
2605.23568v1,7
2605.23583v1,6
2605.23717v1,5
2605.23733v1,9
2605.23745v1,6
2605.23762v1,8
2605.23832v1,10
2605.23847v1,9
2605.23856v1,5
2605.23863v1,8
2605.23877v1,10
2605.23972v1,5
2605.23987v1,6
2605.23996v1,6
2605.24004v1,2
2605.24040v1,4
2605.24044v1,10
2605.24047v1,3
2605.24111v1,5
2605.24125v1,4
2605.24127v1,8
2605.24135v1,16
2605.24170v1,14
2605.24179v1,11
2605.24203v1,7
2605.24225v1,15
2605.24301v1,12
2605.24311v1,14
2605.24339v1,12
2605.24350v1,33
2605.24370v1,4
2605.24394v1,8
2605.24433v1,4
2605.24436v1,8
2605.24449v1,8
2605.24459v1,5
2605.24465v2,8
2605.24495v1,9
2605.24525v1,11
2605.24592v1,5
2605.24643v1,10
2605.24690v1,2
2605.24731v1,7
2605.24760v1,7
2605.24767v1,5
2605.24769v1,3
2605.24777v1,6
2605.24787v1,2
2605.24789v1,4
2605.24795v1,7
2605.24810v1,3
2605.24813v1,8
2605.24860v1,12
2605.24881v1,2
2605.24913v1,4
2605.24922v1,6
2605.24924v1,5
2605.24931v1,10
2605.24950v1,3
2605.24975v1,10
2605.24980v1,2
2605.24985v1,5
2605.25005v1,13
2605.25006v1,9
2605.25010v1,3
2605.25025v1,9
2605.25029v2,6
2605.25041v1,2
2605.25044v1,7
2605.25050v1,7
2605.25051v1,3
2605.25079v1,10
2605.25109v1,4
2605.25139v1,18
2605.25155v1,14
2605.25168v1,5
2605.25170v1,7
2605.25216v1,9
2605.25239v1,4
2605.25279v1,11
2605.25295v1,7
2605.25313v1,7
2605.25346v1,8
2605.25348v1,3
2605.25362v1,13
2605.25371v1,7
2605.25388v1,14
2605.25393v1,3
2605.25401v1,9
2605.25414v1,4
2605.25423v1,7
2605.25465v1,6
2605.25477v1,7
2605.25537v1,4
2605.25546v1,6
2605.25584v1,13
2605.25646v1,5
2605.25672v1,16
2605.25685v1,5
2605.25770v2,9
2605.25782v2,7
2605.25790v1,15
2605.25813v1,4
2605.25829v1,11
2605.25851v1,9
2605.25878v1,8
2605.25940v1,8
2605.25955v1,4
2605.25966v1,6
2605.25967v1,7
2605.25977v1,2
2605.25991v1,8
2605.25997v1,6
2605.25998v1,1
2605.26012v1,21
2605.26013v1,8
2605.26019v1,6
2605.26026v1,3
2605.26032v1,11
2605.26035v1,11
2605.26036v1,37
2605.26046v1,4
2605.26059v1,16
2605.26061v1,8
2605.26064v3,6
2605.26067v1,9
2605.26068v2,11
2605.26072v1,14
2605.26087v1,8
2605.26092v3,6
2605.26093v1,5
2605.26097v1,9
2605.26106v1,7
2605.26110v1,1
2605.26111v1,20
2605.26112v1,1
2605.26127v1,7
2605.26151v1,5
2605.26155v1,4
2605.26194v2,2
2605.26222v1,2
2605.26234v1,12
2605.26243v1,5
2605.26246v1,11
2605.26248v1,31
2605.26255v2,1
2605.26266v1,17
2605.26271v1,7
2605.26282v1,27
2605.26283v1,3
2605.26284v1,5
2605.26285v1,4
2605.26286v1,7
2605.26288v1,5
2605.26289v1,3
2605.26290v1,5
2605.26304v2,6
2605.26310v1,4
2605.26315v1,5
2605.26320v1,5
2605.26324v1,3
2605.26327v1,1
2605.26330v1,7
2605.26339v1,6
2605.26341v1,7
2605.26348v1,4
2605.26349v1,5
2605.26350v1,6
2605.26353v1,12
2605.26355v1,1
2605.26357v2,45
2605.26358v1,13
2605.26366v2,8
2605.26376v1,3
2605.26379v1,17
2605.26396v2,11
2605.26408v2,8
2605.26409v1,5
2605.26413v1,5
2605.26414v1,2
2605.26418v1,6
2605.26419v1,12
2605.26423v1,2
2605.26424v1,2
2605.26429v1,14
2605.26430v2,11
2605.26434v1,13
2605.26446v1,2
2605.26452v1,7
2605.26468v1,5
2605.26471v1,9
2605.26477v1,4
2605.26478v1,15
2605.26484v1,7
2605.26489v1,5
2605.26491v1,7
2605.26492v1,2
2605.26494v1,10
2605.26496v1,12
2605.26502v2,2
2605.26509v1,7
2605.26514v1,2
2605.26523v1,10
2605.26526v1,3
2605.26533v1,6
2605.26535v1,12
2605.26543v1,6
2605.26548v1,3
2605.26552v2,13
2605.26554v1,2
2605.26562v1,27
2605.26569v1,5
2605.26571v1,5
2605.26576v1,5
2605.26577v1,4
2605.26579v1,6
2605.26582v1,10
2605.26585v1,1
2605.26589v1,14
2605.26595v1,11
2605.26600v1,10
2605.26606v1,31
2605.26619v1,10
2605.26625v1,8
2605.26627v1,3
2605.26631v1,5
2605.26632v1,22
2605.26637v1,22
2605.26638v1,8
2605.26640v1,5
2605.26647v1,5
2605.26648v1,4
2605.26649v1,7
2605.26654v1,7
2605.26655v1,4
2605.26660v1,4
2605.26690v1,4
2605.26710v1,7
2605.26713v1,16
2605.26715v1,2
2605.26718v1,10
2605.26732v1,6
2605.26752v1,11
2605.26756v2,7
2605.26759v1,4
2605.26782v1,12
2605.26790v2,19
2605.26797v1,3
2605.26802v1,3
2605.26814v1,9
2605.26820v1,4
2605.26821v1,4
2605.26828v1,2
2605.26842v1,16
2605.26844v1,5
2605.26850v1,8
2605.26854v1,10
2605.26856v1,23
2605.26857v1,7
2605.26880v1,4
2605.26886v1,2
2605.26900v1,5
2605.26919v1,5
2605.26925v1,7
2605.26929v2,11
2605.26936v1,7
2605.26942v2,2
2605.26971v1,7
2605.26973v1,5
2605.26974v2,6
2605.26977v1,5
2605.26984v1,11
2605.26988v1,9
2605.26990v1,10
2605.26991v1,7
2605.26998v1,10
2605.27006v1,17
2605.27009v1,14
2605.27027v1,9
2605.27038v1,3
2605.27043v1,5
2605.27046v1,9
2605.27050v1,5
2605.27062v1,2
2605.27063v1,8
2605.27072v1,8
2605.27073v1,7
2605.27076v1,2
2605.27078v2,37
2605.27079v1,18
2605.27081v1,5
2605.27082v1,20
2605.27088v1,9
2605.27093v1,19
2605.27095v1,7
2605.27097v1,6
2605.27102v2,2
2605.27113v1,15
2605.27114v2,10
2605.27115v1,4
2605.27117v1,4
2605.27128v1,7
2605.27130v1,3
2605.27131v1,5
2605.27133v1,1
2605.27134v1,26
2605.27138v1,2
2605.27139v1,9
2605.27140v1,4
2605.27141v1,7
2605.27144v1,7
2605.27155v2,2
2605.27156v1,8
2605.27157v1,7
2605.27163v1,14
2605.27164v1,16
2605.27167v1,10
2605.27168v1,18
2605.27174v1,2
2605.27176v2,5
2605.27178v1,10
2605.27180v1,4
2605.27189v1,5
2605.27190v1,4
2605.27194v1,6
2605.27203v1,10
2605.27205v1,10
2605.27209v1,2
2605.27210v1,7
2605.27219v1,7
2605.27236v1,7
2605.27245v1,8
2605.27246v1,6
2605.27249v1,5
2605.27254v1,5
2605.27255v1,12
2605.27255v2,12
2605.27258v2,3
2605.27259v1,9
2605.27268v1,9
2605.27269v1,5
2605.27276v2,7
2605.27281v1,4
2605.27284v1,8
2605.27286v1,17
2605.27288v1,10
2605.27292v1,2
2605.27293v1,7
2605.27299v1,1
2605.27306v1,7
2605.27309v1,4
2605.27314v1,4
2605.27316v1,2
2605.27320v1,4
2605.27328v1,4
2605.27331v1,1
2605.27332v1,3
2605.27338v1,2
2605.27343v1,4
2605.27348v2,2
2605.27352v1,1
2605.27354v1,3
2605.27355v1,14
2605.27355v2,14
2605.27358v1,14
2605.27360v1,16
2605.27361v1,16
2605.27365v2,15
2605.27366v1,8
2605.27371v1,8
2605.27418v1,5
2605.27454v1,5
2605.27458v1,8
2605.27461v1,3
2605.27473v1,1
2605.27474v2,5
2605.27477v1,21
2605.27478v2,2
2605.27485v1,8
2605.27486v1,2
2605.27487v1,6
2605.27488v1,1
2605.27489v1,6
2605.27491v1,25
2605.27492v1,8
2605.27494v1,9
2605.27495v1,2
2605.27499v1,32
2605.27523v1,19
2605.27526v1,18
2605.27527v1,16
2605.27532v1,5
2605.27533v1,6
2605.27539v1,4
2605.27541v1,27
2605.27551v1,13
2605.27556v1,2
2605.27559v1,2
2605.27561v1,6
2605.27564v1,19
2605.27566v1,18
2605.27567v1,4
2605.27569v1,10
2605.27570v1,4
2605.27571v1,6
2605.27573v1,12
2605.27575v1,1
2605.27580v2,12
2605.27583v1,5
2605.27584v1,11
2605.27591v1,8
2605.27593v1,12
2605.27594v1,2
2605.27595v1,7
2605.27601v1,4
2605.27605v1,11
2605.27610v1,2
2605.27616v1,7
2605.27618v1,1
2605.27619v1,10
2605.27622v1,1
2605.27628v1,2
2605.27631v1,8
2605.27642v1,2
2605.27643v1,3
2605.27644v1,7
2605.27646v1,9
2605.27649v1,12
2605.27651v1,11
2605.27654v1,2
2605.27656v1,3
2605.27659v1,7
2605.27661v1,4
2605.27662v1,13
2605.27668v1,7
2605.27671v1,5
2605.27673v1,9
2605.27674v1,8
2605.27676v1,1
2605.27678v1,15
2605.27679v1,6
2605.27681v1,9
2605.27686v1,2
2605.27689v1,9
2605.27690v1,11
2605.27696v2,9
2605.27697v1,7
2605.27699v1,8
2605.27700v1,4
2605.27701v1,6
2605.27703v1,14
2605.27710v1,4
2605.27712v1,18
2605.27718v1,6
2605.27720v1,7
2605.27721v1,4
2605.27722v1,11
2605.27724v1,8
2605.27725v1,3
2605.27733v1,17
2605.27734v1,15
2605.27736v1,11
2605.27739v1,18
2605.27744v1,4
2605.27747v1,3
2605.27748v1,7
2605.27750v1,7
2605.27752v1,1
2605.27756v1,22
2605.27758v1,9
2605.27759v1,7
2605.27760v1,7
2605.27762v1,4
2605.27763v1,4
2605.27764v1,5
2605.27765v1,6
2605.27766v1,10
2605.27767v1,45
2605.27768v1,4
2605.27769v1,2
2605.27772v1,9
2605.27774v1,6
2605.27782v1,4
2605.27784v1,3
2605.27785v1,1
2605.27786v1,5
2605.27788v1,3
2605.27789v1,7
2605.27790v1,1
2605.27794v1,5
2605.27796v1,1
2605.27799v1,4
2605.27805v1,19
2605.27809v2,6
2605.27811v1,3
2605.27813v1,12
2605.27817v1,8
2605.27819v1,5
2605.27820v1,9
2605.27823v1,4
2605.27824v1,15
2605.27825v1,12
2605.27827v1,3
2605.27831v1,3
2605.27834v1,7
2605.27835v1,8
2605.27840v1,6
2605.27845v1,4
2605.27846v1,4
2605.27849v1,1
2605.27850v1,6
2605.27851v1,3
2605.27853v1,12
2605.27856v1,2
2605.27858v1,13
2605.27860v1,6
2605.27861v1,1
2605.27864v2,12
2605.27873v1,3
2605.27877v1,6
2605.27879v1,10
2605.27882v1,4
2605.27886v1,7
2605.27887v1,25
2605.27891v1,8
2605.27892v1,20
2605.27898v1,29
2605.27899v1,6
2605.27901v1,21
2605.27904v1,18
2605.27906v1,11
2605.27908v1,5
2605.27909v1,12
2605.27911v1,17
2605.27913v1,8
2605.27914v1,20
2605.27917v1,8
2605.27919v1,6
2605.27921v1,4
2605.27922v1,5
2605.27923v1,8
2605.27927v1,7
2605.27929v1,6
2605.27931v1,7
2605.27932v1,7
2605.27935v1,6
2605.27937v1,5
2605.27942v1,1
2605.27944v1,7
2605.27946v1,7
2605.27947v1,5
2605.27948v1,6
2605.27954v1,15
2605.27958v1,3
2605.27959v2,16
2605.27965v1,6
2605.27967v1,7
2605.27968v1,12
2605.27970v1,28
2605.27971v1,3
2605.27972v1,17
2605.27975v2,12
2605.27980v1,2
2605.27981v1,4
2605.27984v1,4
2605.27986v1,4
2605.27989v1,4
2605.27990v1,15
2605.27991v1,4
2605.27995v2,11
2605.27996v1,7
2605.27996v2,7
2605.27997v1,19
2605.27999v1,9
2605.28000v1,3
2605.28001v1,4
2605.28006v1,2
2605.28007v1,10
2605.28008v1,18
2605.28009v1,6
2605.28010v1,6
2605.28014v1,8
2605.28021v1,6
2605.28023v1,4
2605.28025v1,6
2605.28028v1,11
2605.28030v1,8
2605.28032v1,5
2605.28033v1,3
2605.28035v1,21
2605.28036v1,18
2605.28042v1,23
2605.28044v1,5
2605.28046v1,3
2605.28048v1,3
2605.28053v1,4
2605.28057v1,1
2605.28063v1,4
2605.28064v1,4
2605.28065v1,11
2605.28066v1,5
2605.28067v1,2
2605.28068v2,22
2605.28069v1,10
2605.28070v1,8
2605.28073v1,7
2605.28075v1,5
2605.28077v1,9
2605.28078v1,6
2605.28084v1,12
2605.28087v1,10
2605.28089v1,4
2605.28092v1,9
2605.28097v1,7
2605.28098v1,15
2605.28100v1,8
2605.28101v1,11
2605.28103v1,7
2605.28104v1,5
2605.28109v1,11
2605.28110v1,10
2605.28111v1,2
2605.28114v1,7
2605.28115v1,6
2605.28116v1,6
2605.28120v1,11
2605.28122v1,7
2605.28124v1,3
2605.28127v1,4
2605.28129v1,3
2605.28133v1,1
2605.28137v1,6
2605.28139v1,2
2605.28142v1,5
2605.28143v1,2
2605.28144v1,5
2605.28145v1,3
2605.28148v1,5
2605.28149v1,11
2605.28150v1,1
2605.28153v1,10
2605.28154v1,8
2605.28155v1,3
2605.28158v1,8
2605.28160v1,8
2605.28162v2,18
2605.28163v1,2
2605.28164v1,6
2605.28165v1,11
2605.28166v2,28
2605.28168v1,3
2605.28170v1,11
2605.28172v1,11
2605.28174v1,7
2605.28183v1,5
2605.28184v1,5
2605.28186v1,4
2605.28187v1,19
2605.28192v1,11
2605.28198v1,6
2605.28200v1,7
2605.28201v1,3
2605.28202v1,7
2605.28203v1,14
2605.28207v1,7
2605.28209v1,4
2605.28210v1,1
2605.28213v1,6
2605.28214v1,7
2605.28215v1,6
2605.28219v1,15
2605.28222v1,34
2605.28224v1,1
2605.28226v1,16
2605.28229v1,4
2605.28231v1,2
2605.28232v1,4
2605.28233v1,12
2605.28247v1,3
2605.28251v1,11
2605.28254v1,7
2605.28255v1,14
2605.28258v1,7
2605.28264v1,17
2605.28267v1,2
2605.28269v1,4
2605.28273v1,12
2605.28276v1,6
2605.28277v1,7
2605.28279v1,2
2605.28282v1,4
2605.28283v1,9
2605.28287v1,11
2605.28290v1,8
2605.28293v2,9
2605.28295v1,11
2605.28296v1,11
2605.28298v1,2
2605.28300v1,6
2605.28301v1,3
2605.28302v1,7
2605.28303v1,6
2605.28304v1,3
2605.28305v1,9
2605.28306v1,6
2605.28309v1,1
2605.28317v1,18
2605.28320v1,5
2605.28321v1,3
2605.28327v2,4
2605.28328v1,5
2605.28330v1,3
2605.28337v1,14
2605.28338v1,4
2605.28340v1,9
2605.28345v1,6
2605.28347v1,7
2605.28352v1,9
2605.28353v1,2
2605.28354v1,7
2605.28355v1,5
2605.28358v1,4
2605.28359v1,3
2605.28360v1,3
2605.28361v1,8
2605.28362v1,9
2605.28364v1,2
2605.28365v1,2
2605.28367v3,3
2605.28368v2,10
2605.28369v1,7
2605.28371v1,7
2605.28372v1,5
2605.28384v1,1
2605.28387v1,3
2605.28388v1,11
2605.28390v1,2
2605.28396v1,9
2605.28398v1,5
2605.28401v1,15
2605.28403v1,7
2605.28405v1,2
2605.28409v1,1
2605.28412v1,7
2605.28418v2,3
2605.28420v2,8
2605.28421v1,6
2605.28422v1,13
2605.28427v1,4
2605.28428v1,7
2605.28431v1,4
2605.28432v1,5
2605.28434v1,8
2605.28440v1,6
2605.28441v1,11
2605.28442v2,17
2605.28444v1,4
2605.28448v1,6
2605.28450v1,6
2605.28453v1,15
2605.28454v1,14
2605.28456v1,3
2605.28459v1,3
2605.28462v1,4
2605.28464v1,6
2605.28467v1,8
2605.28468v1,8
2605.28477v1,9
2605.28483v1,2
2605.28486v1,6
2605.28487v1,10
2605.28488v2,8
2605.28490v1,21
2605.28491v1,3
2605.28495v1,11
2605.28498v1,13
2605.28500v1,5
2605.28501v1,8
2605.28507v1,7
2605.28510v1,8
2605.28513v1,3
2605.28514v1,15
2605.28515v1,4
2605.28516v1,13
2605.28517v1,2
2605.28520v1,4
2605.28524v1,3
2605.28526v1,1
2605.28527v1,1
2605.28531v1,4
2605.28532v1,4
2605.28533v1,11
2605.28543v1,4
2605.28544v1,8
2605.28547v1,4
2605.28548v1,12
2605.28549v1,5
2605.28551v2,13
2605.28552v1,15
2605.28553v1,4
2605.28554v1,2
2605.28556v1,6
2605.28557v1,3
2605.28560v1,10
2605.28561v1,7
2605.28563v1,5
2605.28565v1,15
2605.28567v1,15
2605.28573v1,8
2605.28575v1,3
2605.28577v1,5
2605.28578v1,9
2605.28579v1,5
2605.28583v1,5
2605.28585v1,11
2605.28587v1,5
2605.28588v1,2
2605.28589v1,5
2605.28591v1,2
2605.28592v1,1
2605.28594v1,11
2605.28596v1,44
2605.28597v1,8
2605.28598v1,4
2605.28600v1,5
2605.28602v1,7
2605.28603v1,4
2605.28604v1,7
2605.28605v1,14
2605.28607v1,1
2605.28609v1,5
2605.28612v1,26
2605.28613v1,2
2605.28615v1,9
2605.28616v1,6
2605.28619v1,9
2605.28625v1,19
2605.28626v1,28
2605.28630v1,6
2605.28631v1,2
2605.28632v1,2
2605.28634v1,6
2605.28639v1,7
2605.28640v1,4
2605.28642v1,10
2605.28649v1,10
2605.28652v1,7
2605.28654v1,6
2605.28655v1,15
2605.28659v1,6
2605.28664v1,5
2605.28666v1,3
2605.28669v1,4
2605.28675v1,6
2605.28678v1,7
2605.28679v1,10
2605.28680v1,2
2605.28683v1,12
2605.28684v1,33
2605.28690v1,11
2605.28691v1,22
2605.28693v1,9
2605.28697v1,5
2605.28699v1,3
2605.28700v2,10
2605.28703v1,2
2605.28704v1,2
2605.28705v1,5
2605.28707v1,6
2605.28710v1,5
2605.28711v2,21
2605.28713v1,4
2605.28714v1,7
2605.28717v1,47
2605.28721v1,10
2605.28722v1,7
2605.28726v1,2
2605.28729v1,8
2605.28730v1,10
2605.28732v1,14
2605.28733v1,9
2605.28734v1,8
2605.28735v1,6
2605.28736v1,5
2605.28739v1,1
2605.28740v1,5
2605.28741v1,8
2605.28742v1,6
2605.28746v2,7
2605.28751v1,35
2605.28760v1,4
2605.28763v1,18
2605.28764v1,1
2605.28767v1,1
2605.28769v1,10
2605.28773v1,4
2605.28775v1,10
2605.28779v1,3
2605.28780v1,8
2605.28787v1,3
2605.28791v1,7
2605.28792v1,3
2605.28803v1,9
2605.28805v1,5
2605.28806v1,18
2605.28807v1,2
2605.28809v1,12
2605.28810v1,1
2605.28811v1,12
2605.28812v1,14
2605.28816v1,6
2605.28819v1,9
2605.28820v1,5
2605.28862v1,7
2605.28880v1,1
2605.28882v1,9
2605.28883v1,43
2605.28886v1,25
2605.28888v1,1
2605.28889v1,12
2605.28890v1,10
2605.28896v1,7
2605.28897v1,7
2605.28899v1,12
2605.28900v1,12
2605.28902v1,8
2605.28909v1,2
2605.28910v1,1
2605.28912v1,11
2605.28914v1,3
2605.28916v2,12
2605.28918v1,9
2605.28919v1,4
2605.28920v1,23
2605.28940v1,9
2605.28952v2,2
2605.28961v1,26
2605.28962v1,14
2605.28965v1,2
2605.28969v1,2
2605.28975v1,25
2605.28977v1,15
2605.28978v1,3
2605.28980v1,5
2605.28983v1,9
2605.28990v1,8
2605.28992v1,3
2605.28994v1,3
2605.28995v1,8
2605.28999v1,14
2605.29001v1,3
2605.29002v1,4
2605.29004v1,6
2605.29005v1,4
2605.29008v1,8
2605.29009v1,3
2605.29012v1,10
2605.29016v1,6
2605.29018v1,23
2605.29021v1,8
2605.29025v1,1
2605.29027v1,1
2605.29028v1,8
2605.29032v1,4
2605.29033v1,14
2605.29042v1,3
2605.29055v1,14
2605.29058v1,12
2605.29059v1,1
2605.29063v1,6
2605.29064v1,6
2605.29068v1,3
2605.29072v1,10
2605.29074v1,8
2605.29075v1,6
2605.29076v1,8
2605.29078v1,3
2605.29082v1,1
2605.29084v1,3
2605.29085v2,3
2605.29087v1,4
2605.29088v1,6
2605.29089v1,9
2605.29091v1,14
2605.29092v1,7
2605.29096v1,2
2605.29097v1,18
2605.29098v1,14
2605.29101v1,9
2605.29107v1,1
2605.29108v1,11
2605.29114v1,9
2605.29115v1,6
2605.29116v1,12
2605.29119v1,4
2605.29121v1,11
2605.29122v1,6
2605.29123v1,3
2605.29126v1,38
2605.29128v1,5
2605.29129v1,2
2605.29136v1,10
2605.29138v1,5
2605.29139v1,8
2605.29141v1,1
2605.29144v1,14
2605.29146v1,9
2605.29146v2,9
2605.29152v1,9
2605.29153v1,16
2605.29155v1,4
2605.29156v1,6
2605.29157v1,10
2605.29158v1,2
2605.29161v1,4
2605.29163v1,3
2605.29164v1,10
2605.29168v1,3
2605.29169v1,6
2605.29170v1,5
2605.29171v1,6
2605.29172v1,12
2605.29174v1,6
2605.29179v1,3
2605.29183v1,7
2605.29184v1,13
2605.29190v1,18
2605.29191v1,3
2605.29192v1,12
2605.29194v1,10
2605.29198v2,8
2605.29202v1,3
2605.29208v1,3
2605.29212v1,5
2605.29217v1,8
2605.29218v1,5
2605.29219v1,3
2605.29220v1,6
2605.29221v1,18
2605.29223v2,3
2605.29224v1,7
2605.29225v1,6
2605.29227v1,4
2605.29228v1,13
2605.29229v1,8
2605.29230v1,2
2605.29233v1,13
2605.29234v1,3
2605.29236v1,8
2605.29240v1,2
2605.29243v1,4
2605.29245v1,1
2605.29247v1,10
2605.29249v1,5
2605.29250v1,9
2605.29251v1,5
2605.29253v1,1
2605.29254v1,8
2605.29256v1,5
2605.29259v1,11
2605.29260v1,16
2605.29262v1,2
2605.29263v1,4
2605.29267v1,9
2605.29268v1,9
2605.29268v2,9
2605.29270v1,2
2605.29271v1,3
2605.29273v1,8
2605.29277v1,1
2605.29280v1,5
2605.29283v1,30
2605.29287v1,5
2605.29288v1,9
2605.29292v1,2
2605.29298v1,4
2605.29299v1,2
2605.29299v2,2
2605.29300v1,6
2605.29301v1,2
2605.29302v1,5
2605.29303v1,6
2605.29307v1,13
2605.29310v1,9
2605.29316v1,7
2605.29318v1,10
2605.29324v1,4
2605.29325v1,1
2605.29326v1,3
2605.29327v1,7
2605.29329v1,17
2605.29330v1,6
2605.29332v1,4
2605.29335v1,2
2605.29339v1,6
2605.29341v1,8
2605.29350v1,3
2605.29351v1,5
2605.29353v1,5
2605.29354v1,4
2605.29355v1,13
2605.29357v1,4
2605.29358v1,5
2605.29360v1,28
2605.29364v1,10
2605.29366v1,3
2605.29368v1,3
2605.29373v2,9
2605.29378v1,10
2605.29380v1,6
2605.29384v1,2
2605.29387v1,5
2605.29390v1,29
2605.29394v1,7
2605.29396v1,5
2605.29398v1,5
2605.29400v1,6
2605.29401v1,2
2605.29402v1,2
2605.29407v1,9
2605.29409v1,7
2605.29410v1,12
2605.29411v1,11
2605.29412v1,6
2605.29414v1,5
2605.29415v1,9
2605.29416v1,5
2605.29417v2,5
2605.29420v1,2
2605.29425v1,8
2605.29428v1,19
2605.29429v1,5
2605.29430v1,8
2605.29434v1,9
2605.29438v1,24
2605.29440v1,8
2605.29442v1,7
2605.29446v1,10
2605.29447v1,13
2605.29448v1,38
2605.29449v1,8
2605.29452v1,5
2605.29453v1,12
2605.29454v1,6
2605.29455v1,2
2605.29458v1,3
2605.29460v1,4
2605.29461v1,9
2605.29462v1,10
2605.29463v1,3
2605.29464v1,10
2605.29467v1,11
2605.29468v1,5
2605.29471v1,12
2605.29473v1,2
2605.29475v1,5
2605.29478v1,4
2605.29481v1,13
2605.29483v1,1
2605.29486v1,4
2605.29488v1,14
2605.29489v1,6
2605.29491v1,7
2605.29493v1,7
2605.29494v1,6
2605.29495v1,5
2605.29496v1,19
2605.29498v1,4
2605.29500v1,4
2605.29502v1,2
2605.29505v1,5
2605.29507v1,8
2605.29509v1,9
2605.29511v2,6
2605.29512v1,11
2605.29518v1,5
2605.29522v1,11
2605.29523v1,8
2605.29524v1,7
2605.29525v1,7
2605.29526v1,5
2605.29531v1,4
2605.29532v1,13
2605.29534v1,3
2605.29535v1,4
2605.29538v1,6
2605.29539v1,4
2605.29543v1,15
2605.29547v1,6
2605.29548v1,24
2605.29549v1,5
2605.29556v1,4
2605.29558v1,3
2605.29560v1,9
2605.29561v1,12
2605.29562v1,13
2605.29563v1,13
2605.29564v1,7
2605.29565v1,5
2605.29568v1,7
2605.29570v1,2
2605.29572v1,4
2605.29575v1,6
2605.29577v1,3
2605.29578v1,6
2605.29579v1,16
2605.29580v1,13
2605.29582v1,9
2605.29583v1,8
2605.29586v1,9
2605.29587v1,3
2605.29588v1,13
2605.29591v1,19
2605.29592v1,7
2605.29599v1,6
2605.29601v1,19
2605.29602v1,4
2605.29605v1,7
2605.29606v1,2
2605.29607v1,6
2605.29610v1,6
2605.29615v1,7
2605.29622v1,8
2605.29625v1,8
2605.29626v1,3
2605.29628v1,5
2605.29629v1,9
2605.29630v1,1
2605.29631v1,3
2605.29634v1,8
2605.29635v1,5
2605.29640v1,6
2605.29640v2,6
2605.29642v1,2
2605.29643v1,4
2605.29647v1,3
2605.29649v1,11
2605.29652v1,3
2605.29653v1,10
2605.29655v2,10
2605.29656v1,7
2605.29657v1,8
2605.29659v1,4
2605.29661v1,12
2605.29662v1,8
2605.29663v1,19
2605.29664v1,9
2605.29668v1,1
2605.29669v1,10
2605.29670v1,6
2605.29675v1,9
2605.29676v1,5
2605.29677v1,7
2605.29679v1,8
2605.29684v1,21
2605.29685v1,4
2605.29687v1,1
2605.29688v1,11
2605.29691v1,18
2605.29693v1,7
2605.29695v1,5
2605.29697v1,5
2605.29698v1,16
2605.29703v1,34
2605.29704v1,7
2605.29705v1,8
2605.29710v1,10
2605.29711v1,4
2605.29712v1,7
2605.29716v1,9
2605.29720v1,6
2605.29726v1,4
2605.29727v1,9
2605.29729v1,9
2605.29731v1,10
2605.29733v1,4
2605.29738v1,5
2605.29742v1,3
2605.29744v1,14
2605.29753v1,4
2605.29754v1,2
2605.29756v1,3
2605.29761v1,7
2605.29762v1,3
2605.29765v1,2
2605.29766v1,15
2605.29768v1,6
2605.29771v1,5
2605.29773v1,6
2605.29776v1,6
2605.29777v1,3
2605.29782v1,7
2605.29786v1,1
2605.29788v1,5
2605.29790v1,5
2605.29793v1,4
2605.29794v1,8
2605.29796v1,8
2605.29796v2,8
2605.29798v1,6
2605.29801v1,12
2605.29803v1,4
2605.29808v1,14
2605.29808v2,14
2605.29809v1,10
2605.29812v1,5
2605.29815v1,11
2605.29816v1,8
2605.29822v1,3
2605.29823v1,8
2605.29824v1,12
2605.29826v1,4
2605.29827v1,5
2605.29828v1,9
2605.29829v1,9
2605.29833v1,9
2605.29833v2,9
2605.29834v1,8
2605.29836v1,6
2605.29843v1,4
2605.29849v1,9
2605.29850v1,9
2605.29852v2,4
2605.29856v1,4
2605.29857v1,4
2605.29858v1,3
2605.29860v1,4
2605.29861v1,5
2605.29862v1,2
2605.29863v1,9
2605.29864v1,5
2605.29868v1,6
2605.29873v1,5
2605.29874v1,3
2605.29879v2,6
2605.29881v1,6
2605.29886v1,6
2605.29888v1,13
2605.29889v1,8
2605.29891v1,12
2605.29893v1,3
2605.29894v1,5
2605.29900v1,2
2605.29901v1,6
2605.29906v1,4
2605.29907v1,22
2605.29908v1,7
2605.29910v1,5
2605.29911v1,14
2605.29913v1,4
2605.29916v1,3
2605.29919v1,12
2605.29920v1,4
2605.29926v1,5
2605.29927v1,4
2605.29928v1,13
2605.29931v1,4
2605.29932v1,5
2605.29933v1,11
2605.29935v1,3
2605.29937v1,12
2605.29939v1,7
2605.29940v1,8
2605.29941v1,8
2605.29942v1,17
2605.29943v1,5
2605.29948v1,2
2605.29950v1,7
2605.29951v1,12
2605.29952v1,3
2605.29953v1,5
2605.29954v1,2
2605.29955v1,6
2605.29960v1,17
2605.29963v1,3
2605.29965v1,1
2605.29966v1,7
2605.29973v1,5
2605.29975v1,5
2605.29976v1,18
2605.29977v1,3
2605.29979v1,5
2605.29980v1,2
2605.29983v1,22
2605.29986v1,5
2605.29987v1,2
2605.29995v1,11
2605.29996v1,8
2605.29997v1,6
2605.30000v1,7
2605.30002v1,6
2605.30003v1,7
2605.30010v1,10
2605.30011v1,11
2605.30014v1,13
2605.30015v1,3
2605.30018v2,14
2605.30022v1,10
2605.30027v1,4
2605.30029v1,7
2605.30031v1,4
2605.30036v1,12
2605.30038v1,9
2605.30039v1,12
2605.30039v2,12
2605.30040v1,15
2605.30042v1,4
2605.30045v1,10
2605.30046v1,5
2605.30049v1,7
2605.30052v1,12
2605.30054v1,3
2605.30056v1,9
2605.30059v1,6
2605.30060v2,11
2605.30062v1,7
2605.30065v1,5
2605.30070v1,3
2605.30073v1,4
2605.30075v1,7
2605.30083v1,18
2605.30085v1,3
2605.30087v1,5
2605.30089v1,4
2605.30090v1,5
2605.30093v1,9
2605.30094v1,3
2605.30095v1,2
2605.30096v1,7
2605.30099v1,11
2605.30100v1,4
2605.30102v1,14
2605.30103v1,2
2605.30109v1,15
2605.30111v1,3
2605.30112v1,8
2605.30115v1,9
2605.30116v1,2
2605.30117v1,21
2605.30119v1,6
2605.30120v1,4
2605.30120v2,4
2605.30122v1,5
2605.30123v1,3
2605.30126v1,5
2605.30127v1,4
2605.30131v1,5
2605.30132v1,6
2605.30135v1,2
2605.30136v1,4
2605.30140v1,7
2605.30144v1,11
2605.30148v1,11
2605.30150v1,4
2605.30151v1,1
2605.30152v1,5
2605.30153v1,1
2605.30154v1,4
2605.30155v1,7
2605.30155v2,7
2605.30159v1,6
2605.30160v1,7
2605.30161v1,19
2605.30162v1,2
2605.30166v1,6
2605.30167v1,10
2605.30168v1,16
2605.30169v1,2
2605.30170v1,16
2605.30172v1,5
2605.30174v1,13
2605.30175v1,4
2605.30179v1,5
2605.30184v1,23
2605.30187v1,4
2605.30188v1,10
2605.30190v1,16
2605.30195v1,8
2605.30198v1,15
2605.30200v1,3
2605.30201v1,6
2605.30208v1,3
2605.30211v1,5
2605.30213v1,16
2605.30215v2,10
2605.30218v1,5
2605.30219v1,9
2605.30220v1,4
2605.30225v1,11
2605.30226v1,10
2605.30227v1,4
2605.30229v1,3
2605.30230v1,18
2605.30231v1,4
2605.30232v1,44
2605.30233v1,42
2605.30235v1,7
2605.30237v1,4
2605.30239v1,11
2605.30244v1,3
2605.30247v1,9
2605.30248v2,6
2605.30250v1,16
2605.30251v1,5
2605.30253v1,2
2605.30256v1,4
2605.30257v1,6
2605.30260v1,14
2605.30263v1,11
2605.30265v1,5
2605.30268v1,7
2605.30269v1,2
2605.30273v1,1
2605.30274v1,6
2605.30275v1,1
2605.30277v1,45
2605.30280v1,8
2605.30282v1,5
2605.30283v1,1
2605.30284v1,4
2605.30288v1,5
2605.30288v2,5
2605.30289v1,4
2605.30290v1,11
2605.30292v1,6
2605.30295v1,1
2605.30307v1,7
2605.30310v1,7
2605.30311v1,10
2605.30313v1,12
2605.30313v2,15
2605.30315v1,7
2605.30317v1,20
2605.30318v1,6
2605.30320v1,7
2605.30322v1,8
2605.30323v1,1
2605.30325v1,10
2605.30326v1,10
2605.30327v1,9
2605.30328v1,4
2605.30329v1,19
2605.30330v1,24
2605.30332v1,8
2605.30334v1,7
2605.30335v1,7
2605.30336v1,2
2605.30337v1,16
2605.30338v1,17
2605.30339v1,12
2605.30341v1,35
2605.30342v1,10
2605.30343v1,15
2605.30344v1,8
2605.30345v1,8
2605.30346v1,15
2605.30347v1,11
2605.30348v1,6
2605.30349v1,6
2605.30350v1,13
2605.30351v1,9
2605.30352v1,11
2605.30353v1,2
2605.30368v1,6
2605.30375v1,9
2605.30376v1,3
2605.30380v1,2
2605.30381v1,11
2605.30382v1,5
2605.30383v1,2
2605.30385v1,5
2605.30387v1,7
2605.30388v1,1
2605.30391v1,9
2605.30393v1,12
2605.30394v1,5
2605.30396v1,30
2605.30399v1,14
2605.30406v1,4
2605.30407v1,5
2605.30409v1,17
2605.30415v1,3
2605.30429v1,2
2605.30431v1,7
2605.30432v1,14
2605.30434v1,7
2605.30437v1,10
2605.30444v1,9
2605.30447v1,18
2605.30448v1,5
2605.30451v1,7
2605.30452v1,10
2605.30453v1,4
2605.30454v1,8
2605.30456v1,5
2605.30461v1,9
2605.30462v1,3
2605.30467v1,16
2605.30468v1,11
2605.30469v1,9
2605.30470v1,9
2605.30476v1,3
2605.30479v1,2
2605.30482v1,9
2605.30484v1,6
2605.30486v1,1
2605.30488v1,8
2605.30503v1,16
2605.30506v1,5
2605.30508v1,8
2605.30509v1,3
2605.30510v1,9
2605.30512v1,11
2605.30514v1,4
2605.30518v1,5
2605.30519v1,13
2605.30524v1,15
2605.30526v1,13
2605.30528v1,12
2605.30529v1,6
2605.30537v1,3
2605.30538v1,3
2605.30541v1,13
2605.30542v1,18
2605.30544v1,4
2605.30550v1,9
2605.30553v1,2
2605.30556v1,4
2605.30557v1,7
2605.30561v1,3
2605.30563v1,19
2605.30569v1,9
2605.30570v1,10
2605.30571v1,10
2605.30573v1,11
2605.30576v1,3
2605.30578v1,40
2605.30580v1,11
2605.30581v1,23
2605.30583v1,3
2605.30585v1,38
2605.30587v1,5
2605.30590v1,6
2605.30591v1,7
2605.30592v1,3
2605.30593v1,16
2605.30596v1,5
2605.30597v1,16
2605.30599v1,5
2605.30600v1,2
2605.30601v1,2
2605.30603v1,9
2605.30604v1,3
2605.30610v1,11
2605.30611v1,16
2605.30612v1,4
2605.30613v1,8
2605.30615v1,8
2605.30617v1,3
2605.30619v1,20
2605.30621v1,9
2605.30622v1,6
2605.30625v1,9
2605.30631v1,8
2605.30635v1,14
2605.30637v1,4
2605.30638v1,8
2605.30639v1,19
2605.30640v1,3
2605.30641v1,10
2605.30642v1,30
2605.30646v1,5
2605.30647v1,9
2605.30651v1,9
2605.30652v1,11
2605.30654v1,16
2605.30656v1,16
2605.30662v1,15
2605.30664v1,2
2605.30667v1,4
2605.30668v1,4
2605.30671v1,6
2605.30675v1,16
2605.30677v1,2
2605.30680v1,18
2605.30685v1,6
2605.30686v1,16
2605.30689v1,4
2605.30695v1,3
2605.30696v1,8
2605.30698v1,4
2605.30699v1,3
2605.30700v1,6
2605.30705v1,12
2605.30711v1,5
2605.30713v1,8
2605.30714v1,10
2605.30716v1,10
2605.30719v1,13
2605.30720v1,8
2605.30722v1,2
2605.30728v1,13
2605.30729v1,9
2605.30734v1,25
2605.30738v1,4
2605.30740v1,4
2605.30741v1,14
2605.30742v1,3
2605.30745v1,7
2605.30747v1,5
2605.30748v1,3
2605.30749v1,13
2605.30750v1,5
2605.30757v1,2
2605.30758v1,8
2605.30769v1,6
2605.30770v1,11
2605.30774v1,24
2605.30776v1,9
2605.30778v1,5
2605.30780v1,10
2605.30784v1,9
2605.30785v1,5
2605.30786v1,6
2605.30787v1,9
2605.30788v1,6
2605.30789v1,7
2605.30790v1,8
2605.30792v1,4
2605.30794v1,9
2605.30795v1,3
2605.30802v1,10
2605.30803v1,5
2605.30807v1,11
2605.30808v1,1
2605.30810v1,9
2605.30811v1,9
2605.30812v1,8
2605.30818v1,19
2605.30819v1,6
2605.30824v1,12
2605.30825v1,6
2605.30826v1,9
2605.30829v1,7
2605.30831v1,10
2605.30832v1,7
2605.30833v1,11
2605.30834v1,17
2605.30836v1,1
2605.30837v1,25
2605.30838v1,10
2605.30842v1,5
2605.30844v1,6
2605.30846v1,20
2605.30849v1,6
2605.30854v1,2
2605.30855v1,14
2605.30858v1,9
2605.30859v1,16
2605.30861v1,13
2605.30862v1,6
2605.30863v1,11
2605.30865v1,12
2605.30866v1,6
2605.30873v1,5
2605.30877v1,15
2605.30880v1,3
2605.30884v1,6
2605.30889v1,7
2605.30892v1,17
2605.30893v1,10
2605.30894v1,10
2605.30896v1,7
2605.30898v1,12
2605.30899v1,2
2605.30900v1,9
2605.30901v1,13
2605.30903v1,4
2605.30904v1,7
2605.30906v1,3
2605.30907v1,5
2605.30910v1,6
2605.30911v1,5
2605.30912v1,9
2605.30914v1,16
2605.30915v1,8
2605.30916v1,3
2605.30917v1,5
2605.30919v1,7
2605.30920v1,2
2605.30925v1,13
2605.30928v1,5
2605.30930v1,6
2605.30934v1,10
2605.30936v1,7
2605.30939v1,7
2605.30942v1,4
2605.30952v1,19
2605.30957v1,4
2605.30960v1,7
2605.30963v1,4
2605.30965v1,16
2605.30966v1,2
2605.30968v1,7
2605.30973v1,12
2605.30981v1,10
2605.30984v1,6
2605.30988v1,6
2605.30989v1,12
2605.30991v1,13
2605.30992v1,8
2605.30997v1,19
2605.31000v1,21
2605.31005v1,8
2605.31007v1,10
2605.31013v1,8
2605.31014v1,2
2605.31016v1,2
2605.31017v1,8
2605.31021v1,2
2605.31022v1,12
2605.31023v1,8
2605.31027v1,26
2605.31031v1,3
2605.31034v1,4
2605.31040v1,4
2605.31041v1,2
2605.31042v1,3
2605.31043v1,1
2605.31044v1,1
2605.31049v1,4
2605.31050v1,13
2605.31051v1,2
2605.31053v1,4
2605.31057v1,7
2605.31059v1,12
2605.31061v1,21
2605.31063v1,9
2605.31064v1,3
2605.31065v1,7
2605.31066v1,6
2605.31067v1,8
2605.31070v1,3
2605.31080v1,4
2605.31090v1,16
2605.31094v1,4
2605.31097v1,3
2605.31099v1,5
2605.31100v1,10
2605.31108v1,12
2605.31110v1,6
2605.31111v1,21
2605.31116v1,3
2605.31119v1,10
2605.31120v1,9
2605.31121v1,7
2605.31126v1,11
2605.31127v1,13
2605.31129v1,15
2605.31138v1,4
2605.31142v1,55
2605.31143v1,2
2605.31145v1,6
2605.31146v1,1
2605.31147v1,4
2605.31148v1,7
2605.31149v1,2
2605.31155v1,2
2605.31156v1,9
2605.31158v1,6
2605.31159v1,8
2605.31163v1,8
2605.31164v1,5
2605.31167v1,8
2605.31170v1,6
2605.31171v1,5
2605.31172v1,1
2605.31173v1,6
2605.31174v1,5
2605.31176v1,5
2605.31180v1,8
2605.31183v1,3
2605.31186v1,7
2605.31187v1,5
2605.31189v1,2
2605.31191v1,2
2605.31193v1,3
2605.31196v1,11
2605.31199v1,3
2605.31200v1,18
2605.31210v1,8
2605.31212v1,16
2605.31215v1,16
2605.31217v1,3
2605.31219v1,7
2605.31220v1,15
2605.31222v1,12
2605.31224v1,2
2605.31226v1,4
2605.31227v1,1
2605.31228v1,8
2605.31229v1,5
2605.31231v1,12
2605.31234v1,7
2605.31238v1,5
2605.31239v1,6
2605.31241v1,6
2605.31244v1,13
2605.31245v1,1
2605.31246v1,8
2605.31249v1,8
2605.31250v1,2
2605.31251v1,4
2605.31254v1,5
2605.31256v1,11
2605.31259v1,6
2605.31261v1,10
2605.31264v1,1
2605.31266v1,10
2605.31267v1,9
2605.31271v1,11
2605.31272v1,8
2605.31273v1,8
2605.31275v1,3
2605.31276v1,5
2605.31277v1,9
2605.31278v1,6
2605.31279v1,2
2605.31283v1,10
2605.31284v1,7
2605.31286v1,2
2605.31289v1,3
2605.31291v1,3
2605.31292v1,7
2605.31294v1,7
2605.31295v1,2
2605.31296v1,11
2605.31302v1,3
2605.31304v1,15
2605.31312v1,8
2605.31314v1,10
2605.31321v1,10
2605.31336v1,15
2605.31343v1,7
2605.31349v1,9
2605.31351v1,10
2605.31352v1,12
2605.31366v1,4
2605.31369v1,13
2605.31376v1,3
2605.31387v1,15
2605.31400v1,3
2605.31405v1,4
2605.31419v1,11
2605.31426v1,18
2605.31429v1,7
2605.31434v1,8
2605.31436v1,4
2605.31437v1,24
2605.31457v1,13
2605.31460v1,14
2605.31466v1,11
2605.31476v1,5
2605.31481v1,7
2605.31486v1,8
2605.31487v1,10
2605.31499v1,2
2605.31503v1,20
2605.31508v1,3
2605.31510v1,4
2605.31513v1,10
2605.31522v1,7
2605.31526v1,10
2605.31529v1,9
2605.31534v1,8
2605.31535v1,24
2605.31539v1,5
2605.31549v1,4
2605.31556v1,12
2605.31557v1,16
2605.31572v1,7
2605.31576v1,3
2605.31577v1,9
2605.31579v1,6
2605.31589v1,12
2605.31590v1,14
2605.31591v1,5
2605.31595v1,7
2605.31596v1,15
2605.31597v1,13
2605.31598v1,13
2605.31603v1,11
2605.31604v1,4
