query_index,candidate_index,query_figure_id,candidate_figure_id,query_paper_id,candidate_paper_id,query_field,candidate_field,similarity,rank
0,97,FIG_00000001,FIG_00000098,2605.30353v1,2605.30327v1,AI,AI,0.6320492029190063,1
0,30,FIG_00000001,FIG_00000031,2605.30353v1,2605.30344v1,AI,AI,0.6145080924034119,2
0,18,FIG_00000001,FIG_00000019,2605.30353v1,2605.30345v1,AI,AI,0.5957818031311035,3
0,31,FIG_00000001,FIG_00000032,2605.30353v1,2605.30344v1,AI,AI,0.5898942947387695,4
0,39,FIG_00000001,FIG_00000040,2605.30353v1,2605.30343v1,AI,AI,0.5889383554458618,5
0,27,FIG_00000001,FIG_00000028,2605.30353v1,2605.30344v1,AI,AI,0.5801704525947571,6
0,12,FIG_00000001,FIG_00000013,2605.30353v1,2605.30348v1,AI,AI,0.5302475094795227,7
0,34,FIG_00000001,FIG_00000035,2605.30353v1,2605.30343v1,AI,AI,0.5222963690757751,8
0,16,FIG_00000001,FIG_00000017,2605.30353v1,2605.30348v1,AI,AI,0.5164148807525635,9
0,86,FIG_00000001,FIG_00000087,2605.30353v1,2605.30335v1,AI,AI,0.5131257772445679,10
0,38,FIG_00000001,FIG_00000039,2605.30353v1,2605.30343v1,AI,AI,0.5117441415786743,11
0,20,FIG_00000001,FIG_00000021,2605.30353v1,2605.30345v1,AI,AI,0.5036779642105103,12
0,8,FIG_00000001,FIG_00000009,2605.30353v1,2605.30351v1,AI,AI,0.4997256398200989,13
0,22,FIG_00000001,FIG_00000023,2605.30353v1,2605.30345v1,AI,AI,0.49077102541923523,14
0,61,FIG_00000001,FIG_00000062,2605.30353v1,2605.30341v1,AI,AI,0.490094929933548,15
0,66,FIG_00000001,FIG_00000067,2605.30353v1,2605.30341v1,AI,AI,0.47881364822387695,16
0,11,FIG_00000001,FIG_00000012,2605.30353v1,2605.30348v1,AI,AI,0.4781770408153534,17
0,23,FIG_00000001,FIG_00000024,2605.30353v1,2605.30345v1,AI,AI,0.47104495763778687,18
0,99,FIG_00000001,FIG_00000100,2605.30353v1,2605.30327v1,AI,AI,0.46111834049224854,19
0,89,FIG_00000001,FIG_00000090,2605.30353v1,2605.30335v1,AI,AI,0.45801103115081787,20
1,94,FIG_00000002,FIG_00000095,2605.30353v1,2605.30334v1,AI,AI,0.8828123807907104,1
1,15,FIG_00000002,FIG_00000016,2605.30353v1,2605.30348v1,AI,AI,0.8546201586723328,2
1,87,FIG_00000002,FIG_00000088,2605.30353v1,2605.30335v1,AI,AI,0.8401864767074585,3
1,25,FIG_00000002,FIG_00000026,2605.30353v1,2605.30344v1,AI,AI,0.8208940625190735,4
1,42,FIG_00000002,FIG_00000043,2605.30353v1,2605.30343v1,AI,AI,0.8167957067489624,5
1,88,FIG_00000002,FIG_00000089,2605.30353v1,2605.30335v1,AI,AI,0.8081321120262146,6
1,78,FIG_00000002,FIG_00000079,2605.30353v1,2605.30341v1,AI,AI,0.791893482208252,7
1,90,FIG_00000002,FIG_00000091,2605.30353v1,2605.30334v1,AI,AI,0.7879964709281921,8
1,92,FIG_00000002,FIG_00000093,2605.30353v1,2605.30334v1,AI,AI,0.7703742384910583,9
1,84,FIG_00000002,FIG_00000085,2605.30353v1,2605.30335v1,AI,AI,0.7561358213424683,10
1,13,FIG_00000002,FIG_00000014,2605.30353v1,2605.30348v1,AI,AI,0.7499040365219116,11
1,93,FIG_00000002,FIG_00000094,2605.30353v1,2605.30334v1,AI,AI,0.7352678775787354,12
1,37,FIG_00000002,FIG_00000038,2605.30353v1,2605.30343v1,AI,AI,0.7344871759414673,13
1,86,FIG_00000002,FIG_00000087,2605.30353v1,2605.30335v1,AI,AI,0.7282776832580566,14
1,47,FIG_00000002,FIG_00000048,2605.30353v1,2605.30343v1,AI,AI,0.7224810123443604,15
1,14,FIG_00000002,FIG_00000015,2605.30353v1,2605.30348v1,AI,AI,0.7144325971603394,16
1,41,FIG_00000002,FIG_00000042,2605.30353v1,2605.30343v1,AI,AI,0.7109527587890625,17
1,38,FIG_00000002,FIG_00000039,2605.30353v1,2605.30343v1,AI,AI,0.699530839920044,18
1,11,FIG_00000002,FIG_00000012,2605.30353v1,2605.30348v1,AI,AI,0.6986992359161377,19
1,89,FIG_00000002,FIG_00000090,2605.30353v1,2605.30335v1,AI,AI,0.6971100568771362,20
2,3,FIG_00000003,FIG_00000004,2605.30351v1,2605.30351v1,AI,AI,0.8519461154937744,1
2,9,FIG_00000003,FIG_00000010,2605.30351v1,2605.30351v1,AI,AI,0.81662517786026,2
2,85,FIG_00000003,FIG_00000086,2605.30351v1,2605.30335v1,AI,AI,0.8020741939544678,3
2,41,FIG_00000003,FIG_00000042,2605.30351v1,2605.30343v1,AI,AI,0.7966261506080627,4
2,84,FIG_00000003,FIG_00000085,2605.30351v1,2605.30335v1,AI,AI,0.7830344438552856,5
2,93,FIG_00000003,FIG_00000094,2605.30351v1,2605.30334v1,AI,AI,0.7733345031738281,6
2,46,FIG_00000003,FIG_00000047,2605.30351v1,2605.30343v1,AI,AI,0.7658981084823608,7
2,47,FIG_00000003,FIG_00000048,2605.30351v1,2605.30343v1,AI,AI,0.75738924741745,8
2,13,FIG_00000003,FIG_00000014,2605.30351v1,2605.30348v1,AI,AI,0.7425059676170349,9
2,37,FIG_00000003,FIG_00000038,2605.30351v1,2605.30343v1,AI,AI,0.7423667907714844,10
2,95,FIG_00000003,FIG_00000096,2605.30351v1,2605.30334v1,AI,AI,0.7362747192382812,11
2,79,FIG_00000003,FIG_00000080,2605.30351v1,2605.30341v1,AI,AI,0.7341495752334595,12
2,96,FIG_00000003,FIG_00000097,2605.30351v1,2605.30334v1,AI,AI,0.7278047204017639,13
2,69,FIG_00000003,FIG_00000070,2605.30351v1,2605.30341v1,AI,AI,0.7172995805740356,14
2,91,FIG_00000003,FIG_00000092,2605.30351v1,2605.30334v1,AI,AI,0.7165614366531372,15
2,90,FIG_00000003,FIG_00000091,2605.30351v1,2605.30334v1,AI,AI,0.7108415365219116,16
2,88,FIG_00000003,FIG_00000089,2605.30351v1,2605.30335v1,AI,AI,0.7022348642349243,17
2,78,FIG_00000003,FIG_00000079,2605.30351v1,2605.30341v1,AI,AI,0.687097430229187,18
2,92,FIG_00000003,FIG_00000093,2605.30351v1,2605.30334v1,AI,AI,0.6778098940849304,19
2,99,FIG_00000003,FIG_00000100,2605.30351v1,2605.30327v1,AI,AI,0.6581546068191528,20
3,9,FIG_00000004,FIG_00000010,2605.30351v1,2605.30351v1,AI,AI,0.8918787837028503,1
3,47,FIG_00000004,FIG_00000048,2605.30351v1,2605.30343v1,AI,AI,0.8657637238502502,2
3,78,FIG_00000004,FIG_00000079,2605.30351v1,2605.30341v1,AI,AI,0.8487011194229126,3
3,84,FIG_00000004,FIG_00000085,2605.30351v1,2605.30335v1,AI,AI,0.8327268958091736,4
3,90,FIG_00000004,FIG_00000091,2605.30351v1,2605.30334v1,AI,AI,0.824028730392456,5
3,99,FIG_00000004,FIG_00000100,2605.30351v1,2605.30327v1,AI,AI,0.8233904838562012,6
3,8,FIG_00000004,FIG_00000009,2605.30351v1,2605.30351v1,AI,AI,0.8225284814834595,7
3,91,FIG_00000004,FIG_00000092,2605.30351v1,2605.30334v1,AI,AI,0.8148592710494995,8
3,86,FIG_00000004,FIG_00000087,2605.30351v1,2605.30335v1,AI,AI,0.8101116418838501,9
3,13,FIG_00000004,FIG_00000014,2605.30351v1,2605.30348v1,AI,AI,0.7984714508056641,10
3,85,FIG_00000004,FIG_00000086,2605.30351v1,2605.30335v1,AI,AI,0.7956196069717407,11
3,93,FIG_00000004,FIG_00000094,2605.30351v1,2605.30334v1,AI,AI,0.7948534488677979,12
3,41,FIG_00000004,FIG_00000042,2605.30351v1,2605.30343v1,AI,AI,0.7796660661697388,13
3,65,FIG_00000004,FIG_00000066,2605.30351v1,2605.30341v1,AI,AI,0.7767990827560425,14
3,14,FIG_00000004,FIG_00000015,2605.30351v1,2605.30348v1,AI,AI,0.7696857452392578,15
3,96,FIG_00000004,FIG_00000097,2605.30351v1,2605.30334v1,AI,AI,0.7686474323272705,16
3,92,FIG_00000004,FIG_00000093,2605.30351v1,2605.30334v1,AI,AI,0.7665835618972778,17
3,88,FIG_00000004,FIG_00000089,2605.30351v1,2605.30335v1,AI,AI,0.765990138053894,18
3,67,FIG_00000004,FIG_00000068,2605.30351v1,2605.30341v1,AI,AI,0.7654004096984863,19
4,35,FIG_00000005,FIG_00000036,2605.30351v1,2605.30343v1,AI,AI,0.7755991220474243,1
4,98,FIG_00000005,FIG_00000099,2605.30351v1,2605.30327v1,AI,AI,0.7551697492599487,2
4,34,FIG_00000005,FIG_00000035,2605.30351v1,2605.30343v1,AI,AI,0.7457582354545593,3
4,33,FIG_00000005,FIG_00000034,2605.30351v1,2605.30343v1,AI,AI,0.7396027445793152,4
4,24,FIG_00000005,FIG_00000025,2605.30351v1,2605.30345v1,AI,AI,0.7240389585494995,5
4,38,FIG_00000005,FIG_00000039,2605.30351v1,2605.30343v1,AI,AI,0.7129163146018982,6
4,20,FIG_00000005,FIG_00000021,2605.30351v1,2605.30345v1,AI,AI,0.7104787826538086,7
4,18,FIG_00000005,FIG_00000019,2605.30351v1,2605.30345v1,AI,AI,0.7058149576187134,8
4,12,FIG_00000005,FIG_00000013,2605.30351v1,2605.30348v1,AI,AI,0.6897597312927246,9
4,17,FIG_00000005,FIG_00000018,2605.30351v1,2605.30345v1,AI,AI,0.6892715692520142,10
4,11,FIG_00000005,FIG_00000012,2605.30351v1,2605.30348v1,AI,AI,0.6855660676956177,11
4,22,FIG_00000005,FIG_00000023,2605.30351v1,2605.30345v1,AI,AI,0.6844015121459961,12
4,40,FIG_00000005,FIG_00000041,2605.30351v1,2605.30343v1,AI,AI,0.6784873008728027,13
4,90,FIG_00000005,FIG_00000091,2605.30351v1,2605.30334v1,AI,AI,0.6757100820541382,14
4,83,FIG_00000005,FIG_00000084,2605.30351v1,2605.30335v1,AI,AI,0.6612706184387207,15
4,29,FIG_00000005,FIG_00000030,2605.30351v1,2605.30344v1,AI,AI,0.6594071388244629,16
4,86,FIG_00000005,FIG_00000087,2605.30351v1,2605.30335v1,AI,AI,0.6518142223358154,17
4,25,FIG_00000005,FIG_00000026,2605.30351v1,2605.30344v1,AI,AI,0.6445475816726685,18
4,94,FIG_00000005,FIG_00000095,2605.30351v1,2605.30334v1,AI,AI,0.6409978866577148,19
4,92,FIG_00000005,FIG_00000093,2605.30351v1,2605.30334v1,AI,AI,0.6369554996490479,20
5,64,FIG_00000006,FIG_00000065,2605.30351v1,2605.30341v1,AI,AI,0.3359397053718567,1
5,70,FIG_00000006,FIG_00000071,2605.30351v1,2605.30341v1,AI,AI,0.3009687066078186,2
5,81,FIG_00000006,FIG_00000082,2605.30351v1,2605.30341v1,AI,AI,0.27592042088508606,3
5,80,FIG_00000006,FIG_00000081,2605.30351v1,2605.30341v1,AI,AI,0.2582448720932007,4
5,63,FIG_00000006,FIG_00000064,2605.30351v1,2605.30341v1,AI,AI,0.21212881803512573,5
5,54,FIG_00000006,FIG_00000055,2605.30351v1,2605.30341v1,AI,AI,0.16357672214508057,6
5,10,FIG_00000006,FIG_00000011,2605.30351v1,2605.30351v1,AI,AI,0.1635458767414093,7
5,44,FIG_00000006,FIG_00000045,2605.30351v1,2605.30343v1,AI,AI,0.1556219607591629,8
5,7,FIG_00000006,FIG_00000008,2605.30351v1,2605.30351v1,AI,AI,0.14713077247142792,9
5,57,FIG_00000006,FIG_00000058,2605.30351v1,2605.30341v1,AI,AI,0.1319752335548401,10
5,72,FIG_00000006,FIG_00000073,2605.30351v1,2605.30341v1,AI,AI,0.1245613768696785,11
5,43,FIG_00000006,FIG_00000044,2605.30351v1,2605.30343v1,AI,AI,0.119293212890625,12
5,53,FIG_00000006,FIG_00000054,2605.30351v1,2605.30341v1,AI,AI,0.11734113097190857,13
5,56,FIG_00000006,FIG_00000057,2605.30351v1,2605.30341v1,AI,AI,0.11059197038412094,14
5,19,FIG_00000006,FIG_00000020,2605.30351v1,2605.30345v1,AI,AI,0.09765646606683731,15
5,59,FIG_00000006,FIG_00000060,2605.30351v1,2605.30341v1,AI,AI,0.09759903699159622,16
5,52,FIG_00000006,FIG_00000053,2605.30351v1,2605.30341v1,AI,AI,0.08870787918567657,17
5,60,FIG_00000006,FIG_00000061,2605.30351v1,2605.30341v1,AI,AI,0.08292815089225769,18
5,46,FIG_00000006,FIG_00000047,2605.30351v1,2605.30343v1,AI,AI,0.07902109622955322,19
5,45,FIG_00000006,FIG_00000046,2605.30351v1,2605.30343v1,AI,AI,0.0682273805141449,20
6,81,FIG_00000007,FIG_00000082,2605.30351v1,2605.30341v1,AI,AI,0.23027777671813965,1
6,64,FIG_00000007,FIG_00000065,2605.30351v1,2605.30341v1,AI,AI,0.20544208586215973,2
6,80,FIG_00000007,FIG_00000081,2605.30351v1,2605.30341v1,AI,AI,0.13595107197761536,3
6,70,FIG_00000007,FIG_00000071,2605.30351v1,2605.30341v1,AI,AI,0.13546186685562134,4
6,59,FIG_00000007,FIG_00000060,2605.30351v1,2605.30341v1,AI,AI,0.13257166743278503,5
6,7,FIG_00000007,FIG_00000008,2605.30351v1,2605.30351v1,AI,AI,0.13129323720932007,6
6,77,FIG_00000007,FIG_00000078,2605.30351v1,2605.30341v1,AI,AI,0.12246888875961304,7
6,82,FIG_00000007,FIG_00000083,2605.30351v1,2605.30341v1,AI,AI,0.11956001818180084,8
6,72,FIG_00000007,FIG_00000073,2605.30351v1,2605.30341v1,AI,AI,0.10059189796447754,9
6,52,FIG_00000007,FIG_00000053,2605.30351v1,2605.30341v1,AI,AI,0.09904926270246506,10
6,37,FIG_00000007,FIG_00000038,2605.30351v1,2605.30343v1,AI,AI,0.09237941354513168,11
6,60,FIG_00000007,FIG_00000061,2605.30351v1,2605.30341v1,AI,AI,0.09233218431472778,12
6,85,FIG_00000007,FIG_00000086,2605.30351v1,2605.30335v1,AI,AI,0.09097014367580414,13
6,46,FIG_00000007,FIG_00000047,2605.30351v1,2605.30343v1,AI,AI,0.09028410911560059,14
6,54,FIG_00000007,FIG_00000055,2605.30351v1,2605.30341v1,AI,AI,0.08997152745723724,15
6,56,FIG_00000007,FIG_00000057,2605.30351v1,2605.30341v1,AI,AI,0.08940289169549942,16
6,84,FIG_00000007,FIG_00000085,2605.30351v1,2605.30335v1,AI,AI,0.08475365489721298,17
6,88,FIG_00000007,FIG_00000089,2605.30351v1,2605.30335v1,AI,AI,0.08423889428377151,18
6,57,FIG_00000007,FIG_00000058,2605.30351v1,2605.30341v1,AI,AI,0.08031906932592392,19
7,63,FIG_00000008,FIG_00000064,2605.30351v1,2605.30341v1,AI,AI,0.1416468322277069,1
7,64,FIG_00000008,FIG_00000065,2605.30351v1,2605.30341v1,AI,AI,0.11855745315551758,2
7,80,FIG_00000008,FIG_00000081,2605.30351v1,2605.30341v1,AI,AI,0.11236277967691422,3
7,59,FIG_00000008,FIG_00000060,2605.30351v1,2605.30341v1,AI,AI,0.09903189539909363,4
7,51,FIG_00000008,FIG_00000052,2605.30351v1,2605.30341v1,AI,AI,0.09282244741916656,5
7,81,FIG_00000008,FIG_00000082,2605.30351v1,2605.30341v1,AI,AI,0.09268182516098022,6
7,46,FIG_00000008,FIG_00000047,2605.30351v1,2605.30343v1,AI,AI,0.08940371870994568,7
7,70,FIG_00000008,FIG_00000071,2605.30351v1,2605.30341v1,AI,AI,0.0883529931306839,8
7,37,FIG_00000008,FIG_00000038,2605.30351v1,2605.30343v1,AI,AI,0.08807817846536636,9
7,11,FIG_00000008,FIG_00000012,2605.30351v1,2605.30348v1,AI,AI,0.08666977286338806,10
7,42,FIG_00000008,FIG_00000043,2605.30351v1,2605.30343v1,AI,AI,0.0816834568977356,11
7,82,FIG_00000008,FIG_00000083,2605.30351v1,2605.30341v1,AI,AI,0.07610286772251129,12
7,88,FIG_00000008,FIG_00000089,2605.30351v1,2605.30335v1,AI,AI,0.07585921883583069,13
7,78,FIG_00000008,FIG_00000079,2605.30351v1,2605.30341v1,AI,AI,0.06961539387702942,14
7,84,FIG_00000008,FIG_00000085,2605.30351v1,2605.30335v1,AI,AI,0.06821389496326447,15
7,93,FIG_00000008,FIG_00000094,2605.30351v1,2605.30334v1,AI,AI,0.06591726094484329,16
7,19,FIG_00000008,FIG_00000020,2605.30351v1,2605.30345v1,AI,AI,0.0659031942486763,17
7,87,FIG_00000008,FIG_00000088,2605.30351v1,2605.30335v1,AI,AI,0.0651787742972374,18
8,99,FIG_00000009,FIG_00000100,2605.30351v1,2605.30327v1,AI,AI,0.8806480169296265,1
8,68,FIG_00000009,FIG_00000069,2605.30351v1,2605.30341v1,AI,AI,0.8748679161071777,2
8,21,FIG_00000009,FIG_00000022,2605.30351v1,2605.30345v1,AI,AI,0.8701838850975037,3
8,29,FIG_00000009,FIG_00000030,2605.30351v1,2605.30344v1,AI,AI,0.8480720520019531,4
8,66,FIG_00000009,FIG_00000067,2605.30351v1,2605.30341v1,AI,AI,0.8451527953147888,5
8,83,FIG_00000009,FIG_00000084,2605.30351v1,2605.30335v1,AI,AI,0.8383973836898804,6
8,86,FIG_00000009,FIG_00000087,2605.30351v1,2605.30335v1,AI,AI,0.8366440534591675,7
8,47,FIG_00000009,FIG_00000048,2605.30351v1,2605.30343v1,AI,AI,0.8328179121017456,8
8,16,FIG_00000009,FIG_00000017,2605.30351v1,2605.30348v1,AI,AI,0.813236653804779,9
8,97,FIG_00000009,FIG_00000098,2605.30351v1,2605.30327v1,AI,AI,0.7952690720558167,10
8,89,FIG_00000009,FIG_00000090,2605.30351v1,2605.30335v1,AI,AI,0.7872300148010254,11
8,38,FIG_00000009,FIG_00000039,2605.30351v1,2605.30343v1,AI,AI,0.7761920690536499,12
8,78,FIG_00000009,FIG_00000079,2605.30351v1,2605.30341v1,AI,AI,0.7542256116867065,13
8,20,FIG_00000009,FIG_00000021,2605.30351v1,2605.30345v1,AI,AI,0.7540619969367981,14
8,24,FIG_00000009,FIG_00000025,2605.30351v1,2605.30345v1,AI,AI,0.7371950149536133,15
8,9,FIG_00000009,FIG_00000010,2605.30351v1,2605.30351v1,AI,AI,0.7255534529685974,16
8,90,FIG_00000009,FIG_00000091,2605.30351v1,2605.30334v1,AI,AI,0.7093004584312439,17
8,14,FIG_00000009,FIG_00000015,2605.30351v1,2605.30348v1,AI,AI,0.7087457776069641,18
8,92,FIG_00000009,FIG_00000093,2605.30351v1,2605.30334v1,AI,AI,0.7037445306777954,19
9,85,FIG_00000010,FIG_00000086,2605.30351v1,2605.30335v1,AI,AI,0.8060762882232666,1
9,91,FIG_00000010,FIG_00000092,2605.30351v1,2605.30334v1,AI,AI,0.8060228228569031,2
9,47,FIG_00000010,FIG_00000048,2605.30351v1,2605.30343v1,AI,AI,0.8033329248428345,3
9,79,FIG_00000010,FIG_00000080,2605.30351v1,2605.30341v1,AI,AI,0.7789288759231567,4
9,69,FIG_00000010,FIG_00000070,2605.30351v1,2605.30341v1,AI,AI,0.7788745164871216,5
9,68,FIG_00000010,FIG_00000069,2605.30351v1,2605.30341v1,AI,AI,0.7734973430633545,6
9,41,FIG_00000010,FIG_00000042,2605.30351v1,2605.30343v1,AI,AI,0.7670331597328186,7
9,46,FIG_00000010,FIG_00000047,2605.30351v1,2605.30343v1,AI,AI,0.7614798545837402,8
9,84,FIG_00000010,FIG_00000085,2605.30351v1,2605.30335v1,AI,AI,0.756858766078949,9
9,99,FIG_00000010,FIG_00000100,2605.30351v1,2605.30327v1,AI,AI,0.7566921710968018,10
9,78,FIG_00000010,FIG_00000079,2605.30351v1,2605.30341v1,AI,AI,0.7514488697052002,11
9,67,FIG_00000010,FIG_00000068,2605.30351v1,2605.30341v1,AI,AI,0.7492396235466003,12
9,93,FIG_00000010,FIG_00000094,2605.30351v1,2605.30334v1,AI,AI,0.7480450868606567,13
9,90,FIG_00000010,FIG_00000091,2605.30351v1,2605.30334v1,AI,AI,0.7471655607223511,14
9,66,FIG_00000010,FIG_00000067,2605.30351v1,2605.30341v1,AI,AI,0.7376461029052734,15
9,96,FIG_00000010,FIG_00000097,2605.30351v1,2605.30334v1,AI,AI,0.7375450134277344,16
9,13,FIG_00000010,FIG_00000014,2605.30351v1,2605.30348v1,AI,AI,0.736120343208313,17
9,86,FIG_00000010,FIG_00000087,2605.30351v1,2605.30335v1,AI,AI,0.7360065579414368,18
10,63,FIG_00000011,FIG_00000064,2605.30351v1,2605.30341v1,AI,AI,0.11707523465156555,1
10,64,FIG_00000011,FIG_00000065,2605.30351v1,2605.30341v1,AI,AI,0.09946030378341675,2
10,59,FIG_00000011,FIG_00000060,2605.30351v1,2605.30341v1,AI,AI,0.09755483269691467,3
10,48,FIG_00000011,FIG_00000049,2605.30351v1,2605.30341v1,AI,AI,0.08796870708465576,4
10,81,FIG_00000011,FIG_00000082,2605.30351v1,2605.30341v1,AI,AI,0.08290809392929077,5
10,70,FIG_00000011,FIG_00000071,2605.30351v1,2605.30341v1,AI,AI,0.08158797025680542,6
10,72,FIG_00000011,FIG_00000073,2605.30351v1,2605.30341v1,AI,AI,0.0766182616353035,7
10,53,FIG_00000011,FIG_00000054,2605.30351v1,2605.30341v1,AI,AI,0.07523868978023529,8
10,50,FIG_00000011,FIG_00000051,2605.30351v1,2605.30341v1,AI,AI,0.0746917873620987,9
10,51,FIG_00000011,FIG_00000052,2605.30351v1,2605.30341v1,AI,AI,0.06692907214164734,10
10,80,FIG_00000011,FIG_00000081,2605.30351v1,2605.30341v1,AI,AI,0.05958426371216774,11
10,44,FIG_00000011,FIG_00000045,2605.30351v1,2605.30343v1,AI,AI,0.059084005653858185,12
10,73,FIG_00000011,FIG_00000074,2605.30351v1,2605.30341v1,AI,AI,0.0435560867190361,13
10,58,FIG_00000011,FIG_00000059,2605.30351v1,2605.30341v1,AI,AI,0.035417959094047546,14
10,43,FIG_00000011,FIG_00000044,2605.30351v1,2605.30343v1,AI,AI,0.031002309173345566,15
10,60,FIG_00000011,FIG_00000061,2605.30351v1,2605.30341v1,AI,AI,0.030392669141292572,16
10,74,FIG_00000011,FIG_00000075,2605.30351v1,2605.30341v1,AI,AI,0.027615228667855263,17
10,28,FIG_00000011,FIG_00000029,2605.30351v1,2605.30344v1,AI,AI,0.026979435235261917,18
11,90,FIG_00000012,FIG_00000091,2605.30348v1,2605.30334v1,AI,AI,0.8504875302314758,1
11,25,FIG_00000012,FIG_00000026,2605.30348v1,2605.30344v1,AI,AI,0.8007340431213379,2
11,61,FIG_00000012,FIG_00000062,2605.30348v1,2605.30341v1,AI,AI,0.7861545085906982,3
11,38,FIG_00000012,FIG_00000039,2605.30348v1,2605.30343v1,AI,AI,0.782292366027832,4
11,47,FIG_00000012,FIG_00000048,2605.30348v1,2605.30343v1,AI,AI,0.7775741815567017,5
11,18,FIG_00000012,FIG_00000019,2605.30348v1,2605.30345v1,AI,AI,0.7771720886230469,6
11,86,FIG_00000012,FIG_00000087,2605.30348v1,2605.30335v1,AI,AI,0.7738729119300842,7
11,12,FIG_00000012,FIG_00000013,2605.30348v1,2605.30348v1,AI,AI,0.7655929923057556,8
11,92,FIG_00000012,FIG_00000093,2605.30348v1,2605.30334v1,AI,AI,0.7632143497467041,9
11,96,FIG_00000012,FIG_00000097,2605.30348v1,2605.30334v1,AI,AI,0.7525049448013306,10
11,93,FIG_00000012,FIG_00000094,2605.30348v1,2605.30334v1,AI,AI,0.7503251433372498,11
11,98,FIG_00000012,FIG_00000099,2605.30348v1,2605.30327v1,AI,AI,0.7435798645019531,12
11,15,FIG_00000012,FIG_00000016,2605.30348v1,2605.30348v1,AI,AI,0.7382664084434509,13
11,94,FIG_00000012,FIG_00000095,2605.30348v1,2605.30334v1,AI,AI,0.7379723191261292,14
11,20,FIG_00000012,FIG_00000021,2605.30348v1,2605.30345v1,AI,AI,0.7271413803100586,15
11,78,FIG_00000012,FIG_00000079,2605.30348v1,2605.30341v1,AI,AI,0.723929226398468,16
11,14,FIG_00000012,FIG_00000015,2605.30348v1,2605.30348v1,AI,AI,0.7189743518829346,17
11,91,FIG_00000012,FIG_00000092,2605.30348v1,2605.30334v1,AI,AI,0.7179219722747803,18
11,37,FIG_00000012,FIG_00000038,2605.30348v1,2605.30343v1,AI,AI,0.7153233885765076,19
11,34,FIG_00000012,FIG_00000035,2605.30348v1,2605.30343v1,AI,AI,0.714564323425293,20
12,18,FIG_00000013,FIG_00000019,2605.30348v1,2605.30345v1,AI,AI,0.8218698501586914,1
12,34,FIG_00000013,FIG_00000035,2605.30348v1,2605.30343v1,AI,AI,0.7706220149993896,2
12,61,FIG_00000013,FIG_00000062,2605.30348v1,2605.30341v1,AI,AI,0.7562929391860962,3
12,38,FIG_00000013,FIG_00000039,2605.30348v1,2605.30343v1,AI,AI,0.7225290536880493,4
12,17,FIG_00000013,FIG_00000018,2605.30348v1,2605.30345v1,AI,AI,0.7051085829734802,5
12,35,FIG_00000013,FIG_00000036,2605.30348v1,2605.30343v1,AI,AI,0.7015419602394104,6
12,40,FIG_00000013,FIG_00000041,2605.30348v1,2605.30343v1,AI,AI,0.6983712315559387,7
12,98,FIG_00000013,FIG_00000099,2605.30348v1,2605.30327v1,AI,AI,0.6879128813743591,8
12,62,FIG_00000013,FIG_00000063,2605.30348v1,2605.30341v1,AI,AI,0.6863058805465698,9
12,33,FIG_00000013,FIG_00000034,2605.30348v1,2605.30343v1,AI,AI,0.6823215484619141,10
12,36,FIG_00000013,FIG_00000037,2605.30348v1,2605.30343v1,AI,AI,0.6606315970420837,11
12,31,FIG_00000013,FIG_00000032,2605.30348v1,2605.30344v1,AI,AI,0.6568723320960999,12
12,97,FIG_00000013,FIG_00000098,2605.30348v1,2605.30327v1,AI,AI,0.6541804075241089,13
12,25,FIG_00000013,FIG_00000026,2605.30348v1,2605.30344v1,AI,AI,0.6490246057510376,14
12,90,FIG_00000013,FIG_00000091,2605.30348v1,2605.30334v1,AI,AI,0.6379150152206421,15
12,16,FIG_00000013,FIG_00000017,2605.30348v1,2605.30348v1,AI,AI,0.6329684853553772,16
12,27,FIG_00000013,FIG_00000028,2605.30348v1,2605.30344v1,AI,AI,0.6256582736968994,17
12,30,FIG_00000013,FIG_00000031,2605.30348v1,2605.30344v1,AI,AI,0.6207939982414246,18
13,78,FIG_00000014,FIG_00000079,2605.30348v1,2605.30341v1,AI,AI,0.8538467884063721,1
13,15,FIG_00000014,FIG_00000016,2605.30348v1,2605.30348v1,AI,AI,0.8073512315750122,2
13,90,FIG_00000014,FIG_00000091,2605.30348v1,2605.30334v1,AI,AI,0.792127251625061,3
13,93,FIG_00000014,FIG_00000094,2605.30348v1,2605.30334v1,AI,AI,0.7814364433288574,4
13,47,FIG_00000014,FIG_00000048,2605.30348v1,2605.30343v1,AI,AI,0.7627490758895874,5
13,25,FIG_00000014,FIG_00000026,2605.30348v1,2605.30344v1,AI,AI,0.7604920864105225,6
13,84,FIG_00000014,FIG_00000085,2605.30348v1,2605.30335v1,AI,AI,0.7567183971405029,7
13,41,FIG_00000014,FIG_00000042,2605.30348v1,2605.30343v1,AI,AI,0.7552348375320435,8
13,14,FIG_00000014,FIG_00000015,2605.30348v1,2605.30348v1,AI,AI,0.7534239292144775,9
13,92,FIG_00000014,FIG_00000093,2605.30348v1,2605.30334v1,AI,AI,0.744733452796936,10
13,88,FIG_00000014,FIG_00000089,2605.30348v1,2605.30335v1,AI,AI,0.7372339367866516,11
13,91,FIG_00000014,FIG_00000092,2605.30348v1,2605.30334v1,AI,AI,0.7331891059875488,12
13,87,FIG_00000014,FIG_00000088,2605.30348v1,2605.30335v1,AI,AI,0.7325068116188049,13
13,65,FIG_00000014,FIG_00000066,2605.30348v1,2605.30341v1,AI,AI,0.7282868027687073,14
13,96,FIG_00000014,FIG_00000097,2605.30348v1,2605.30334v1,AI,AI,0.725780725479126,15
13,46,FIG_00000014,FIG_00000047,2605.30348v1,2605.30343v1,AI,AI,0.725324273109436,16
14,89,FIG_00000015,FIG_00000090,2605.30348v1,2605.30335v1,AI,AI,0.8540292382240295,1
14,78,FIG_00000015,FIG_00000079,2605.30348v1,2605.30341v1,AI,AI,0.8395189046859741,2
14,90,FIG_00000015,FIG_00000091,2605.30348v1,2605.30334v1,AI,AI,0.8277435302734375,3
14,47,FIG_00000015,FIG_00000048,2605.30348v1,2605.30343v1,AI,AI,0.8237951993942261,4
14,38,FIG_00000015,FIG_00000039,2605.30348v1,2605.30343v1,AI,AI,0.8178658485412598,5
14,25,FIG_00000015,FIG_00000026,2605.30348v1,2605.30344v1,AI,AI,0.812941312789917,6
14,93,FIG_00000015,FIG_00000094,2605.30348v1,2605.30334v1,AI,AI,0.8021243810653687,7
14,15,FIG_00000015,FIG_00000016,2605.30348v1,2605.30348v1,AI,AI,0.796913206577301,8
14,92,FIG_00000015,FIG_00000093,2605.30348v1,2605.30334v1,AI,AI,0.7883538603782654,9
14,99,FIG_00000015,FIG_00000100,2605.30348v1,2605.30327v1,AI,AI,0.7879226803779602,10
14,88,FIG_00000015,FIG_00000089,2605.30348v1,2605.30335v1,AI,AI,0.7797317504882812,11
14,86,FIG_00000015,FIG_00000087,2605.30348v1,2605.30335v1,AI,AI,0.7753132581710815,12
14,65,FIG_00000015,FIG_00000066,2605.30348v1,2605.30341v1,AI,AI,0.7732484340667725,13
14,84,FIG_00000015,FIG_00000085,2605.30348v1,2605.30335v1,AI,AI,0.7728511095046997,14
14,20,FIG_00000015,FIG_00000021,2605.30348v1,2605.30345v1,AI,AI,0.7717009782791138,15
14,96,FIG_00000015,FIG_00000097,2605.30348v1,2605.30334v1,AI,AI,0.7709008455276489,16
14,87,FIG_00000015,FIG_00000088,2605.30348v1,2605.30335v1,AI,AI,0.7632097005844116,17
14,29,FIG_00000015,FIG_00000030,2605.30348v1,2605.30344v1,AI,AI,0.7523092031478882,18
15,94,FIG_00000016,FIG_00000095,2605.30348v1,2605.30334v1,AI,AI,0.8321523666381836,1
15,78,FIG_00000016,FIG_00000079,2605.30348v1,2605.30341v1,AI,AI,0.8313931226730347,2
15,90,FIG_00000016,FIG_00000091,2605.30348v1,2605.30334v1,AI,AI,0.8280924558639526,3
15,87,FIG_00000016,FIG_00000088,2605.30348v1,2605.30335v1,AI,AI,0.8228068947792053,4
15,88,FIG_00000016,FIG_00000089,2605.30348v1,2605.30335v1,AI,AI,0.8086872100830078,5
15,92,FIG_00000016,FIG_00000093,2605.30348v1,2605.30334v1,AI,AI,0.8074990510940552,6
15,84,FIG_00000016,FIG_00000085,2605.30348v1,2605.30335v1,AI,AI,0.8057683706283569,7
15,65,FIG_00000016,FIG_00000066,2605.30348v1,2605.30341v1,AI,AI,0.803300142288208,8
15,93,FIG_00000016,FIG_00000094,2605.30348v1,2605.30334v1,AI,AI,0.7969549894332886,9
15,25,FIG_00000016,FIG_00000026,2605.30348v1,2605.30344v1,AI,AI,0.7967015504837036,10
15,89,FIG_00000016,FIG_00000090,2605.30348v1,2605.30335v1,AI,AI,0.7518743276596069,11
15,38,FIG_00000016,FIG_00000039,2605.30348v1,2605.30343v1,AI,AI,0.7466866970062256,12
15,86,FIG_00000016,FIG_00000087,2605.30348v1,2605.30335v1,AI,AI,0.7465721964836121,13
15,20,FIG_00000016,FIG_00000021,2605.30348v1,2605.30345v1,AI,AI,0.7455521821975708,14
15,42,FIG_00000016,FIG_00000043,2605.30348v1,2605.30343v1,AI,AI,0.7446205615997314,15
15,47,FIG_00000016,FIG_00000048,2605.30348v1,2605.30343v1,AI,AI,0.7398619055747986,16
16,29,FIG_00000017,FIG_00000030,2605.30348v1,2605.30344v1,AI,AI,0.8593841195106506,1
16,21,FIG_00000017,FIG_00000022,2605.30348v1,2605.30345v1,AI,AI,0.8463252782821655,2
16,68,FIG_00000017,FIG_00000069,2605.30348v1,2605.30341v1,AI,AI,0.8336904644966125,3
16,66,FIG_00000017,FIG_00000067,2605.30348v1,2605.30341v1,AI,AI,0.8204138278961182,4
16,97,FIG_00000017,FIG_00000098,2605.30348v1,2605.30327v1,AI,AI,0.8149371147155762,5
16,38,FIG_00000017,FIG_00000039,2605.30348v1,2605.30343v1,AI,AI,0.7991461753845215,6
16,83,FIG_00000017,FIG_00000084,2605.30348v1,2605.30335v1,AI,AI,0.7973742485046387,7
16,86,FIG_00000017,FIG_00000087,2605.30348v1,2605.30335v1,AI,AI,0.7941687703132629,8
16,99,FIG_00000017,FIG_00000100,2605.30348v1,2605.30327v1,AI,AI,0.7874047756195068,9
16,47,FIG_00000017,FIG_00000048,2605.30348v1,2605.30343v1,AI,AI,0.7575616836547852,10
16,24,FIG_00000017,FIG_00000025,2605.30348v1,2605.30345v1,AI,AI,0.7301143407821655,11
16,20,FIG_00000017,FIG_00000021,2605.30348v1,2605.30345v1,AI,AI,0.7251821756362915,12
16,89,FIG_00000017,FIG_00000090,2605.30348v1,2605.30335v1,AI,AI,0.722800612449646,13
16,34,FIG_00000017,FIG_00000035,2605.30348v1,2605.30343v1,AI,AI,0.704082727432251,14
16,39,FIG_00000017,FIG_00000040,2605.30348v1,2605.30343v1,AI,AI,0.7016391158103943,15
16,78,FIG_00000017,FIG_00000079,2605.30348v1,2605.30341v1,AI,AI,0.694759726524353,16
16,90,FIG_00000017,FIG_00000091,2605.30348v1,2605.30334v1,AI,AI,0.6925198435783386,17
17,18,FIG_00000018,FIG_00000019,2605.30345v1,2605.30345v1,AI,AI,0.7339579463005066,1
17,33,FIG_00000018,FIG_00000034,2605.30345v1,2605.30343v1,AI,AI,0.6963009834289551,2
17,24,FIG_00000018,FIG_00000025,2605.30345v1,2605.30345v1,AI,AI,0.681330144405365,3
17,22,FIG_00000018,FIG_00000023,2605.30345v1,2605.30345v1,AI,AI,0.6472578644752502,4
17,40,FIG_00000018,FIG_00000041,2605.30345v1,2605.30343v1,AI,AI,0.6393551826477051,5
17,62,FIG_00000018,FIG_00000063,2605.30345v1,2605.30341v1,AI,AI,0.6353742480278015,6
17,35,FIG_00000018,FIG_00000036,2605.30345v1,2605.30343v1,AI,AI,0.6332533359527588,7
17,20,FIG_00000018,FIG_00000021,2605.30345v1,2605.30345v1,AI,AI,0.6289671659469604,8
17,98,FIG_00000018,FIG_00000099,2605.30345v1,2605.30327v1,AI,AI,0.6216533184051514,9
17,36,FIG_00000018,FIG_00000037,2605.30345v1,2605.30343v1,AI,AI,0.6181163787841797,10
17,34,FIG_00000018,FIG_00000035,2605.30345v1,2605.30343v1,AI,AI,0.6115891933441162,11
17,19,FIG_00000018,FIG_00000020,2605.30345v1,2605.30345v1,AI,AI,0.602330207824707,12
17,25,FIG_00000018,FIG_00000026,2605.30345v1,2605.30344v1,AI,AI,0.5879616737365723,13
17,90,FIG_00000018,FIG_00000091,2605.30345v1,2605.30334v1,AI,AI,0.5875318646430969,14
17,94,FIG_00000018,FIG_00000095,2605.30345v1,2605.30334v1,AI,AI,0.5621914863586426,15
17,38,FIG_00000018,FIG_00000039,2605.30345v1,2605.30343v1,AI,AI,0.5610864758491516,16
17,23,FIG_00000018,FIG_00000024,2605.30345v1,2605.30345v1,AI,AI,0.5564790964126587,17
18,34,FIG_00000019,FIG_00000035,2605.30345v1,2605.30343v1,AI,AI,0.7642602920532227,1
18,98,FIG_00000019,FIG_00000099,2605.30345v1,2605.30327v1,AI,AI,0.7637008428573608,2
18,97,FIG_00000019,FIG_00000098,2605.30345v1,2605.30327v1,AI,AI,0.7474645376205444,3
18,20,FIG_00000019,FIG_00000021,2605.30345v1,2605.30345v1,AI,AI,0.7316782474517822,4
18,27,FIG_00000019,FIG_00000028,2605.30345v1,2605.30344v1,AI,AI,0.7308444380760193,5
18,33,FIG_00000019,FIG_00000034,2605.30345v1,2605.30343v1,AI,AI,0.7150875329971313,6
18,31,FIG_00000019,FIG_00000032,2605.30345v1,2605.30344v1,AI,AI,0.7146915793418884,7
18,38,FIG_00000019,FIG_00000039,2605.30345v1,2605.30343v1,AI,AI,0.7091639637947083,8
18,24,FIG_00000019,FIG_00000025,2605.30345v1,2605.30345v1,AI,AI,0.7065318822860718,9
18,61,FIG_00000019,FIG_00000062,2605.30345v1,2605.30341v1,AI,AI,0.6992430686950684,10
18,22,FIG_00000019,FIG_00000023,2605.30345v1,2605.30345v1,AI,AI,0.6990241408348083,11
18,86,FIG_00000019,FIG_00000087,2605.30345v1,2605.30335v1,AI,AI,0.6959124803543091,12
18,40,FIG_00000019,FIG_00000041,2605.30345v1,2605.30343v1,AI,AI,0.6865497827529907,13
18,35,FIG_00000019,FIG_00000036,2605.30345v1,2605.30343v1,AI,AI,0.6743854880332947,14
18,90,FIG_00000019,FIG_00000091,2605.30345v1,2605.30334v1,AI,AI,0.672447144985199,15
18,30,FIG_00000019,FIG_00000031,2605.30345v1,2605.30344v1,AI,AI,0.6650757193565369,16
19,62,FIG_00000020,FIG_00000063,2605.30345v1,2605.30341v1,AI,AI,0.616924524307251,1
19,33,FIG_00000020,FIG_00000034,2605.30345v1,2605.30343v1,AI,AI,0.563918948173523,2
19,35,FIG_00000020,FIG_00000036,2605.30345v1,2605.30343v1,AI,AI,0.5464154481887817,3
19,23,FIG_00000020,FIG_00000024,2605.30345v1,2605.30345v1,AI,AI,0.5250564813613892,4
19,40,FIG_00000020,FIG_00000041,2605.30345v1,2605.30343v1,AI,AI,0.510729193687439,5
19,24,FIG_00000020,FIG_00000025,2605.30345v1,2605.30345v1,AI,AI,0.5037550926208496,6
19,34,FIG_00000020,FIG_00000035,2605.30345v1,2605.30343v1,AI,AI,0.4905977249145508,7
19,36,FIG_00000020,FIG_00000037,2605.30345v1,2605.30343v1,AI,AI,0.489128440618515,8
19,22,FIG_00000020,FIG_00000023,2605.30345v1,2605.30345v1,AI,AI,0.4772765636444092,9
19,99,FIG_00000020,FIG_00000100,2605.30345v1,2605.30327v1,AI,AI,0.45080652832984924,10
19,61,FIG_00000020,FIG_00000062,2605.30345v1,2605.30341v1,AI,AI,0.4466034173965454,11
19,20,FIG_00000020,FIG_00000021,2605.30345v1,2605.30345v1,AI,AI,0.446455180644989,12
19,65,FIG_00000020,FIG_00000066,2605.30345v1,2605.30341v1,AI,AI,0.4440786838531494,13
19,45,FIG_00000020,FIG_00000046,2605.30345v1,2605.30343v1,AI,AI,0.437356173992157,14
19,25,FIG_00000020,FIG_00000026,2605.30345v1,2605.30344v1,AI,AI,0.42932555079460144,15
20,24,FIG_00000021,FIG_00000025,2605.30345v1,2605.30345v1,AI,AI,0.9241967797279358,1
20,22,FIG_00000021,FIG_00000023,2605.30345v1,2605.30345v1,AI,AI,0.8483076095581055,2
20,86,FIG_00000021,FIG_00000087,2605.30345v1,2605.30335v1,AI,AI,0.8324587345123291,3
20,29,FIG_00000021,FIG_00000030,2605.30345v1,2605.30344v1,AI,AI,0.8151876330375671,4
20,92,FIG_00000021,FIG_00000093,2605.30345v1,2605.30334v1,AI,AI,0.793752908706665,5
20,99,FIG_00000021,FIG_00000100,2605.30345v1,2605.30327v1,AI,AI,0.7889930009841919,6
20,83,FIG_00000021,FIG_00000084,2605.30345v1,2605.30335v1,AI,AI,0.7860423922538757,7
20,89,FIG_00000021,FIG_00000090,2605.30345v1,2605.30335v1,AI,AI,0.7839951515197754,8
20,90,FIG_00000021,FIG_00000091,2605.30345v1,2605.30334v1,AI,AI,0.7831257581710815,9
20,38,FIG_00000021,FIG_00000039,2605.30345v1,2605.30343v1,AI,AI,0.7825635671615601,10
20,78,FIG_00000021,FIG_00000079,2605.30345v1,2605.30341v1,AI,AI,0.7594070434570312,11
20,87,FIG_00000021,FIG_00000088,2605.30345v1,2605.30335v1,AI,AI,0.7587649822235107,12
20,47,FIG_00000021,FIG_00000048,2605.30345v1,2605.30343v1,AI,AI,0.7580251693725586,13
20,23,FIG_00000021,FIG_00000024,2605.30345v1,2605.30345v1,AI,AI,0.7475795745849609,14
20,65,FIG_00000021,FIG_00000066,2605.30345v1,2605.30341v1,AI,AI,0.7391530275344849,15
20,68,FIG_00000021,FIG_00000069,2605.30345v1,2605.30341v1,AI,AI,0.7366660237312317,16
21,68,FIG_00000022,FIG_00000069,2605.30345v1,2605.30341v1,AI,AI,0.9178363680839539,1
21,29,FIG_00000022,FIG_00000030,2605.30345v1,2605.30344v1,AI,AI,0.8981636762619019,2
21,83,FIG_00000022,FIG_00000084,2605.30345v1,2605.30335v1,AI,AI,0.8786938190460205,3
21,99,FIG_00000022,FIG_00000100,2605.30345v1,2605.30327v1,AI,AI,0.8357550501823425,4
21,66,FIG_00000022,FIG_00000067,2605.30345v1,2605.30341v1,AI,AI,0.8323554992675781,5
21,86,FIG_00000022,FIG_00000087,2605.30345v1,2605.30335v1,AI,AI,0.8136736154556274,6
21,97,FIG_00000022,FIG_00000098,2605.30345v1,2605.30327v1,AI,AI,0.7861565947532654,7
21,89,FIG_00000022,FIG_00000090,2605.30345v1,2605.30335v1,AI,AI,0.7614333629608154,8
21,38,FIG_00000022,FIG_00000039,2605.30345v1,2605.30343v1,AI,AI,0.757530152797699,9
21,47,FIG_00000022,FIG_00000048,2605.30345v1,2605.30343v1,AI,AI,0.7513750791549683,10
21,39,FIG_00000022,FIG_00000040,2605.30345v1,2605.30343v1,AI,AI,0.7057086825370789,11
21,69,FIG_00000022,FIG_00000070,2605.30345v1,2605.30341v1,AI,AI,0.7012008428573608,12
21,24,FIG_00000022,FIG_00000025,2605.30345v1,2605.30345v1,AI,AI,0.6921017169952393,13
21,87,FIG_00000022,FIG_00000088,2605.30345v1,2605.30335v1,AI,AI,0.6896127462387085,14
21,78,FIG_00000022,FIG_00000079,2605.30345v1,2605.30341v1,AI,AI,0.670096218585968,15
22,24,FIG_00000023,FIG_00000025,2605.30345v1,2605.30345v1,AI,AI,0.8456501364707947,1
22,23,FIG_00000023,FIG_00000024,2605.30345v1,2605.30345v1,AI,AI,0.7803364992141724,2
22,86,FIG_00000023,FIG_00000087,2605.30345v1,2605.30335v1,AI,AI,0.6980571746826172,3
22,92,FIG_00000023,FIG_00000093,2605.30345v1,2605.30334v1,AI,AI,0.6966534852981567,4
22,94,FIG_00000023,FIG_00000095,2605.30345v1,2605.30334v1,AI,AI,0.6849469542503357,5
22,83,FIG_00000023,FIG_00000084,2605.30345v1,2605.30335v1,AI,AI,0.6801713705062866,6
22,98,FIG_00000023,FIG_00000099,2605.30345v1,2605.30327v1,AI,AI,0.6797471046447754,7
22,29,FIG_00000023,FIG_00000030,2605.30345v1,2605.30344v1,AI,AI,0.6773620247840881,8
22,87,FIG_00000023,FIG_00000088,2605.30345v1,2605.30335v1,AI,AI,0.6572651863098145,9
22,90,FIG_00000023,FIG_00000091,2605.30345v1,2605.30334v1,AI,AI,0.6554920673370361,10
22,30,FIG_00000023,FIG_00000031,2605.30345v1,2605.30344v1,AI,AI,0.6476082801818848,11
22,47,FIG_00000023,FIG_00000048,2605.30345v1,2605.30343v1,AI,AI,0.6420013308525085,12
22,99,FIG_00000023,FIG_00000100,2605.30345v1,2605.30327v1,AI,AI,0.6393725275993347,13
23,24,FIG_00000024,FIG_00000025,2605.30345v1,2605.30345v1,AI,AI,0.7151938676834106,1
23,40,FIG_00000024,FIG_00000041,2605.30345v1,2605.30343v1,AI,AI,0.6496638059616089,2
23,29,FIG_00000024,FIG_00000030,2605.30345v1,2605.30344v1,AI,AI,0.6360294818878174,3
23,98,FIG_00000024,FIG_00000099,2605.30345v1,2605.30327v1,AI,AI,0.6245532035827637,4
23,30,FIG_00000024,FIG_00000031,2605.30345v1,2605.30344v1,AI,AI,0.6239314079284668,5
23,92,FIG_00000024,FIG_00000093,2605.30345v1,2605.30334v1,AI,AI,0.6238124370574951,6
23,34,FIG_00000024,FIG_00000035,2605.30345v1,2605.30343v1,AI,AI,0.6213056445121765,7
23,86,FIG_00000024,FIG_00000087,2605.30345v1,2605.30335v1,AI,AI,0.6206060647964478,8
23,99,FIG_00000024,FIG_00000100,2605.30345v1,2605.30327v1,AI,AI,0.6163888573646545,9
23,65,FIG_00000024,FIG_00000066,2605.30345v1,2605.30341v1,AI,AI,0.6137547492980957,10
23,33,FIG_00000024,FIG_00000034,2605.30345v1,2605.30343v1,AI,AI,0.6077789068222046,11
23,35,FIG_00000024,FIG_00000036,2605.30345v1,2605.30343v1,AI,AI,0.6072068214416504,12
23,87,FIG_00000024,FIG_00000088,2605.30345v1,2605.30335v1,AI,AI,0.5965752005577087,13
23,83,FIG_00000024,FIG_00000084,2605.30345v1,2605.30335v1,AI,AI,0.586983323097229,14
23,90,FIG_00000024,FIG_00000091,2605.30345v1,2605.30334v1,AI,AI,0.58366858959198,15
24,29,FIG_00000025,FIG_00000030,2605.30345v1,2605.30344v1,AI,AI,0.8064749240875244,1
24,86,FIG_00000025,FIG_00000087,2605.30345v1,2605.30335v1,AI,AI,0.7996785640716553,2
24,83,FIG_00000025,FIG_00000084,2605.30345v1,2605.30335v1,AI,AI,0.7972010374069214,3
24,99,FIG_00000025,FIG_00000100,2605.30345v1,2605.30327v1,AI,AI,0.7768527865409851,4
24,78,FIG_00000025,FIG_00000079,2605.30345v1,2605.30341v1,AI,AI,0.7510712742805481,5
24,90,FIG_00000025,FIG_00000091,2605.30345v1,2605.30334v1,AI,AI,0.7509228587150574,6
24,47,FIG_00000025,FIG_00000048,2605.30345v1,2605.30343v1,AI,AI,0.7504177093505859,7
24,92,FIG_00000025,FIG_00000093,2605.30345v1,2605.30334v1,AI,AI,0.7475098371505737,8
24,68,FIG_00000025,FIG_00000069,2605.30345v1,2605.30341v1,AI,AI,0.7440462112426758,9
24,87,FIG_00000025,FIG_00000088,2605.30345v1,2605.30335v1,AI,AI,0.7429620027542114,10
24,38,FIG_00000025,FIG_00000039,2605.30345v1,2605.30343v1,AI,AI,0.7414647340774536,11
24,89,FIG_00000025,FIG_00000090,2605.30345v1,2605.30335v1,AI,AI,0.7312631607055664,12
25,90,FIG_00000026,FIG_00000091,2605.30344v1,2605.30334v1,AI,AI,0.8489161729812622,1
25,93,FIG_00000026,FIG_00000094,2605.30344v1,2605.30334v1,AI,AI,0.8230706453323364,2
25,94,FIG_00000026,FIG_00000095,2605.30344v1,2605.30334v1,AI,AI,0.8162840008735657,3
25,47,FIG_00000026,FIG_00000048,2605.30344v1,2605.30343v1,AI,AI,0.8151582479476929,4
25,37,FIG_00000026,FIG_00000038,2605.30344v1,2605.30343v1,AI,AI,0.804234504699707,5
25,38,FIG_00000026,FIG_00000039,2605.30344v1,2605.30343v1,AI,AI,0.8010131120681763,6
25,78,FIG_00000026,FIG_00000079,2605.30344v1,2605.30341v1,AI,AI,0.7951252460479736,7
25,92,FIG_00000026,FIG_00000093,2605.30344v1,2605.30334v1,AI,AI,0.7910439968109131,8
25,96,FIG_00000026,FIG_00000097,2605.30344v1,2605.30334v1,AI,AI,0.7889329195022583,9
25,41,FIG_00000026,FIG_00000042,2605.30344v1,2605.30343v1,AI,AI,0.7874059677124023,10
25,88,FIG_00000026,FIG_00000089,2605.30344v1,2605.30335v1,AI,AI,0.7846980690956116,11
25,46,FIG_00000026,FIG_00000047,2605.30344v1,2605.30343v1,AI,AI,0.7707099914550781,12
25,84,FIG_00000026,FIG_00000085,2605.30344v1,2605.30335v1,AI,AI,0.763045072555542,13
25,87,FIG_00000026,FIG_00000088,2605.30344v1,2605.30335v1,AI,AI,0.7579065561294556,14
25,61,FIG_00000026,FIG_00000062,2605.30344v1,2605.30341v1,AI,AI,0.7526761889457703,15
26,32,FIG_00000027,FIG_00000033,2605.30344v1,2605.30344v1,AI,AI,0.49586695432662964,1
26,28,FIG_00000027,FIG_00000029,2605.30344v1,2605.30344v1,AI,AI,0.48656564950942993,2
26,62,FIG_00000027,FIG_00000063,2605.30344v1,2605.30341v1,AI,AI,0.4046213924884796,3
26,40,FIG_00000027,FIG_00000041,2605.30344v1,2605.30343v1,AI,AI,0.3504360318183899,4
26,87,FIG_00000027,FIG_00000088,2605.30344v1,2605.30335v1,AI,AI,0.3117392361164093,5
26,35,FIG_00000027,FIG_00000036,2605.30344v1,2605.30343v1,AI,AI,0.29635223746299744,6
26,33,FIG_00000027,FIG_00000034,2605.30344v1,2605.30343v1,AI,AI,0.29593247175216675,7
26,67,FIG_00000027,FIG_00000068,2605.30344v1,2605.30341v1,AI,AI,0.2949051856994629,8
26,65,FIG_00000027,FIG_00000066,2605.30344v1,2605.30341v1,AI,AI,0.29465311765670776,9
26,34,FIG_00000027,FIG_00000035,2605.30344v1,2605.30343v1,AI,AI,0.2931961417198181,10
26,69,FIG_00000027,FIG_00000070,2605.30344v1,2605.30341v1,AI,AI,0.29302144050598145,11
26,94,FIG_00000027,FIG_00000095,2605.30344v1,2605.30334v1,AI,AI,0.29117751121520996,12
26,61,FIG_00000027,FIG_00000062,2605.30344v1,2605.30341v1,AI,AI,0.2778228521347046,13
26,30,FIG_00000027,FIG_00000031,2605.30344v1,2605.30344v1,AI,AI,0.2767581045627594,14
26,92,FIG_00000027,FIG_00000093,2605.30344v1,2605.30334v1,AI,AI,0.26943615078926086,15
27,31,FIG_00000028,FIG_00000032,2605.30344v1,2605.30344v1,AI,AI,0.9509891867637634,1
27,61,FIG_00000028,FIG_00000062,2605.30344v1,2605.30341v1,AI,AI,0.7515307664871216,2
27,86,FIG_00000028,FIG_00000087,2605.30344v1,2605.30335v1,AI,AI,0.7326822280883789,3
27,97,FIG_00000028,FIG_00000098,2605.30344v1,2605.30327v1,AI,AI,0.7280776500701904,4
27,99,FIG_00000028,FIG_00000100,2605.30344v1,2605.30327v1,AI,AI,0.7133168578147888,5
27,38,FIG_00000028,FIG_00000039,2605.30344v1,2605.30343v1,AI,AI,0.7114907503128052,6
27,47,FIG_00000028,FIG_00000048,2605.30344v1,2605.30343v1,AI,AI,0.7092683911323547,7
27,91,FIG_00000028,FIG_00000092,2605.30344v1,2605.30334v1,AI,AI,0.7022449970245361,8
27,90,FIG_00000028,FIG_00000091,2605.30344v1,2605.30334v1,AI,AI,0.6855881214141846,9
27,96,FIG_00000028,FIG_00000097,2605.30344v1,2605.30334v1,AI,AI,0.6777334809303284,10
27,66,FIG_00000028,FIG_00000067,2605.30344v1,2605.30341v1,AI,AI,0.6736106872558594,11
27,93,FIG_00000028,FIG_00000094,2605.30344v1,2605.30334v1,AI,AI,0.6369854211807251,12
27,68,FIG_00000028,FIG_00000069,2605.30344v1,2605.30341v1,AI,AI,0.635222315788269,13
27,29,FIG_00000028,FIG_00000030,2605.30344v1,2605.30344v1,AI,AI,0.6245184540748596,14
28,32,FIG_00000029,FIG_00000033,2605.30344v1,2605.30344v1,AI,AI,0.9751241207122803,1
28,62,FIG_00000029,FIG_00000063,2605.30344v1,2605.30341v1,AI,AI,0.4060875177383423,2
28,40,FIG_00000029,FIG_00000041,2605.30344v1,2605.30343v1,AI,AI,0.3852313160896301,3
28,33,FIG_00000029,FIG_00000034,2605.30344v1,2605.30343v1,AI,AI,0.3755910396575928,4
28,69,FIG_00000029,FIG_00000070,2605.30344v1,2605.30341v1,AI,AI,0.3747299909591675,5
28,98,FIG_00000029,FIG_00000099,2605.30344v1,2605.30327v1,AI,AI,0.3543974459171295,6
28,92,FIG_00000029,FIG_00000093,2605.30344v1,2605.30334v1,AI,AI,0.34244799613952637,7
28,35,FIG_00000029,FIG_00000036,2605.30344v1,2605.30343v1,AI,AI,0.34004682302474976,8
28,95,FIG_00000029,FIG_00000096,2605.30344v1,2605.30334v1,AI,AI,0.33504199981689453,9
28,90,FIG_00000029,FIG_00000091,2605.30344v1,2605.30334v1,AI,AI,0.33415722846984863,10
28,61,FIG_00000029,FIG_00000062,2605.30344v1,2605.30341v1,AI,AI,0.3207855224609375,11
28,36,FIG_00000029,FIG_00000037,2605.30344v1,2605.30343v1,AI,AI,0.31916263699531555,12
29,83,FIG_00000030,FIG_00000084,2605.30344v1,2605.30335v1,AI,AI,0.9271094799041748,1
29,68,FIG_00000030,FIG_00000069,2605.30344v1,2605.30341v1,AI,AI,0.9108530879020691,2
29,99,FIG_00000030,FIG_00000100,2605.30344v1,2605.30327v1,AI,AI,0.8781173825263977,3
29,86,FIG_00000030,FIG_00000087,2605.30344v1,2605.30335v1,AI,AI,0.8668215870857239,4
29,66,FIG_00000030,FIG_00000067,2605.30344v1,2605.30341v1,AI,AI,0.8626362681388855,5
29,38,FIG_00000030,FIG_00000039,2605.30344v1,2605.30343v1,AI,AI,0.8411949276924133,6
29,47,FIG_00000030,FIG_00000048,2605.30344v1,2605.30343v1,AI,AI,0.8344663381576538,7
29,89,FIG_00000030,FIG_00000090,2605.30344v1,2605.30335v1,AI,AI,0.8127777576446533,8
29,87,FIG_00000030,FIG_00000088,2605.30344v1,2605.30335v1,AI,AI,0.8017157316207886,9
29,97,FIG_00000030,FIG_00000098,2605.30344v1,2605.30327v1,AI,AI,0.7953916788101196,10
29,78,FIG_00000030,FIG_00000079,2605.30344v1,2605.30341v1,AI,AI,0.7925885319709778,11
29,65,FIG_00000030,FIG_00000066,2605.30344v1,2605.30341v1,AI,AI,0.7713797688484192,12
29,90,FIG_00000030,FIG_00000091,2605.30344v1,2605.30334v1,AI,AI,0.7621434926986694,13
29,92,FIG_00000030,FIG_00000093,2605.30344v1,2605.30334v1,AI,AI,0.7580051422119141,14
30,97,FIG_00000031,FIG_00000098,2605.30344v1,2605.30327v1,AI,AI,0.7797932624816895,1
30,39,FIG_00000031,FIG_00000040,2605.30344v1,2605.30343v1,AI,AI,0.7751703262329102,2
30,38,FIG_00000031,FIG_00000039,2605.30344v1,2605.30343v1,AI,AI,0.7042790651321411,3
30,34,FIG_00000031,FIG_00000035,2605.30344v1,2605.30343v1,AI,AI,0.699467658996582,4
30,99,FIG_00000031,FIG_00000100,2605.30344v1,2605.30327v1,AI,AI,0.6880457401275635,5
30,66,FIG_00000031,FIG_00000067,2605.30344v1,2605.30341v1,AI,AI,0.6862207055091858,6
30,86,FIG_00000031,FIG_00000087,2605.30344v1,2605.30335v1,AI,AI,0.6849896907806396,7
30,89,FIG_00000031,FIG_00000090,2605.30344v1,2605.30335v1,AI,AI,0.654168963432312,8
30,83,FIG_00000031,FIG_00000084,2605.30344v1,2605.30335v1,AI,AI,0.6512725949287415,9
30,98,FIG_00000031,FIG_00000099,2605.30344v1,2605.30327v1,AI,AI,0.6498841047286987,10
30,35,FIG_00000031,FIG_00000036,2605.30344v1,2605.30343v1,AI,AI,0.6410748958587646,11
30,68,FIG_00000031,FIG_00000069,2605.30344v1,2605.30341v1,AI,AI,0.6389219760894775,12
30,40,FIG_00000031,FIG_00000041,2605.30344v1,2605.30343v1,AI,AI,0.6339594721794128,13
31,61,FIG_00000032,FIG_00000062,2605.30344v1,2605.30341v1,AI,AI,0.746076226234436,1
31,91,FIG_00000032,FIG_00000092,2605.30344v1,2605.30334v1,AI,AI,0.7009067535400391,2
31,86,FIG_00000032,FIG_00000087,2605.30344v1,2605.30335v1,AI,AI,0.6988630294799805,3
31,38,FIG_00000032,FIG_00000039,2605.30344v1,2605.30343v1,AI,AI,0.6872953176498413,4
31,97,FIG_00000032,FIG_00000098,2605.30344v1,2605.30327v1,AI,AI,0.6781404614448547,5
31,47,FIG_00000032,FIG_00000048,2605.30344v1,2605.30343v1,AI,AI,0.676832914352417,6
31,90,FIG_00000032,FIG_00000091,2605.30344v1,2605.30334v1,AI,AI,0.6729863882064819,7
31,66,FIG_00000032,FIG_00000067,2605.30344v1,2605.30341v1,AI,AI,0.6615093946456909,8
31,99,FIG_00000032,FIG_00000100,2605.30344v1,2605.30327v1,AI,AI,0.65964674949646,9
31,96,FIG_00000032,FIG_00000097,2605.30344v1,2605.30334v1,AI,AI,0.650569498538971,10
31,93,FIG_00000032,FIG_00000094,2605.30344v1,2605.30334v1,AI,AI,0.6301884055137634,11
32,69,FIG_00000033,FIG_00000070,2605.30344v1,2605.30341v1,AI,AI,0.45217013359069824,1
32,62,FIG_00000033,FIG_00000063,2605.30344v1,2605.30341v1,AI,AI,0.43107175827026367,2
32,40,FIG_00000033,FIG_00000041,2605.30344v1,2605.30343v1,AI,AI,0.4159153401851654,3
32,33,FIG_00000033,FIG_00000034,2605.30344v1,2605.30343v1,AI,AI,0.4111926853656769,4
32,95,FIG_00000033,FIG_00000096,2605.30344v1,2605.30334v1,AI,AI,0.40216004848480225,5
32,92,FIG_00000033,FIG_00000093,2605.30344v1,2605.30334v1,AI,AI,0.3935090899467468,6
32,90,FIG_00000033,FIG_00000091,2605.30344v1,2605.30334v1,AI,AI,0.3873506784439087,7
32,98,FIG_00000033,FIG_00000099,2605.30344v1,2605.30327v1,AI,AI,0.3749690055847168,8
32,35,FIG_00000033,FIG_00000036,2605.30344v1,2605.30343v1,AI,AI,0.37361621856689453,9
32,96,FIG_00000033,FIG_00000097,2605.30344v1,2605.30334v1,AI,AI,0.37020814418792725,10
32,61,FIG_00000033,FIG_00000062,2605.30344v1,2605.30341v1,AI,AI,0.3698776662349701,11
32,93,FIG_00000033,FIG_00000094,2605.30344v1,2605.30334v1,AI,AI,0.3678485155105591,12
33,35,FIG_00000034,FIG_00000036,2605.30343v1,2605.30343v1,AI,AI,0.8239254951477051,1
33,34,FIG_00000034,FIG_00000035,2605.30343v1,2605.30343v1,AI,AI,0.772892415523529,2
33,40,FIG_00000034,FIG_00000041,2605.30343v1,2605.30343v1,AI,AI,0.743026852607727,3
33,98,FIG_00000034,FIG_00000099,2605.30343v1,2605.30327v1,AI,AI,0.6559380292892456,4
33,62,FIG_00000034,FIG_00000063,2605.30343v1,2605.30341v1,AI,AI,0.6058750748634338,5
33,38,FIG_00000034,FIG_00000039,2605.30343v1,2605.30343v1,AI,AI,0.5929142236709595,6
33,97,FIG_00000034,FIG_00000098,2605.30343v1,2605.30327v1,AI,AI,0.5856235027313232,7
33,61,FIG_00000034,FIG_00000062,2605.30343v1,2605.30341v1,AI,AI,0.5813813805580139,8
33,39,FIG_00000034,FIG_00000040,2605.30343v1,2605.30343v1,AI,AI,0.56913161277771,9
34,35,FIG_00000035,FIG_00000036,2605.30343v1,2605.30343v1,AI,AI,0.8186059594154358,1
34,40,FIG_00000035,FIG_00000041,2605.30343v1,2605.30343v1,AI,AI,0.7983764410018921,2
34,38,FIG_00000035,FIG_00000039,2605.30343v1,2605.30343v1,AI,AI,0.7953477501869202,3
34,39,FIG_00000035,FIG_00000040,2605.30343v1,2605.30343v1,AI,AI,0.7879689335823059,4
34,97,FIG_00000035,FIG_00000098,2605.30343v1,2605.30327v1,AI,AI,0.7627062797546387,5
34,98,FIG_00000035,FIG_00000099,2605.30343v1,2605.30327v1,AI,AI,0.7576353549957275,6
34,61,FIG_00000035,FIG_00000062,2605.30343v1,2605.30341v1,AI,AI,0.7187660336494446,7
34,86,FIG_00000035,FIG_00000087,2605.30343v1,2605.30335v1,AI,AI,0.6818082332611084,8
34,83,FIG_00000035,FIG_00000084,2605.30343v1,2605.30335v1,AI,AI,0.6815476417541504,9
34,66,FIG_00000035,FIG_00000067,2605.30343v1,2605.30341v1,AI,AI,0.6694782972335815,10
34,99,FIG_00000035,FIG_00000100,2605.30343v1,2605.30327v1,AI,AI,0.6665336489677429,11
35,40,FIG_00000036,FIG_00000041,2605.30343v1,2605.30343v1,AI,AI,0.7435858249664307,1
35,98,FIG_00000036,FIG_00000099,2605.30343v1,2605.30327v1,AI,AI,0.6838912963867188,2
35,38,FIG_00000036,FIG_00000039,2605.30343v1,2605.30343v1,AI,AI,0.6836303472518921,3
35,39,FIG_00000036,FIG_00000040,2605.30343v1,2605.30343v1,AI,AI,0.6537280082702637,4
35,97,FIG_00000036,FIG_00000098,2605.30343v1,2605.30327v1,AI,AI,0.6437631249427795,5
35,61,FIG_00000036,FIG_00000062,2605.30343v1,2605.30341v1,AI,AI,0.6293072700500488,6
35,36,FIG_00000036,FIG_00000037,2605.30343v1,2605.30343v1,AI,AI,0.6147462129592896,7
35,90,FIG_00000036,FIG_00000091,2605.30343v1,2605.30334v1,AI,AI,0.6142876148223877,8
36,45,FIG_00000037,FIG_00000046,2605.30343v1,2605.30343v1,AI,AI,0.7790819406509399,1
36,44,FIG_00000037,FIG_00000045,2605.30343v1,2605.30343v1,AI,AI,0.7010648846626282,2
36,90,FIG_00000037,FIG_00000091,2605.30343v1,2605.30334v1,AI,AI,0.6582088470458984,3
36,91,FIG_00000037,FIG_00000092,2605.30343v1,2605.30334v1,AI,AI,0.6424785852432251,4
36,61,FIG_00000037,FIG_00000062,2605.30343v1,2605.30341v1,AI,AI,0.6206995248794556,5
36,38,FIG_00000037,FIG_00000039,2605.30343v1,2605.30343v1,AI,AI,0.6030553579330444,6
36,93,FIG_00000037,FIG_00000094,2605.30343v1,2605.30334v1,AI,AI,0.5908284187316895,7
36,47,FIG_00000037,FIG_00000048,2605.30343v1,2605.30343v1,AI,AI,0.5820515155792236,8
36,40,FIG_00000037,FIG_00000041,2605.30343v1,2605.30343v1,AI,AI,0.5820492506027222,9
36,98,FIG_00000037,FIG_00000099,2605.30343v1,2605.30327v1,AI,AI,0.5729977488517761,10
36,43,FIG_00000037,FIG_00000044,2605.30343v1,2605.30343v1,AI,AI,0.5726524591445923,11
36,94,FIG_00000037,FIG_00000095,2605.30343v1,2605.30334v1,AI,AI,0.5714123249053955,12
37,46,FIG_00000038,FIG_00000047,2605.30343v1,2605.30343v1,AI,AI,0.9843141436576843,1
37,41,FIG_00000038,FIG_00000042,2605.30343v1,2605.30343v1,AI,AI,0.9436527490615845,2
37,93,FIG_00000038,FIG_00000094,2605.30343v1,2605.30334v1,AI,AI,0.8976296186447144,3
37,88,FIG_00000038,FIG_00000089,2605.30343v1,2605.30335v1,AI,AI,0.8883858919143677,4
37,95,FIG_00000038,FIG_00000096,2605.30343v1,2605.30334v1,AI,AI,0.8813667297363281,5
37,96,FIG_00000038,FIG_00000097,2605.30343v1,2605.30334v1,AI,AI,0.8803572654724121,6
37,42,FIG_00000038,FIG_00000043,2605.30343v1,2605.30343v1,AI,AI,0.8700553178787231,7
37,84,FIG_00000038,FIG_00000085,2605.30343v1,2605.30335v1,AI,AI,0.8533636331558228,8
37,47,FIG_00000038,FIG_00000048,2605.30343v1,2605.30343v1,AI,AI,0.8442512154579163,9
37,85,FIG_00000038,FIG_00000086,2605.30343v1,2605.30335v1,AI,AI,0.8385461568832397,10
37,92,FIG_00000038,FIG_00000093,2605.30343v1,2605.30334v1,AI,AI,0.8333070278167725,11
37,90,FIG_00000038,FIG_00000091,2605.30343v1,2605.30334v1,AI,AI,0.817100465297699,12
37,69,FIG_00000038,FIG_00000070,2605.30343v1,2605.30341v1,AI,AI,0.7890716195106506,13
37,78,FIG_00000038,FIG_00000079,2605.30343v1,2605.30341v1,AI,AI,0.7546480894088745,14
37,91,FIG_00000038,FIG_00000092,2605.30343v1,2605.30334v1,AI,AI,0.7443665266036987,15
37,38,FIG_00000038,FIG_00000039,2605.30343v1,2605.30343v1,AI,AI,0.7438418865203857,16
37,79,FIG_00000038,FIG_00000080,2605.30343v1,2605.30341v1,AI,AI,0.7357615232467651,17
38,86,FIG_00000039,FIG_00000087,2605.30343v1,2605.30335v1,AI,AI,0.8575678467750549,1
38,39,FIG_00000039,FIG_00000040,2605.30343v1,2605.30343v1,AI,AI,0.8430814146995544,2
38,47,FIG_00000039,FIG_00000048,2605.30343v1,2605.30343v1,AI,AI,0.8397578001022339,3
38,90,FIG_00000039,FIG_00000091,2605.30343v1,2605.30334v1,AI,AI,0.8358602523803711,4
38,61,FIG_00000039,FIG_00000062,2605.30343v1,2605.30341v1,AI,AI,0.8298341631889343,5
38,99,FIG_00000039,FIG_00000100,2605.30343v1,2605.30327v1,AI,AI,0.809572696685791,6
38,97,FIG_00000039,FIG_00000098,2605.30343v1,2605.30327v1,AI,AI,0.7944526672363281,7
38,68,FIG_00000039,FIG_00000069,2605.30343v1,2605.30341v1,AI,AI,0.7885137796401978,8
38,83,FIG_00000039,FIG_00000084,2605.30343v1,2605.30335v1,AI,AI,0.7877674102783203,9
38,92,FIG_00000039,FIG_00000093,2605.30343v1,2605.30334v1,AI,AI,0.782885730266571,10
38,89,FIG_00000039,FIG_00000090,2605.30343v1,2605.30335v1,AI,AI,0.7813891172409058,11
38,78,FIG_00000039,FIG_00000079,2605.30343v1,2605.30341v1,AI,AI,0.7813494801521301,12
38,66,FIG_00000039,FIG_00000067,2605.30343v1,2605.30341v1,AI,AI,0.7777608633041382,13
39,97,FIG_00000040,FIG_00000098,2605.30343v1,2605.30327v1,AI,AI,0.7903518080711365,1
39,89,FIG_00000040,FIG_00000090,2605.30343v1,2605.30335v1,AI,AI,0.7132864594459534,2
39,83,FIG_00000040,FIG_00000084,2605.30343v1,2605.30335v1,AI,AI,0.7062705755233765,3
39,86,FIG_00000040,FIG_00000087,2605.30343v1,2605.30335v1,AI,AI,0.6961514353752136,4
39,99,FIG_00000040,FIG_00000100,2605.30343v1,2605.30327v1,AI,AI,0.6815810203552246,5
39,68,FIG_00000040,FIG_00000069,2605.30343v1,2605.30341v1,AI,AI,0.6650335788726807,6
39,61,FIG_00000040,FIG_00000062,2605.30343v1,2605.30341v1,AI,AI,0.6597390174865723,7
39,66,FIG_00000040,FIG_00000067,2605.30343v1,2605.30341v1,AI,AI,0.6575422286987305,8
39,47,FIG_00000040,FIG_00000048,2605.30343v1,2605.30343v1,AI,AI,0.6324694156646729,9
40,98,FIG_00000041,FIG_00000099,2605.30343v1,2605.30327v1,AI,AI,0.6939154863357544,1
40,62,FIG_00000041,FIG_00000063,2605.30343v1,2605.30341v1,AI,AI,0.6791109442710876,2
40,61,FIG_00000041,FIG_00000062,2605.30343v1,2605.30341v1,AI,AI,0.634719729423523,3
40,66,FIG_00000041,FIG_00000067,2605.30343v1,2605.30341v1,AI,AI,0.6208298206329346,4
40,97,FIG_00000041,FIG_00000098,2605.30343v1,2605.30327v1,AI,AI,0.6135439276695251,5
41,46,FIG_00000042,FIG_00000047,2605.30343v1,2605.30343v1,AI,AI,0.954194962978363,1
41,93,FIG_00000042,FIG_00000094,2605.30343v1,2605.30334v1,AI,AI,0.8759568929672241,2
41,88,FIG_00000042,FIG_00000089,2605.30343v1,2605.30335v1,AI,AI,0.8609476089477539,3
41,84,FIG_00000042,FIG_00000085,2605.30343v1,2605.30335v1,AI,AI,0.8584240674972534,4
41,96,FIG_00000042,FIG_00000097,2605.30343v1,2605.30334v1,AI,AI,0.8569788336753845,5
41,47,FIG_00000042,FIG_00000048,2605.30343v1,2605.30343v1,AI,AI,0.8497830629348755,6
41,95,FIG_00000042,FIG_00000096,2605.30343v1,2605.30334v1,AI,AI,0.8457881808280945,7
41,85,FIG_00000042,FIG_00000086,2605.30343v1,2605.30335v1,AI,AI,0.8430339097976685,8
41,90,FIG_00000042,FIG_00000091,2605.30343v1,2605.30334v1,AI,AI,0.820791482925415,9
41,92,FIG_00000042,FIG_00000093,2605.30343v1,2605.30334v1,AI,AI,0.8054757118225098,10
41,42,FIG_00000042,FIG_00000043,2605.30343v1,2605.30343v1,AI,AI,0.8016001582145691,11
41,69,FIG_00000042,FIG_00000070,2605.30343v1,2605.30341v1,AI,AI,0.7763431072235107,12
41,79,FIG_00000042,FIG_00000080,2605.30343v1,2605.30341v1,AI,AI,0.7741013765335083,13
41,91,FIG_00000042,FIG_00000092,2605.30343v1,2605.30334v1,AI,AI,0.7713453769683838,14
41,78,FIG_00000042,FIG_00000079,2605.30343v1,2605.30341v1,AI,AI,0.7618487477302551,15
42,88,FIG_00000043,FIG_00000089,2605.30343v1,2605.30335v1,AI,AI,0.8868499994277954,1
42,46,FIG_00000043,FIG_00000047,2605.30343v1,2605.30343v1,AI,AI,0.8307672739028931,2
42,92,FIG_00000043,FIG_00000093,2605.30343v1,2605.30334v1,AI,AI,0.826788604259491,3
42,95,FIG_00000043,FIG_00000096,2605.30343v1,2605.30334v1,AI,AI,0.8141850233078003,4
42,93,FIG_00000043,FIG_00000094,2605.30343v1,2605.30334v1,AI,AI,0.8070931434631348,5
42,84,FIG_00000043,FIG_00000085,2605.30343v1,2605.30335v1,AI,AI,0.7976150512695312,6
42,94,FIG_00000043,FIG_00000095,2605.30343v1,2605.30334v1,AI,AI,0.7762327790260315,7
42,96,FIG_00000043,FIG_00000097,2605.30343v1,2605.30334v1,AI,AI,0.7633398771286011,8
42,47,FIG_00000043,FIG_00000048,2605.30343v1,2605.30343v1,AI,AI,0.7556345462799072,9
42,90,FIG_00000043,FIG_00000091,2605.30343v1,2605.30334v1,AI,AI,0.7458029389381409,10
42,87,FIG_00000043,FIG_00000088,2605.30343v1,2605.30335v1,AI,AI,0.7394959926605225,11
42,85,FIG_00000043,FIG_00000086,2605.30343v1,2605.30335v1,AI,AI,0.6902185678482056,12
42,86,FIG_00000043,FIG_00000087,2605.30343v1,2605.30335v1,AI,AI,0.6873557567596436,13
42,78,FIG_00000043,FIG_00000079,2605.30343v1,2605.30341v1,AI,AI,0.6862814426422119,14
43,44,FIG_00000044,FIG_00000045,2605.30343v1,2605.30343v1,AI,AI,0.771937906742096,1
43,45,FIG_00000044,FIG_00000046,2605.30343v1,2605.30343v1,AI,AI,0.6007071733474731,2
43,81,FIG_00000044,FIG_00000082,2605.30343v1,2605.30341v1,AI,AI,0.3871491551399231,3
43,91,FIG_00000044,FIG_00000092,2605.30343v1,2605.30334v1,AI,AI,0.31975817680358887,4
43,64,FIG_00000044,FIG_00000065,2605.30343v1,2605.30341v1,AI,AI,0.31176525354385376,5
43,61,FIG_00000044,FIG_00000062,2605.30343v1,2605.30341v1,AI,AI,0.291366845369339,6
43,90,FIG_00000044,FIG_00000091,2605.30343v1,2605.30334v1,AI,AI,0.2877042293548584,7
43,80,FIG_00000044,FIG_00000081,2605.30343v1,2605.30341v1,AI,AI,0.28261715173721313,8
43,93,FIG_00000044,FIG_00000094,2605.30343v1,2605.30334v1,AI,AI,0.2766436040401459,9
43,70,FIG_00000044,FIG_00000071,2605.30343v1,2605.30341v1,AI,AI,0.2759665250778198,10
44,45,FIG_00000045,FIG_00000046,2605.30343v1,2605.30343v1,AI,AI,0.5808649063110352,1
44,91,FIG_00000045,FIG_00000092,2605.30343v1,2605.30334v1,AI,AI,0.3990045189857483,2
44,90,FIG_00000045,FIG_00000091,2605.30343v1,2605.30334v1,AI,AI,0.361480712890625,3
44,81,FIG_00000045,FIG_00000082,2605.30343v1,2605.30341v1,AI,AI,0.3577548861503601,4
44,61,FIG_00000045,FIG_00000062,2605.30343v1,2605.30341v1,AI,AI,0.35390999913215637,5
44,93,FIG_00000045,FIG_00000094,2605.30343v1,2605.30334v1,AI,AI,0.34003639221191406,6
44,84,FIG_00000045,FIG_00000085,2605.30343v1,2605.30335v1,AI,AI,0.3305424749851227,7
44,47,FIG_00000045,FIG_00000048,2605.30343v1,2605.30343v1,AI,AI,0.32572463154792786,8
45,61,FIG_00000046,FIG_00000062,2605.30343v1,2605.30341v1,AI,AI,0.5469686985015869,1
45,91,FIG_00000046,FIG_00000092,2605.30343v1,2605.30334v1,AI,AI,0.540583610534668,2
45,47,FIG_00000046,FIG_00000048,2605.30343v1,2605.30343v1,AI,AI,0.5097547769546509,3
45,90,FIG_00000046,FIG_00000091,2605.30343v1,2605.30334v1,AI,AI,0.508910596370697,4
45,65,FIG_00000046,FIG_00000066,2605.30343v1,2605.30341v1,AI,AI,0.483447790145874,5
46,95,FIG_00000047,FIG_00000096,2605.30343v1,2605.30334v1,AI,AI,0.8956383466720581,1
46,93,FIG_00000047,FIG_00000094,2605.30343v1,2605.30334v1,AI,AI,0.8860291242599487,2
46,96,FIG_00000047,FIG_00000097,2605.30343v1,2605.30334v1,AI,AI,0.8838602304458618,3
46,88,FIG_00000047,FIG_00000089,2605.30343v1,2605.30335v1,AI,AI,0.8760783672332764,4
46,85,FIG_00000047,FIG_00000086,2605.30343v1,2605.30335v1,AI,AI,0.8694167137145996,5
46,47,FIG_00000047,FIG_00000048,2605.30343v1,2605.30343v1,AI,AI,0.8544918298721313,6
46,84,FIG_00000047,FIG_00000085,2605.30343v1,2605.30335v1,AI,AI,0.8495341539382935,7
46,92,FIG_00000047,FIG_00000093,2605.30343v1,2605.30334v1,AI,AI,0.8292951583862305,8
46,69,FIG_00000047,FIG_00000070,2605.30343v1,2605.30341v1,AI,AI,0.8173269033432007,9
46,90,FIG_00000047,FIG_00000091,2605.30343v1,2605.30334v1,AI,AI,0.8067771792411804,10
46,79,FIG_00000047,FIG_00000080,2605.30343v1,2605.30341v1,AI,AI,0.7728241682052612,11
46,91,FIG_00000047,FIG_00000092,2605.30343v1,2605.30334v1,AI,AI,0.7642078995704651,12
46,78,FIG_00000047,FIG_00000079,2605.30343v1,2605.30341v1,AI,AI,0.7522306442260742,13
47,92,FIG_00000048,FIG_00000093,2605.30343v1,2605.30334v1,AI,AI,0.8909004926681519,1
47,93,FIG_00000048,FIG_00000094,2605.30343v1,2605.30334v1,AI,AI,0.8896729350090027,2
47,96,FIG_00000048,FIG_00000097,2605.30343v1,2605.30334v1,AI,AI,0.887923002243042,3
47,90,FIG_00000048,FIG_00000091,2605.30343v1,2605.30334v1,AI,AI,0.8768209218978882,4
47,99,FIG_00000048,FIG_00000100,2605.30343v1,2605.30327v1,AI,AI,0.8739680051803589,5
47,95,FIG_00000048,FIG_00000096,2605.30343v1,2605.30334v1,AI,AI,0.8724743127822876,6
47,78,FIG_00000048,FIG_00000079,2605.30343v1,2605.30341v1,AI,AI,0.8723181486129761,7
47,86,FIG_00000048,FIG_00000087,2605.30343v1,2605.30335v1,AI,AI,0.8717093467712402,8
47,88,FIG_00000048,FIG_00000089,2605.30343v1,2605.30335v1,AI,AI,0.8711150884628296,9
47,84,FIG_00000048,FIG_00000085,2605.30343v1,2605.30335v1,AI,AI,0.8556829690933228,10
47,69,FIG_00000048,FIG_00000070,2605.30343v1,2605.30341v1,AI,AI,0.8364202976226807,11
47,68,FIG_00000048,FIG_00000069,2605.30343v1,2605.30341v1,AI,AI,0.8262848854064941,12
48,59,FIG_00000049,FIG_00000060,2605.30341v1,2605.30341v1,AI,AI,0.4086413085460663,1
48,63,FIG_00000049,FIG_00000064,2605.30341v1,2605.30341v1,AI,AI,0.14113226532936096,2
48,56,FIG_00000049,FIG_00000057,2605.30341v1,2605.30341v1,AI,AI,0.10946875065565109,3
48,64,FIG_00000049,FIG_00000065,2605.30341v1,2605.30341v1,AI,AI,0.10843455791473389,4
48,81,FIG_00000049,FIG_00000082,2605.30341v1,2605.30341v1,AI,AI,0.10214225947856903,5
48,70,FIG_00000049,FIG_00000071,2605.30341v1,2605.30341v1,AI,AI,0.10005179792642593,6
48,75,FIG_00000049,FIG_00000076,2605.30341v1,2605.30341v1,AI,AI,0.09923379123210907,7
48,52,FIG_00000049,FIG_00000053,2605.30341v1,2605.30341v1,AI,AI,0.09383156895637512,8
48,53,FIG_00000049,FIG_00000054,2605.30341v1,2605.30341v1,AI,AI,0.09251157939434052,9
48,73,FIG_00000049,FIG_00000074,2605.30341v1,2605.30341v1,AI,AI,0.09126459062099457,10
48,80,FIG_00000049,FIG_00000081,2605.30341v1,2605.30341v1,AI,AI,0.09057158976793289,11
48,60,FIG_00000049,FIG_00000061,2605.30341v1,2605.30341v1,AI,AI,0.08698200434446335,12
48,71,FIG_00000049,FIG_00000072,2605.30341v1,2605.30341v1,AI,AI,0.07847124338150024,13
48,77,FIG_00000049,FIG_00000078,2605.30341v1,2605.30341v1,AI,AI,0.07296524941921234,14
48,57,FIG_00000049,FIG_00000058,2605.30341v1,2605.30341v1,AI,AI,0.07039137184619904,15
48,58,FIG_00000049,FIG_00000059,2605.30341v1,2605.30341v1,AI,AI,0.06403384357690811,16
48,95,FIG_00000049,FIG_00000096,2605.30341v1,2605.30334v1,AI,AI,0.06106316298246384,17
48,69,FIG_00000049,FIG_00000070,2605.30341v1,2605.30341v1,AI,AI,0.060685403645038605,18
49,57,FIG_00000050,FIG_00000058,2605.30341v1,2605.30341v1,AI,AI,0.13770484924316406,1
49,70,FIG_00000050,FIG_00000071,2605.30341v1,2605.30341v1,AI,AI,0.12997102737426758,2
49,52,FIG_00000050,FIG_00000053,2605.30341v1,2605.30341v1,AI,AI,0.1284330189228058,3
49,56,FIG_00000050,FIG_00000057,2605.30341v1,2605.30341v1,AI,AI,0.10425358265638351,4
49,80,FIG_00000050,FIG_00000081,2605.30341v1,2605.30341v1,AI,AI,0.08753667026758194,5
49,71,FIG_00000050,FIG_00000072,2605.30341v1,2605.30341v1,AI,AI,0.086041659116745,6
49,77,FIG_00000050,FIG_00000078,2605.30341v1,2605.30341v1,AI,AI,0.08156272768974304,7
49,61,FIG_00000050,FIG_00000062,2605.30341v1,2605.30341v1,AI,AI,0.07973041385412216,8
49,81,FIG_00000050,FIG_00000082,2605.30341v1,2605.30341v1,AI,AI,0.07620899379253387,9
49,67,FIG_00000050,FIG_00000068,2605.30341v1,2605.30341v1,AI,AI,0.07556204497814178,10
49,64,FIG_00000050,FIG_00000065,2605.30341v1,2605.30341v1,AI,AI,0.07376056909561157,11
49,55,FIG_00000050,FIG_00000056,2605.30341v1,2605.30341v1,AI,AI,0.07083363831043243,12
50,58,FIG_00000051,FIG_00000059,2605.30341v1,2605.30341v1,AI,AI,0.14359278976917267,1
50,64,FIG_00000051,FIG_00000065,2605.30341v1,2605.30341v1,AI,AI,0.14073161780834198,2
50,80,FIG_00000051,FIG_00000081,2605.30341v1,2605.30341v1,AI,AI,0.1310553252696991,3
50,81,FIG_00000051,FIG_00000082,2605.30341v1,2605.30341v1,AI,AI,0.11671362817287445,4
50,54,FIG_00000051,FIG_00000055,2605.30341v1,2605.30341v1,AI,AI,0.11656336486339569,5
50,56,FIG_00000051,FIG_00000057,2605.30341v1,2605.30341v1,AI,AI,0.10778957605361938,6
50,70,FIG_00000051,FIG_00000071,2605.30341v1,2605.30341v1,AI,AI,0.10215754806995392,7
50,57,FIG_00000051,FIG_00000058,2605.30341v1,2605.30341v1,AI,AI,0.0963943749666214,8
50,74,FIG_00000051,FIG_00000075,2605.30341v1,2605.30341v1,AI,AI,0.09306605160236359,9
50,55,FIG_00000051,FIG_00000056,2605.30341v1,2605.30341v1,AI,AI,0.08094500005245209,10
50,52,FIG_00000051,FIG_00000053,2605.30341v1,2605.30341v1,AI,AI,0.0655277892947197,11
50,63,FIG_00000051,FIG_00000064,2605.30341v1,2605.30341v1,AI,AI,0.062042079865932465,12
50,73,FIG_00000051,FIG_00000074,2605.30341v1,2605.30341v1,AI,AI,0.050225630402565,13
50,60,FIG_00000051,FIG_00000061,2605.30341v1,2605.30341v1,AI,AI,0.049913059920072556,14
51,63,FIG_00000052,FIG_00000064,2605.30341v1,2605.30341v1,AI,AI,0.3694974184036255,1
51,54,FIG_00000052,FIG_00000055,2605.30341v1,2605.30341v1,AI,AI,0.16304275393486023,2
51,59,FIG_00000052,FIG_00000060,2605.30341v1,2605.30341v1,AI,AI,0.14364148676395416,3
51,76,FIG_00000052,FIG_00000077,2605.30341v1,2605.30341v1,AI,AI,0.11367132514715195,4
51,55,FIG_00000052,FIG_00000056,2605.30341v1,2605.30341v1,AI,AI,0.10886142402887344,5
51,64,FIG_00000052,FIG_00000065,2605.30341v1,2605.30341v1,AI,AI,0.10571490228176117,6
51,70,FIG_00000052,FIG_00000071,2605.30341v1,2605.30341v1,AI,AI,0.10407359898090363,7
51,56,FIG_00000052,FIG_00000057,2605.30341v1,2605.30341v1,AI,AI,0.10131111741065979,8
51,60,FIG_00000052,FIG_00000061,2605.30341v1,2605.30341v1,AI,AI,0.09124591946601868,9
51,75,FIG_00000052,FIG_00000076,2605.30341v1,2605.30341v1,AI,AI,0.08410946279764175,10
51,52,FIG_00000052,FIG_00000053,2605.30341v1,2605.30341v1,AI,AI,0.07973934710025787,11
51,81,FIG_00000052,FIG_00000082,2605.30341v1,2605.30341v1,AI,AI,0.07844647765159607,12
51,57,FIG_00000052,FIG_00000058,2605.30341v1,2605.30341v1,AI,AI,0.06783438473939896,13
51,82,FIG_00000052,FIG_00000083,2605.30341v1,2605.30341v1,AI,AI,0.06567025184631348,14
51,53,FIG_00000052,FIG_00000054,2605.30341v1,2605.30341v1,AI,AI,0.06405322253704071,15
51,80,FIG_00000052,FIG_00000081,2605.30341v1,2605.30341v1,AI,AI,0.06258909404277802,16
51,58,FIG_00000052,FIG_00000059,2605.30341v1,2605.30341v1,AI,AI,0.05491453409194946,17
52,75,FIG_00000053,FIG_00000076,2605.30341v1,2605.30341v1,AI,AI,0.31217092275619507,1
52,56,FIG_00000053,FIG_00000057,2605.30341v1,2605.30341v1,AI,AI,0.24504731595516205,2
52,71,FIG_00000053,FIG_00000072,2605.30341v1,2605.30341v1,AI,AI,0.22132986783981323,3
52,57,FIG_00000053,FIG_00000058,2605.30341v1,2605.30341v1,AI,AI,0.22124344110488892,4
52,70,FIG_00000053,FIG_00000071,2605.30341v1,2605.30341v1,AI,AI,0.21036866307258606,5
52,64,FIG_00000053,FIG_00000065,2605.30341v1,2605.30341v1,AI,AI,0.2073366641998291,6
52,81,FIG_00000053,FIG_00000082,2605.30341v1,2605.30341v1,AI,AI,0.2047782838344574,7
52,54,FIG_00000053,FIG_00000055,2605.30341v1,2605.30341v1,AI,AI,0.19731362164020538,8
52,55,FIG_00000053,FIG_00000056,2605.30341v1,2605.30341v1,AI,AI,0.1603914499282837,9
52,59,FIG_00000053,FIG_00000060,2605.30341v1,2605.30341v1,AI,AI,0.15942583978176117,10
52,80,FIG_00000053,FIG_00000081,2605.30341v1,2605.30341v1,AI,AI,0.1542815864086151,11
52,63,FIG_00000053,FIG_00000064,2605.30341v1,2605.30341v1,AI,AI,0.14706221222877502,12
52,53,FIG_00000053,FIG_00000054,2605.30341v1,2605.30341v1,AI,AI,0.1425844430923462,13
52,74,FIG_00000053,FIG_00000075,2605.30341v1,2605.30341v1,AI,AI,0.139470636844635,14
52,60,FIG_00000053,FIG_00000061,2605.30341v1,2605.30341v1,AI,AI,0.1333712339401245,15
52,77,FIG_00000053,FIG_00000078,2605.30341v1,2605.30341v1,AI,AI,0.09750745445489883,16
53,81,FIG_00000054,FIG_00000082,2605.30341v1,2605.30341v1,AI,AI,0.155961275100708,1
53,80,FIG_00000054,FIG_00000081,2605.30341v1,2605.30341v1,AI,AI,0.13583704829216003,2
53,64,FIG_00000054,FIG_00000065,2605.30341v1,2605.30341v1,AI,AI,0.13056783378124237,3
53,63,FIG_00000054,FIG_00000064,2605.30341v1,2605.30341v1,AI,AI,0.12994384765625,4
53,71,FIG_00000054,FIG_00000072,2605.30341v1,2605.30341v1,AI,AI,0.12887564301490784,5
53,57,FIG_00000054,FIG_00000058,2605.30341v1,2605.30341v1,AI,AI,0.11215528845787048,6
53,70,FIG_00000054,FIG_00000071,2605.30341v1,2605.30341v1,AI,AI,0.09380487352609634,7
53,60,FIG_00000054,FIG_00000061,2605.30341v1,2605.30341v1,AI,AI,0.08783245831727982,8
53,59,FIG_00000054,FIG_00000060,2605.30341v1,2605.30341v1,AI,AI,0.08417972922325134,9
53,56,FIG_00000054,FIG_00000057,2605.30341v1,2605.30341v1,AI,AI,0.08248630166053772,10
53,75,FIG_00000054,FIG_00000076,2605.30341v1,2605.30341v1,AI,AI,0.07738864421844482,11
53,77,FIG_00000054,FIG_00000078,2605.30341v1,2605.30341v1,AI,AI,0.07377640157938004,12
53,82,FIG_00000054,FIG_00000083,2605.30341v1,2605.30341v1,AI,AI,0.06778077781200409,13
53,73,FIG_00000054,FIG_00000074,2605.30341v1,2605.30341v1,AI,AI,0.06718513369560242,14
54,70,FIG_00000055,FIG_00000071,2605.30341v1,2605.30341v1,AI,AI,0.28323930501937866,1
54,81,FIG_00000055,FIG_00000082,2605.30341v1,2605.30341v1,AI,AI,0.26326489448547363,2
54,64,FIG_00000055,FIG_00000065,2605.30341v1,2605.30341v1,AI,AI,0.24108976125717163,3
54,56,FIG_00000055,FIG_00000057,2605.30341v1,2605.30341v1,AI,AI,0.17646817862987518,4
54,75,FIG_00000055,FIG_00000076,2605.30341v1,2605.30341v1,AI,AI,0.17035607993602753,5
54,80,FIG_00000055,FIG_00000081,2605.30341v1,2605.30341v1,AI,AI,0.15869538486003876,6
54,57,FIG_00000055,FIG_00000058,2605.30341v1,2605.30341v1,AI,AI,0.13344541192054749,7
54,71,FIG_00000055,FIG_00000072,2605.30341v1,2605.30341v1,AI,AI,0.11856959760189056,8
54,76,FIG_00000055,FIG_00000077,2605.30341v1,2605.30341v1,AI,AI,0.11424057185649872,9
54,63,FIG_00000055,FIG_00000064,2605.30341v1,2605.30341v1,AI,AI,0.10853123664855957,10
54,59,FIG_00000055,FIG_00000060,2605.30341v1,2605.30341v1,AI,AI,0.10771766304969788,11
54,60,FIG_00000055,FIG_00000061,2605.30341v1,2605.30341v1,AI,AI,0.09052280336618423,12
55,71,FIG_00000056,FIG_00000072,2605.30341v1,2605.30341v1,AI,AI,0.10417278110980988,1
55,56,FIG_00000056,FIG_00000057,2605.30341v1,2605.30341v1,AI,AI,0.08949180692434311,2
55,70,FIG_00000056,FIG_00000071,2605.30341v1,2605.30341v1,AI,AI,0.08886685222387314,3
55,76,FIG_00000056,FIG_00000077,2605.30341v1,2605.30341v1,AI,AI,0.08537496626377106,4
55,75,FIG_00000056,FIG_00000076,2605.30341v1,2605.30341v1,AI,AI,0.07243318110704422,5
55,72,FIG_00000056,FIG_00000073,2605.30341v1,2605.30341v1,AI,AI,0.06911195814609528,6
55,64,FIG_00000056,FIG_00000065,2605.30341v1,2605.30341v1,AI,AI,0.05842744559049606,7
55,63,FIG_00000056,FIG_00000064,2605.30341v1,2605.30341v1,AI,AI,0.058222994208335876,8
55,57,FIG_00000056,FIG_00000058,2605.30341v1,2605.30341v1,AI,AI,0.05698610842227936,9
55,81,FIG_00000056,FIG_00000082,2605.30341v1,2605.30341v1,AI,AI,0.0561317503452301,10
55,74,FIG_00000056,FIG_00000075,2605.30341v1,2605.30341v1,AI,AI,0.03959932178258896,11
56,80,FIG_00000057,FIG_00000081,2605.30341v1,2605.30341v1,AI,AI,0.31591516733169556,1
56,70,FIG_00000057,FIG_00000071,2605.30341v1,2605.30341v1,AI,AI,0.2954791188240051,2
56,57,FIG_00000057,FIG_00000058,2605.30341v1,2605.30341v1,AI,AI,0.2852087616920471,3
56,81,FIG_00000057,FIG_00000082,2605.30341v1,2605.30341v1,AI,AI,0.2577248215675354,4
56,64,FIG_00000057,FIG_00000065,2605.30341v1,2605.30341v1,AI,AI,0.24912402033805847,5
56,77,FIG_00000057,FIG_00000078,2605.30341v1,2605.30341v1,AI,AI,0.23500925302505493,6
56,75,FIG_00000057,FIG_00000076,2605.30341v1,2605.30341v1,AI,AI,0.2277994155883789,7
56,63,FIG_00000057,FIG_00000064,2605.30341v1,2605.30341v1,AI,AI,0.20732241868972778,8
56,59,FIG_00000057,FIG_00000060,2605.30341v1,2605.30341v1,AI,AI,0.19325734674930573,9
56,71,FIG_00000057,FIG_00000072,2605.30341v1,2605.30341v1,AI,AI,0.18261027336120605,10
56,74,FIG_00000057,FIG_00000075,2605.30341v1,2605.30341v1,AI,AI,0.17562194168567657,11
56,76,FIG_00000057,FIG_00000077,2605.30341v1,2605.30341v1,AI,AI,0.15645524859428406,12
56,60,FIG_00000057,FIG_00000061,2605.30341v1,2605.30341v1,AI,AI,0.15480747818946838,13
56,73,FIG_00000057,FIG_00000074,2605.30341v1,2605.30341v1,AI,AI,0.13866451382637024,14
57,71,FIG_00000058,FIG_00000072,2605.30341v1,2605.30341v1,AI,AI,0.25436174869537354,1
57,80,FIG_00000058,FIG_00000081,2605.30341v1,2605.30341v1,AI,AI,0.2524110972881317,2
57,64,FIG_00000058,FIG_00000065,2605.30341v1,2605.30341v1,AI,AI,0.21945485472679138,3
57,81,FIG_00000058,FIG_00000082,2605.30341v1,2605.30341v1,AI,AI,0.20223453640937805,4
57,63,FIG_00000058,FIG_00000064,2605.30341v1,2605.30341v1,AI,AI,0.2010413408279419,5
57,70,FIG_00000058,FIG_00000071,2605.30341v1,2605.30341v1,AI,AI,0.1909199059009552,6
57,75,FIG_00000058,FIG_00000076,2605.30341v1,2605.30341v1,AI,AI,0.18766793608665466,7
57,59,FIG_00000058,FIG_00000060,2605.30341v1,2605.30341v1,AI,AI,0.1540919542312622,8
57,77,FIG_00000058,FIG_00000078,2605.30341v1,2605.30341v1,AI,AI,0.1484736204147339,9
57,60,FIG_00000058,FIG_00000061,2605.30341v1,2605.30341v1,AI,AI,0.14249055087566376,10
57,74,FIG_00000058,FIG_00000075,2605.30341v1,2605.30341v1,AI,AI,0.13243593275547028,11
58,63,FIG_00000059,FIG_00000064,2605.30341v1,2605.30341v1,AI,AI,0.09392997622489929,1
58,80,FIG_00000059,FIG_00000081,2605.30341v1,2605.30341v1,AI,AI,0.08537647128105164,2
58,81,FIG_00000059,FIG_00000082,2605.30341v1,2605.30341v1,AI,AI,0.08500827848911285,3
58,72,FIG_00000059,FIG_00000073,2605.30341v1,2605.30341v1,AI,AI,0.08412717282772064,4
58,71,FIG_00000059,FIG_00000072,2605.30341v1,2605.30341v1,AI,AI,0.07850576192140579,5
58,60,FIG_00000059,FIG_00000061,2605.30341v1,2605.30341v1,AI,AI,0.07700188457965851,6
58,64,FIG_00000059,FIG_00000065,2605.30341v1,2605.30341v1,AI,AI,0.06756755709648132,7
58,62,FIG_00000059,FIG_00000063,2605.30341v1,2605.30341v1,AI,AI,0.060638584196567535,8
58,59,FIG_00000059,FIG_00000060,2605.30341v1,2605.30341v1,AI,AI,0.05804894492030144,9
59,60,FIG_00000060,FIG_00000061,2605.30341v1,2605.30341v1,AI,AI,0.2988717555999756,1
59,81,FIG_00000060,FIG_00000082,2605.30341v1,2605.30341v1,AI,AI,0.26938319206237793,2
59,63,FIG_00000060,FIG_00000064,2605.30341v1,2605.30341v1,AI,AI,0.23308342695236206,3
59,80,FIG_00000060,FIG_00000081,2605.30341v1,2605.30341v1,AI,AI,0.2099325954914093,4
59,70,FIG_00000060,FIG_00000071,2605.30341v1,2605.30341v1,AI,AI,0.2033868283033371,5
59,64,FIG_00000060,FIG_00000065,2605.30341v1,2605.30341v1,AI,AI,0.1980205476284027,6
59,71,FIG_00000060,FIG_00000072,2605.30341v1,2605.30341v1,AI,AI,0.15998120605945587,7
59,75,FIG_00000060,FIG_00000076,2605.30341v1,2605.30341v1,AI,AI,0.14263153076171875,8
59,76,FIG_00000060,FIG_00000077,2605.30341v1,2605.30341v1,AI,AI,0.09421899914741516,9
60,72,FIG_00000061,FIG_00000073,2605.30341v1,2605.30341v1,AI,AI,0.16505351662635803,1
60,81,FIG_00000061,FIG_00000082,2605.30341v1,2605.30341v1,AI,AI,0.12993034720420837,2
60,70,FIG_00000061,FIG_00000071,2605.30341v1,2605.30341v1,AI,AI,0.10180847346782684,3
60,63,FIG_00000061,FIG_00000064,2605.30341v1,2605.30341v1,AI,AI,0.09934576600790024,4
60,80,FIG_00000061,FIG_00000081,2605.30341v1,2605.30341v1,AI,AI,0.0958421528339386,5
60,64,FIG_00000061,FIG_00000065,2605.30341v1,2605.30341v1,AI,AI,0.08873215317726135,6
60,75,FIG_00000061,FIG_00000076,2605.30341v1,2605.30341v1,AI,AI,0.08786402642726898,7
60,71,FIG_00000061,FIG_00000072,2605.30341v1,2605.30341v1,AI,AI,0.0812780037522316,8
60,76,FIG_00000061,FIG_00000077,2605.30341v1,2605.30341v1,AI,AI,0.07507497072219849,9
61,91,FIG_00000062,FIG_00000092,2605.30341v1,2605.30334v1,AI,AI,0.7826361656188965,1
61,90,FIG_00000062,FIG_00000091,2605.30341v1,2605.30334v1,AI,AI,0.7621495723724365,2
61,96,FIG_00000062,FIG_00000097,2605.30341v1,2605.30334v1,AI,AI,0.7318581342697144,3
61,99,FIG_00000062,FIG_00000100,2605.30341v1,2605.30327v1,AI,AI,0.7302361726760864,4
61,67,FIG_00000062,FIG_00000068,2605.30341v1,2605.30341v1,AI,AI,0.7178854942321777,5
61,66,FIG_00000062,FIG_00000067,2605.30341v1,2605.30341v1,AI,AI,0.702346682548523,6
61,93,FIG_00000062,FIG_00000094,2605.30341v1,2605.30334v1,AI,AI,0.6864046454429626,7
61,86,FIG_00000062,FIG_00000087,2605.30341v1,2605.30335v1,AI,AI,0.6798514127731323,8
62,91,FIG_00000063,FIG_00000092,2605.30341v1,2605.30334v1,AI,AI,0.5396782755851746,1
63,80,FIG_00000064,FIG_00000081,2605.30341v1,2605.30341v1,AI,AI,0.5275816917419434,1
63,64,FIG_00000064,FIG_00000065,2605.30341v1,2605.30341v1,AI,AI,0.382132887840271,2
63,81,FIG_00000064,FIG_00000082,2605.30341v1,2605.30341v1,AI,AI,0.378835529088974,3
63,70,FIG_00000064,FIG_00000071,2605.30341v1,2605.30341v1,AI,AI,0.3341907262802124,4
63,77,FIG_00000064,FIG_00000078,2605.30341v1,2605.30341v1,AI,AI,0.189438596367836,5
63,75,FIG_00000064,FIG_00000076,2605.30341v1,2605.30341v1,AI,AI,0.18012964725494385,6
63,73,FIG_00000064,FIG_00000074,2605.30341v1,2605.30341v1,AI,AI,0.12492189556360245,7
63,74,FIG_00000064,FIG_00000075,2605.30341v1,2605.30341v1,AI,AI,0.12024432420730591,8
64,81,FIG_00000065,FIG_00000082,2605.30341v1,2605.30341v1,AI,AI,0.7045557498931885,1
64,80,FIG_00000065,FIG_00000081,2605.30341v1,2605.30341v1,AI,AI,0.6857048273086548,2
64,70,FIG_00000065,FIG_00000071,2605.30341v1,2605.30341v1,AI,AI,0.6830726861953735,3
64,77,FIG_00000065,FIG_00000078,2605.30341v1,2605.30341v1,AI,AI,0.18349167704582214,4
64,71,FIG_00000065,FIG_00000072,2605.30341v1,2605.30341v1,AI,AI,0.16917972266674042,5
64,73,FIG_00000065,FIG_00000074,2605.30341v1,2605.30341v1,AI,AI,0.15676331520080566,6
64,75,FIG_00000065,FIG_00000076,2605.30341v1,2605.30341v1,AI,AI,0.13983413577079773,7
65,87,FIG_00000066,FIG_00000088,2605.30341v1,2605.30335v1,AI,AI,0.7970637679100037,1
65,78,FIG_00000066,FIG_00000079,2605.30341v1,2605.30341v1,AI,AI,0.7884031534194946,2
65,89,FIG_00000066,FIG_00000090,2605.30341v1,2605.30335v1,AI,AI,0.7881473302841187,3
65,90,FIG_00000066,FIG_00000091,2605.30341v1,2605.30334v1,AI,AI,0.7788810133934021,4
65,84,FIG_00000066,FIG_00000085,2605.30341v1,2605.30335v1,AI,AI,0.7644317150115967,5
65,99,FIG_00000066,FIG_00000100,2605.30341v1,2605.30327v1,AI,AI,0.7560539245605469,6
65,86,FIG_00000066,FIG_00000087,2605.30341v1,2605.30335v1,AI,AI,0.7257720828056335,7
65,92,FIG_00000066,FIG_00000093,2605.30341v1,2605.30334v1,AI,AI,0.7181854248046875,8
65,93,FIG_00000066,FIG_00000094,2605.30341v1,2605.30334v1,AI,AI,0.7123339176177979,9
65,67,FIG_00000066,FIG_00000068,2605.30341v1,2605.30341v1,AI,AI,0.7051124572753906,10
65,66,FIG_00000066,FIG_00000067,2605.30341v1,2605.30341v1,AI,AI,0.7043449878692627,11
66,68,FIG_00000067,FIG_00000069,2605.30341v1,2605.30341v1,AI,AI,0.9025207757949829,1
66,99,FIG_00000067,FIG_00000100,2605.30341v1,2605.30327v1,AI,AI,0.8517762422561646,2
66,83,FIG_00000067,FIG_00000084,2605.30341v1,2605.30335v1,AI,AI,0.817625880241394,3
66,97,FIG_00000067,FIG_00000098,2605.30341v1,2605.30327v1,AI,AI,0.7859537601470947,4
66,67,FIG_00000067,FIG_00000068,2605.30341v1,2605.30341v1,AI,AI,0.7781760096549988,5
66,86,FIG_00000067,FIG_00000087,2605.30341v1,2605.30335v1,AI,AI,0.7434163093566895,6
66,96,FIG_00000067,FIG_00000097,2605.30341v1,2605.30334v1,AI,AI,0.7309079170227051,7
66,91,FIG_00000067,FIG_00000092,2605.30341v1,2605.30334v1,AI,AI,0.7216720581054688,8
66,89,FIG_00000067,FIG_00000090,2605.30341v1,2605.30335v1,AI,AI,0.7082661390304565,9
66,69,FIG_00000067,FIG_00000070,2605.30341v1,2605.30341v1,AI,AI,0.7049456834793091,10
66,78,FIG_00000067,FIG_00000079,2605.30341v1,2605.30341v1,AI,AI,0.7024824619293213,11
67,79,FIG_00000068,FIG_00000080,2605.30341v1,2605.30341v1,AI,AI,0.8373823165893555,1
67,68,FIG_00000068,FIG_00000069,2605.30341v1,2605.30341v1,AI,AI,0.7642988562583923,2
67,99,FIG_00000068,FIG_00000100,2605.30341v1,2605.30327v1,AI,AI,0.7642737030982971,3
67,96,FIG_00000068,FIG_00000097,2605.30341v1,2605.30334v1,AI,AI,0.7505087852478027,4
67,91,FIG_00000068,FIG_00000092,2605.30341v1,2605.30334v1,AI,AI,0.7480475902557373,5
67,69,FIG_00000068,FIG_00000070,2605.30341v1,2605.30341v1,AI,AI,0.74177485704422,6
67,78,FIG_00000068,FIG_00000079,2605.30341v1,2605.30341v1,AI,AI,0.7150885462760925,7
67,90,FIG_00000068,FIG_00000091,2605.30341v1,2605.30334v1,AI,AI,0.7101934552192688,8
67,93,FIG_00000068,FIG_00000094,2605.30341v1,2605.30334v1,AI,AI,0.7011985182762146,9
68,83,FIG_00000069,FIG_00000084,2605.30341v1,2605.30335v1,AI,AI,0.9079436659812927,1
68,99,FIG_00000069,FIG_00000100,2605.30341v1,2605.30327v1,AI,AI,0.8724008798599243,2
68,86,FIG_00000069,FIG_00000087,2605.30341v1,2605.30335v1,AI,AI,0.8149337768554688,3
68,97,FIG_00000069,FIG_00000098,2605.30341v1,2605.30327v1,AI,AI,0.7612733840942383,4
68,89,FIG_00000069,FIG_00000090,2605.30341v1,2605.30335v1,AI,AI,0.7553055286407471,5
68,69,FIG_00000069,FIG_00000070,2605.30341v1,2605.30341v1,AI,AI,0.7541452050209045,6
68,87,FIG_00000069,FIG_00000088,2605.30341v1,2605.30335v1,AI,AI,0.7485131621360779,7
68,78,FIG_00000069,FIG_00000079,2605.30341v1,2605.30341v1,AI,AI,0.7456672787666321,8
68,96,FIG_00000069,FIG_00000097,2605.30341v1,2605.30334v1,AI,AI,0.7418357133865356,9
69,95,FIG_00000070,FIG_00000096,2605.30341v1,2605.30334v1,AI,AI,0.886161744594574,1
69,85,FIG_00000070,FIG_00000086,2605.30341v1,2605.30335v1,AI,AI,0.8598345518112183,2
69,93,FIG_00000070,FIG_00000094,2605.30341v1,2605.30334v1,AI,AI,0.804767370223999,3
69,96,FIG_00000070,FIG_00000097,2605.30341v1,2605.30334v1,AI,AI,0.8034757375717163,4
69,92,FIG_00000070,FIG_00000093,2605.30341v1,2605.30334v1,AI,AI,0.7971817255020142,5
69,99,FIG_00000070,FIG_00000100,2605.30341v1,2605.30327v1,AI,AI,0.7577658295631409,6
69,88,FIG_00000070,FIG_00000089,2605.30341v1,2605.30335v1,AI,AI,0.7575199604034424,7
69,84,FIG_00000070,FIG_00000085,2605.30341v1,2605.30335v1,AI,AI,0.7483254075050354,8
69,79,FIG_00000070,FIG_00000080,2605.30341v1,2605.30341v1,AI,AI,0.7397878170013428,9
69,90,FIG_00000070,FIG_00000091,2605.30341v1,2605.30334v1,AI,AI,0.737643301486969,10
69,91,FIG_00000070,FIG_00000092,2605.30341v1,2605.30334v1,AI,AI,0.7375911474227905,11
70,81,FIG_00000071,FIG_00000082,2605.30341v1,2605.30341v1,AI,AI,0.6394901871681213,1
70,80,FIG_00000071,FIG_00000081,2605.30341v1,2605.30341v1,AI,AI,0.6040095686912537,2
70,77,FIG_00000071,FIG_00000078,2605.30341v1,2605.30341v1,AI,AI,0.16964410245418549,3
70,75,FIG_00000071,FIG_00000076,2605.30341v1,2605.30341v1,AI,AI,0.16187259554862976,4
70,71,FIG_00000071,FIG_00000072,2605.30341v1,2605.30341v1,AI,AI,0.15810206532478333,5
70,73,FIG_00000071,FIG_00000074,2605.30341v1,2605.30341v1,AI,AI,0.11121581494808197,6
71,81,FIG_00000072,FIG_00000082,2605.30341v1,2605.30341v1,AI,AI,0.20404043793678284,1
71,75,FIG_00000072,FIG_00000076,2605.30341v1,2605.30341v1,AI,AI,0.1609427034854889,2
71,73,FIG_00000072,FIG_00000074,2605.30341v1,2605.30341v1,AI,AI,0.13290375471115112,3
71,80,FIG_00000072,FIG_00000081,2605.30341v1,2605.30341v1,AI,AI,0.13152632117271423,4
71,74,FIG_00000072,FIG_00000075,2605.30341v1,2605.30341v1,AI,AI,0.11616925895214081,5
71,76,FIG_00000072,FIG_00000077,2605.30341v1,2605.30341v1,AI,AI,0.10077360272407532,6
71,77,FIG_00000072,FIG_00000078,2605.30341v1,2605.30341v1,AI,AI,0.0856669694185257,7
72,81,FIG_00000073,FIG_00000082,2605.30341v1,2605.30341v1,AI,AI,0.09363685548305511,1
73,75,FIG_00000074,FIG_00000076,2605.30341v1,2605.30341v1,AI,AI,0.12699320912361145,1
73,81,FIG_00000074,FIG_00000082,2605.30341v1,2605.30341v1,AI,AI,0.12164120376110077,2
73,80,FIG_00000074,FIG_00000081,2605.30341v1,2605.30341v1,AI,AI,0.10833090543746948,3
73,77,FIG_00000074,FIG_00000078,2605.30341v1,2605.30341v1,AI,AI,0.059465792030096054,4
73,76,FIG_00000074,FIG_00000077,2605.30341v1,2605.30341v1,AI,AI,0.05715573579072952,5
73,74,FIG_00000074,FIG_00000075,2605.30341v1,2605.30341v1,AI,AI,0.052262648940086365,6
74,75,FIG_00000075,FIG_00000076,2605.30341v1,2605.30341v1,AI,AI,0.12840864062309265,1
74,77,FIG_00000075,FIG_00000078,2605.30341v1,2605.30341v1,AI,AI,0.11946971714496613,2
74,80,FIG_00000075,FIG_00000081,2605.30341v1,2605.30341v1,AI,AI,0.09310350567102432,3
74,81,FIG_00000075,FIG_00000082,2605.30341v1,2605.30341v1,AI,AI,0.0719209611415863,4
74,76,FIG_00000075,FIG_00000077,2605.30341v1,2605.30341v1,AI,AI,0.061569102108478546,5
75,81,FIG_00000076,FIG_00000082,2605.30341v1,2605.30341v1,AI,AI,0.18648141622543335,1
75,80,FIG_00000076,FIG_00000081,2605.30341v1,2605.30341v1,AI,AI,0.13768525421619415,2
76,99,FIG_00000077,FIG_00000100,2605.30341v1,2605.30327v1,AI,AI,0.10838393867015839,1
76,89,FIG_00000077,FIG_00000090,2605.30341v1,2605.30335v1,AI,AI,0.10824789106845856,2
76,77,FIG_00000077,FIG_00000078,2605.30341v1,2605.30341v1,AI,AI,0.08942774683237076,3
77,80,FIG_00000078,FIG_00000081,2605.30341v1,2605.30341v1,AI,AI,0.20682284235954285,1
77,81,FIG_00000078,FIG_00000082,2605.30341v1,2605.30341v1,AI,AI,0.11910119652748108,2
77,90,FIG_00000078,FIG_00000091,2605.30341v1,2605.30334v1,AI,AI,0.10710938274860382,3
77,91,FIG_00000078,FIG_00000092,2605.30341v1,2605.30334v1,AI,AI,0.10515210032463074,4
78,87,FIG_00000079,FIG_00000088,2605.30341v1,2605.30335v1,AI,AI,0.8705682754516602,1
78,90,FIG_00000079,FIG_00000091,2605.30341v1,2605.30334v1,AI,AI,0.8580223917961121,2
78,89,FIG_00000079,FIG_00000090,2605.30341v1,2605.30335v1,AI,AI,0.841029167175293,3
78,88,FIG_00000079,FIG_00000089,2605.30341v1,2605.30335v1,AI,AI,0.8297184705734253,4
78,84,FIG_00000079,FIG_00000085,2605.30341v1,2605.30335v1,AI,AI,0.8254879713058472,5
78,92,FIG_00000079,FIG_00000093,2605.30341v1,2605.30334v1,AI,AI,0.8243291974067688,6
78,86,FIG_00000079,FIG_00000087,2605.30341v1,2605.30335v1,AI,AI,0.8160778284072876,7
78,93,FIG_00000079,FIG_00000094,2605.30341v1,2605.30334v1,AI,AI,0.808193564414978,8
78,94,FIG_00000079,FIG_00000095,2605.30341v1,2605.30334v1,AI,AI,0.7872563600540161,9
78,83,FIG_00000079,FIG_00000084,2605.30341v1,2605.30335v1,AI,AI,0.7832099199295044,10
78,96,FIG_00000079,FIG_00000097,2605.30341v1,2605.30334v1,AI,AI,0.7821722030639648,11
79,85,FIG_00000080,FIG_00000086,2605.30341v1,2605.30335v1,AI,AI,0.7738474607467651,1
79,96,FIG_00000080,FIG_00000097,2605.30341v1,2605.30334v1,AI,AI,0.7208227515220642,2
79,91,FIG_00000080,FIG_00000092,2605.30341v1,2605.30334v1,AI,AI,0.7020394206047058,3
79,95,FIG_00000080,FIG_00000096,2605.30341v1,2605.30334v1,AI,AI,0.6952139139175415,4
79,84,FIG_00000080,FIG_00000085,2605.30341v1,2605.30335v1,AI,AI,0.6898536682128906,5
79,93,FIG_00000080,FIG_00000094,2605.30341v1,2605.30334v1,AI,AI,0.6806260943412781,6
79,99,FIG_00000080,FIG_00000100,2605.30341v1,2605.30327v1,AI,AI,0.6652474403381348,7
80,81,FIG_00000081,FIG_00000082,2605.30341v1,2605.30341v1,AI,AI,0.6352064609527588,1
82,94,FIG_00000083,FIG_00000095,2605.30341v1,2605.30334v1,AI,AI,0.0888848826289177,1
82,91,FIG_00000083,FIG_00000092,2605.30341v1,2605.30334v1,AI,AI,0.08776099234819412,2
82,84,FIG_00000083,FIG_00000085,2605.30341v1,2605.30335v1,AI,AI,0.08639512956142426,3
83,86,FIG_00000084,FIG_00000087,2605.30335v1,2605.30335v1,AI,AI,0.8328173160552979,1
83,99,FIG_00000084,FIG_00000100,2605.30335v1,2605.30327v1,AI,AI,0.8170766234397888,2
83,87,FIG_00000084,FIG_00000088,2605.30335v1,2605.30335v1,AI,AI,0.8084173202514648,3
83,89,FIG_00000084,FIG_00000090,2605.30335v1,2605.30335v1,AI,AI,0.7982213497161865,4
83,97,FIG_00000084,FIG_00000098,2605.30335v1,2605.30327v1,AI,AI,0.7690218687057495,5
83,92,FIG_00000084,FIG_00000093,2605.30335v1,2605.30334v1,AI,AI,0.7372524738311768,6
83,90,FIG_00000084,FIG_00000091,2605.30335v1,2605.30334v1,AI,AI,0.7245936989784241,7
84,88,FIG_00000085,FIG_00000089,2605.30335v1,2605.30335v1,AI,AI,0.9387608766555786,1
84,93,FIG_00000085,FIG_00000094,2605.30335v1,2605.30334v1,AI,AI,0.9050070643424988,2
84,92,FIG_00000085,FIG_00000093,2605.30335v1,2605.30334v1,AI,AI,0.8568869829177856,3
84,90,FIG_00000085,FIG_00000091,2605.30335v1,2605.30334v1,AI,AI,0.8461475372314453,4
84,95,FIG_00000085,FIG_00000096,2605.30335v1,2605.30334v1,AI,AI,0.825786828994751,5
84,96,FIG_00000085,FIG_00000097,2605.30335v1,2605.30334v1,AI,AI,0.8150674700737,6
84,86,FIG_00000085,FIG_00000087,2605.30335v1,2605.30335v1,AI,AI,0.793978214263916,7
84,87,FIG_00000085,FIG_00000088,2605.30335v1,2605.30335v1,AI,AI,0.7890486717224121,8
84,85,FIG_00000085,FIG_00000086,2605.30335v1,2605.30335v1,AI,AI,0.788266658782959,9
85,95,FIG_00000086,FIG_00000096,2605.30335v1,2605.30334v1,AI,AI,0.8928512334823608,1
85,96,FIG_00000086,FIG_00000097,2605.30335v1,2605.30334v1,AI,AI,0.8231834173202515,2
85,88,FIG_00000086,FIG_00000089,2605.30335v1,2605.30335v1,AI,AI,0.8090689778327942,3
85,93,FIG_00000086,FIG_00000094,2605.30335v1,2605.30334v1,AI,AI,0.8082787394523621,4
85,92,FIG_00000086,FIG_00000093,2605.30335v1,2605.30334v1,AI,AI,0.7595416903495789,5
85,90,FIG_00000086,FIG_00000091,2605.30335v1,2605.30334v1,AI,AI,0.7106372117996216,6
85,86,FIG_00000086,FIG_00000087,2605.30335v1,2605.30335v1,AI,AI,0.704567015171051,7
86,90,FIG_00000087,FIG_00000091,2605.30335v1,2605.30334v1,AI,AI,0.850652813911438,1
86,99,FIG_00000087,FIG_00000100,2605.30335v1,2605.30327v1,AI,AI,0.8454420566558838,2
86,92,FIG_00000087,FIG_00000093,2605.30335v1,2605.30334v1,AI,AI,0.8198658227920532,3
86,89,FIG_00000087,FIG_00000090,2605.30335v1,2605.30335v1,AI,AI,0.7978509664535522,4
86,88,FIG_00000087,FIG_00000089,2605.30335v1,2605.30335v1,AI,AI,0.7968993782997131,5
86,97,FIG_00000087,FIG_00000098,2605.30335v1,2605.30327v1,AI,AI,0.7966938018798828,6
86,87,FIG_00000087,FIG_00000088,2605.30335v1,2605.30335v1,AI,AI,0.7957215309143066,7
87,90,FIG_00000088,FIG_00000091,2605.30335v1,2605.30334v1,AI,AI,0.812833309173584,1
87,89,FIG_00000088,FIG_00000090,2605.30335v1,2605.30335v1,AI,AI,0.8123948574066162,2
87,94,FIG_00000088,FIG_00000095,2605.30335v1,2605.30334v1,AI,AI,0.8037245273590088,3
87,92,FIG_00000088,FIG_00000093,2605.30335v1,2605.30334v1,AI,AI,0.7982614040374756,4
87,88,FIG_00000088,FIG_00000089,2605.30335v1,2605.30335v1,AI,AI,0.790534496307373,5
88,93,FIG_00000089,FIG_00000094,2605.30335v1,2605.30334v1,AI,AI,0.915345311164856,1
88,92,FIG_00000089,FIG_00000093,2605.30335v1,2605.30334v1,AI,AI,0.8924292325973511,2
88,95,FIG_00000089,FIG_00000096,2605.30335v1,2605.30334v1,AI,AI,0.8824102282524109,3
88,96,FIG_00000089,FIG_00000097,2605.30335v1,2605.30334v1,AI,AI,0.8578100204467773,4
88,90,FIG_00000089,FIG_00000091,2605.30335v1,2605.30334v1,AI,AI,0.8326795101165771,5
88,94,FIG_00000089,FIG_00000095,2605.30335v1,2605.30334v1,AI,AI,0.7881202101707458,6
89,90,FIG_00000090,FIG_00000091,2605.30335v1,2605.30334v1,AI,AI,0.7771437168121338,1
89,99,FIG_00000090,FIG_00000100,2605.30335v1,2605.30327v1,AI,AI,0.7699311971664429,2
89,92,FIG_00000090,FIG_00000093,2605.30335v1,2605.30334v1,AI,AI,0.7507590055465698,3
90,92,FIG_00000091,FIG_00000093,2605.30334v1,2605.30334v1,AI,AI,0.8767358064651489,1
90,93,FIG_00000091,FIG_00000094,2605.30334v1,2605.30334v1,AI,AI,0.8718838095664978,2
90,91,FIG_00000091,FIG_00000092,2605.30334v1,2605.30334v1,AI,AI,0.8512314558029175,3
90,96,FIG_00000091,FIG_00000097,2605.30334v1,2605.30334v1,AI,AI,0.8174257278442383,4
90,94,FIG_00000091,FIG_00000095,2605.30334v1,2605.30334v1,AI,AI,0.8097265958786011,5
91,96,FIG_00000092,FIG_00000097,2605.30334v1,2605.30334v1,AI,AI,0.8016109466552734,1
91,93,FIG_00000092,FIG_00000094,2605.30334v1,2605.30334v1,AI,AI,0.782502293586731,2
91,99,FIG_00000092,FIG_00000100,2605.30334v1,2605.30327v1,AI,AI,0.7375991344451904,3
91,92,FIG_00000092,FIG_00000093,2605.30334v1,2605.30334v1,AI,AI,0.7246107459068298,4
92,95,FIG_00000093,FIG_00000096,2605.30334v1,2605.30334v1,AI,AI,0.9087170958518982,1
92,93,FIG_00000093,FIG_00000094,2605.30334v1,2605.30334v1,AI,AI,0.895478367805481,2
92,96,FIG_00000093,FIG_00000097,2605.30334v1,2605.30334v1,AI,AI,0.842511773109436,3
92,94,FIG_00000093,FIG_00000095,2605.30334v1,2605.30334v1,AI,AI,0.7988926768302917,4
93,95,FIG_00000094,FIG_00000096,2605.30334v1,2605.30334v1,AI,AI,0.8902649879455566,1
93,96,FIG_00000094,FIG_00000097,2605.30334v1,2605.30334v1,AI,AI,0.8902578353881836,2
93,94,FIG_00000094,FIG_00000095,2605.30334v1,2605.30334v1,AI,AI,0.7891955375671387,3
94,96,FIG_00000095,FIG_00000097,2605.30334v1,2605.30334v1,AI,AI,0.7091566920280457,1
95,96,FIG_00000096,FIG_00000097,2605.30334v1,2605.30334v1,AI,AI,0.8817116022109985,1
95,99,FIG_00000096,FIG_00000100,2605.30334v1,2605.30327v1,AI,AI,0.7342607975006104,2
96,99,FIG_00000097,FIG_00000100,2605.30334v1,2605.30327v1,AI,AI,0.7958300113677979,1
97,99,FIG_00000098,FIG_00000100,2605.30327v1,2605.30327v1,AI,AI,0.7797213792800903,1
97,98,FIG_00000098,FIG_00000099,2605.30327v1,2605.30327v1,AI,AI,0.6969105005264282,2
